Date,Exercise,Category,Weight,Weight Unit,Reps,Distance,Distance Unit,Time,Comment
2024-11-08,Leg Press,Legs,125.0,kgs,12,,,,""
2024-11-08,Leg Press,Legs,125.0,kgs,12,,,,""
2024-11-08,Leg Press,Legs,133.0,kgs,12,,,,""
2024-11-08,Hip Abductor Tritte Innen,Legs,60.0,kgs,12,,,,""
2024-11-08,Hip Abductor Tritte Innen,Legs,70.0,kgs,12,,,,""
2024-11-08,Hip Abductor Tritte Außen,Legs,60.0,kgs,12,,,,""
2024-11-08,Standing Calf Raise Machine,Legs,55.0,kgs,12,,,,""
2024-11-08,Standing Calf Raise Machine,Legs,55.0,kgs,12,,,,""
2024-11-08,Standing Calf Raise Machine,Legs,60.0,kgs,12,,,,""
2024-11-08,Lying Leg Curl Machine,Legs,30.0,kgs,12,,,,""
2024-11-08,Lying Leg Curl Machine,Legs,30.0,kgs,12,,,,""
2024-11-08,Lying Leg Curl Machine,Legs,30.0,kgs,12,,,,""
2024-11-08,Romanian Deadlift,Legs,60.0,kgs,12,,,,""
2024-11-08,Romanian Deadlift,Legs,65.0,kgs,12,,,,""
2024-11-08,Romanian Deadlift,Legs,65.0,kgs,8,,,,""
2024-11-10,Flat Barbell Bench Press,Chest,50.0,kgs,12,,,,""
2024-11-10,Flat Barbell Bench Press,Chest,60.0,kgs,12,,,,""
2024-11-10,Flat Barbell Bench Press,Chest,70.0,kgs,5,,,,""
2024-11-10,Flat Barbell Bench Press,Chest,65.0,kgs,6,,,,""
2024-11-10,Rope Push Down,Triceps,35.0,kgs,12,,,,""
2024-11-10,Rope Push Down,Triceps,40.0,kgs,8,,,,""
2024-11-10,Rope Push Down,Triceps,35.0,kgs,8,,,,""
2024-11-10,Seated Machine Fly,Chest,50.0,kgs,9,,,,""
2024-11-10,Seated Machine Fly,Chest,50.0,kgs,6,,,,""
2024-11-10,Seated Machine Fly,Chest,45.0,kgs,6,,,,""
2024-11-10,Seated Shoulder Press,Shoulders,30.0,kgs,5,,,,""
2024-11-10,Seated Shoulder Press,Shoulders,30.0,kgs,4,,,,""
2024-11-10,Hanging Leg Raise,Abs,65.0,kgs,12,,,,""
2024-11-10,Hanging Leg Raise,Abs,65.0,kgs,12,,,,""
2024-11-10,Hanging Leg Raise,Abs,65.0,kgs,12,,,,""
2024-11-11,Lat Pulldown Machine,Back,60.0,kgs,12,,,,""
2024-11-11,Lat Pulldown Machine,Back,70.0,kgs,12,,,,""
2024-11-11,Lat Pulldown Machine,Back,75.0,kgs,12,,,,""
2024-11-11,Lat Pulldown Machine,Back,80.0,kgs,12,,,,""
2024-11-11,Seated Cable Row,Back,50.0,kgs,12,,,,""
2024-11-11,Seated Cable Row,Back,55.0,kgs,12,,,,""
2024-11-11,Seated Cable Row,Back,55.0,kgs,12,,,,""
2024-11-11,T-Bar Row,Back,30.0,kgs,9,,,,""
2024-11-11,T-Bar Row,Back,25.0,kgs,9,,,,""
2024-11-11,T-Bar Row,Back,25.0,kgs,9,,,,""
2024-11-11,Seated Machine Curl,Biceps,25.0,kgs,5,,,,""
2024-11-11,Seated Machine Curl,Biceps,20.0,kgs,8,,,,""
2024-11-11,Seated Machine Curl,Biceps,20.0,kgs,8,,,,""
2024-11-11,Seated Machine Curl,Biceps,25.0,kgs,5,,,,""
2024-11-12,Leg Press,Legs,101.0,kgs,12,,,,""
2024-11-12,Leg Press,Legs,141.0,kgs,10,,,,""
2024-11-12,Leg Press,Legs,149.0,kgs,11,,,,""
2024-11-12,Hip Abductor Tritte Außen,Legs,60.0,kgs,12,,,,""
2024-11-12,Standing Calf Raise Machine,Legs,65.0,kgs,12,,,,""
2024-11-12,Standing Calf Raise Machine,Legs,75.0,kgs,12,,,,""
2024-11-12,Lying Leg Curl Machine,Legs,35.0,kgs,12,,,,""
2024-11-12,Leg Press,Legs,157.0,kgs,9,,,,""
2024-11-12,Hip Abductor Tritte Außen,Legs,60.0,kgs,10,,,,""
2024-11-12,Hip Abductor Tritte Außen,Legs,60.0,kgs,6,,,,""
2024-11-12,Standing Calf Raise Machine,Legs,85.0,kgs,12,,,,""
2024-11-12,Standing Calf Raise Machine,Legs,85.0,kgs,12,,,,""
2024-11-12,Lying Leg Curl Machine,Legs,35.0,kgs,11,,,,""
2024-11-12,Lying Leg Curl Machine,Legs,35.0,kgs,12,,,,""
2024-11-14,Flat Barbell Bench Press,Chest,40.0,kgs,12,,,,""
2024-11-14,Flat Barbell Bench Press,Chest,60.0,kgs,12,,,,""
2024-11-14,Flat Barbell Bench Press,Chest,65.0,kgs,10,,,,""
2024-11-14,Flat Barbell Bench Press,Chest,65.0,kgs,8,,,,""
2024-11-14,Rope Push Down,Triceps,35.0,kgs,12,,,,""
2024-11-14,Rope Push Down,Triceps,35.0,kgs,10,,,,""
2024-11-14,Rope Push Down,Triceps,35.0,kgs,8,,,,""
2024-11-14,Seated Machine Fly,Chest,45.0,kgs,11,,,,""
2024-11-14,Seated Machine Fly,Chest,45.0,kgs,7,,,,""
2024-11-14,Seated Machine Fly,Chest,40.0,kgs,9,,,,""
2024-11-14,Seated Dumbbell Press,Shoulders,14.0,kgs,12,,,,""
2024-11-14,Seated Dumbbell Press,Shoulders,16.0,kgs,10,,,,""
2024-11-14,Seated Dumbbell Press,Shoulders,16.0,kgs,9,,,,""
2024-11-14,Hanging Leg Raise,Abs,65.0,kgs,12,,,,""
2024-11-14,Hanging Leg Raise,Abs,65.0,kgs,12,,,,""
2024-11-14,Hanging Leg Raise,Abs,65.0,kgs,12,,,,""
2024-11-15,Lat Pulldown Machine,Back,65.0,kgs,12,,,,""
2024-11-15,Lat Pulldown Machine,Back,85.0,kgs,12,,,,""
2024-11-15,Lat Pulldown Machine,Back,90.0,kgs,12,,,,""
2024-11-15,T-Bar Row,Back,25.0,kgs,10,,,,""
2024-11-15,T-Bar Row,Back,25.0,kgs,12,,,,""
2024-11-15,T-Bar Row,Back,27.5,kgs,12,,,,""
2024-11-15,Seated Cable Row,Back,55.0,kgs,12,,,,""
2024-11-15,Seated Cable Row,Back,50.0,kgs,12,,,,""
2024-11-15,Seated Cable Row,Back,50.0,kgs,12,,,,""
2024-11-15,Seated Dumbell Curl,Biceps,12.0,kgs,5,,,,""
2024-11-15,Seated Dumbell Curl,Biceps,12.0,kgs,5,,,,""
2024-11-17,Flat Barbell Bench Press,Chest,50.0,kgs,12,,,,""
2024-11-17,Flat Barbell Bench Press,Chest,65.0,kgs,12,,,,""
2024-11-17,Flat Barbell Bench Press,Chest,70.0,kgs,7,,,,""
2024-11-17,Flat Barbell Bench Press,Chest,70.0,kgs,5,,,,""
2024-11-17,Rope Push Down Stonge,Triceps,35.0,kgs,12,,,,""
2024-11-17,Rope Push Down Stonge,Triceps,50.0,kgs,12,,,,""
2024-11-17,Rope Push Down Stonge,Triceps,60.0,kgs,8,,,,""
2024-11-17,Rope Push Down Stonge,Triceps,60.0,kgs,10,,,,""
2024-11-17,Seated Dumbbell Press,Shoulders,16.0,kgs,12,,,,""
2024-11-17,Seated Dumbbell Press,Shoulders,18.0,kgs,9,,,,""
2024-11-17,Seated Dumbbell Press,Shoulders,18.0,kgs,8,,,,""
2024-11-17,Seated Machine Fly,Chest,45.0,kgs,7,,,,""
2024-11-17,Seated Machine Fly,Chest,40.0,kgs,6,,,,""
2024-11-17,Seated Machine Fly,Chest,35.0,kgs,10,,,,""
2024-11-17,Hanging Leg Raise,Abs,65.0,kgs,12,,,,""
2024-11-17,Hanging Leg Raise,Abs,65.0,kgs,12,,,,""
2024-11-17,Hanging Leg Raise,Abs,65.0,kgs,12,,,,""
2024-11-18,Leg Press,Legs,101.0,kgs,12,,,,""
2024-11-18,Hip Abductor Tritte Außen,Legs,60.0,kgs,12,,,,""
2024-11-18,Hip Abductor Tritte Außen,Legs,60.0,kgs,12,,,,""
2024-11-18,Hip Abductor Tritte Außen,Legs,60.0,kgs,10,,,,""
2024-11-18,Standing Calf Raise Machine,Legs,85.0,kgs,12,,,,""
2024-11-18,Standing Calf Raise Machine,Legs,90.0,kgs,12,,,,""
2024-11-18,Standing Calf Raise Machine,Legs,95.0,kgs,12,,,,""
2024-11-18,Leg Press,Legs,157.0,kgs,10,,,,""
2024-11-18,Leg Press,Legs,157.0,kgs,10,,,,""
2024-11-18,Leg Press,Legs,157.0,kgs,8,,,,""
2024-11-18,Leg Extension Machine,Legs,35.0,kgs,12,,,,""
2024-11-18,Leg Extension Machine,Legs,35.0,kgs,12,,,,""
2024-11-18,Leg Extension Machine,Legs,40.0,kgs,12,,,,""
2024-11-19,Lat Pulldown Machine,Back,65.0,kgs,12,,,,""
2024-11-19,Lat Pulldown Machine,Back,95.0,kgs,12,,,,""
2024-11-19,Lat Pulldown Machine,Back,95.0,kgs,11,,,,""
2024-11-19,Lat Pulldown Machine,Back,90.0,kgs,10,,,,""
2024-11-19,T-Bar Row,Back,27.5,kgs,12,,,,""
2024-11-19,T-Bar Row,Back,30.0,kgs,12,,,,""
2024-11-19,Seated Dumbell Curl,Biceps,12.0,kgs,9,,,,""
2024-11-19,Seated Dumbell Curl,Biceps,12.0,kgs,7,,,,""
2024-11-19,Seated Dumbell Curl,Biceps,12.0,kgs,8,,,,""
2024-11-19,Forearm Barbell,Forearm,30.0,kgs,12,,,,""
2024-11-19,Forearm Barbell,Forearm,35.0,kgs,12,,,,""
2024-11-19,Forearm Barbell,Forearm,35.0,kgs,12,,,,""
2024-11-21,Flat Barbell Bench Press,Chest,50.0,kgs,12,,,,""
2024-11-21,Rope Push Down,Triceps,35.0,kgs,14,,,,""
2024-11-21,Rope Push Down,Triceps,50.0,kgs,8,,,,""
2024-11-21,Seated Dumbbell Press,Shoulders,18.0,kgs,10,,,,""
2024-11-21,Seated Machine Fly,Chest,45.0,kgs,10,,,,""
2024-11-21,Hanging Leg Raise,Abs,65.0,kgs,12,,,,""
2024-11-21,Hanging Leg Raise,Abs,65.0,kgs,12,,,,""
2024-11-21,Hanging Leg Raise,Abs,65.0,kgs,12,,,,""
2024-11-21,Flat Barbell Bench Press,Chest,80.0,kgs,1,,,,""
2024-11-21,Flat Barbell Bench Press,Chest,80.0,kgs,3,,,,""
2024-11-21,Flat Barbell Bench Press,Chest,80.0,kgs,2,,,,""
2024-11-21,Rope Push Down,Triceps,45.0,kgs,11,,,,""
2024-11-21,Seated Dumbbell Press,Shoulders,18.0,kgs,9,,,,""
2024-11-21,Seated Dumbbell Press,Shoulders,18.0,kgs,10,,,,""
2024-11-21,Seated Machine Fly,Chest,45.0,kgs,11,,,,""
2024-11-21,Seated Machine Fly,Chest,53.0,kgs,8,,,,""
2024-11-22,Leg Press,Legs,101.0,kgs,12,,,,""
2024-11-22,Leg Press,Legs,157.0,kgs,12,,,,""
2024-11-22,Leg Press,Legs,165.0,kgs,12,,,,""
2024-11-22,Leg Press,Legs,173.0,kgs,8,,,,""
2024-11-22,Hip Abductor Tritte Außen,Legs,60.0,kgs,12,,,,""
2024-11-22,Hip Abductor Tritte Außen,Legs,65.0,kgs,12,,,,""
2024-11-22,Hip Abductor Tritte Außen,Legs,70.0,kgs,12,,,,""
2024-11-22,Leg Extension Machine,Legs,45.0,kgs,12,,,,""
2024-11-22,Standing Calf Raise Machine,Legs,95.0,kgs,12,,,,""
2024-11-22,Leg Extension Machine,Legs,50.0,kgs,12,,,,""
2024-11-22,Leg Extension Machine,Legs,55.0,kgs,11,,,,""
2024-11-22,Standing Calf Raise Machine,Legs,95.0,kgs,12,,,,""
2024-11-22,Standing Calf Raise Machine,Legs,100.0,kgs,10,,,,""
2024-11-23,Lat Pulldown Machine,Back,65.0,kgs,12,,,,""
2024-11-23,Lat Pulldown Machine,Back,95.0,kgs,12,,,,""
2024-11-23,Lat Pulldown Machine,Back,95.0,kgs,10,,,,""
2024-11-23,Lat Pulldown Machine,Back,85.0,kgs,10,,,,""
2024-11-23,Forearm Barbell,Forearm,35.0,kgs,12,,,,""
2024-11-23,Forearm Barbell,Forearm,35.0,kgs,12,,,,""
2024-11-23,Forearm Barbell,Forearm,35.0,kgs,12,,,,""
2024-11-23,Seated Dumbell Curl,Biceps,12.0,kgs,10,,,,""
2024-11-23,Seated Dumbell Curl,Biceps,12.0,kgs,8,,,,""
2024-11-23,Seated Dumbell Curl,Biceps,12.0,kgs,7,,,,""
2024-11-23,T-Bar Row,Back,30.0,kgs,12,,,,""
2024-11-23,T-Bar Row,Back,30.0,kgs,10,,,,""
2024-11-23,T-Bar Row,Back,30.0,kgs,10,,,,""
2024-11-24,Flat Barbell Bench Press,Chest,50.0,kgs,12,,,,""
2024-11-24,Flat Barbell Bench Press,Chest,70.0,kgs,11,,,,""
2024-11-24,Flat Barbell Bench Press,Chest,90.0,kgs,1,,,,""
2024-11-24,Flat Barbell Bench Press,Chest,70.0,kgs,8,,,,""
2024-11-24,Rope Push Down,Triceps,50.0,kgs,9,,,,""
2024-11-24,Rope Push Down,Triceps,45.0,kgs,11,,,,""
2024-11-24,Rope Push Down,Triceps,45.0,kgs,11,,,,""
2024-11-24,Seated Machine Fly,Chest,50.0,kgs,12,,,,""
2024-11-24,Seated Machine Fly,Chest,55.0,kgs,9,,,,""
2024-11-24,Seated Machine Fly,Chest,55.0,kgs,8,,,,""
2024-11-24,Seated Dumbbell Press,Shoulders,20.0,kgs,8,,,,""
2024-11-24,Seated Dumbbell Press,Shoulders,20.0,kgs,8,,,,""
2024-11-24,Seated Dumbbell Press,Shoulders,20.0,kgs,9,,,,""
2024-11-24,Hanging Leg Raise,Abs,65.0,kgs,12,,,,""
2024-11-24,Hanging Leg Raise,Abs,65.0,kgs,12,,,,""
2024-11-24,Hanging Leg Raise,Abs,65.0,kgs,12,,,,""
2024-11-25,Leg Press,Legs,120.0,kgs,12,,,,""
2024-11-25,Hip Abductor Tritte Außen,Legs,60.0,kgs,12,,,,""
2024-11-25,Hip Abductor Tritte Außen,Legs,70.0,kgs,12,,,,""
2024-11-25,Leg Extension Machine,Legs,55.0,kgs,12,,,,""
2024-11-25,Leg Press,Legs,140.0,kgs,12,,,,""
2024-11-25,Leg Press,Legs,150.0,kgs,12,,,,""
2024-11-25,Hip Abductor Tritte Außen,Legs,70.0,kgs,10,,,,""
2024-11-25,Leg Extension Machine,Legs,55.0,kgs,12,,,,""
2024-11-25,Leg Extension Machine,Legs,55.0,kgs,8,,,,""
2024-11-25,Machine Squat,Legs,45.0,kgs,6,,,,""
2024-11-25,Machine Squat,Legs,40.0,kgs,6,,,,""
2024-11-25,Machine Squat,Legs,40.0,kgs,12,,,,""
2024-11-25,Leg Press Calfs,Legs,101.0,kgs,12,,,,""
2024-11-25,Leg Press Calfs,Legs,109.0,kgs,12,,,,""
2024-11-25,Leg Press Calfs,Legs,117.0,kgs,12,,,,""
2024-11-26,Lat Pulldown Machine,Back,65.0,kgs,12,,,,""
2024-11-26,Lat Pulldown Machine,Back,95.0,kgs,12,,,,""
2024-11-26,Lat Pulldown Machine,Back,95.0,kgs,11,,,,""
2024-11-26,Lat Pulldown Machine,Back,95.0,kgs,8,,,,""
2024-11-26,Seated Cable Row,Back,55.0,kgs,12,,,,""
2024-11-26,Seated Cable Row,Back,55.0,kgs,10,,,,""
2024-11-26,Seated Cable Row,Back,55.0,kgs,10,,,,""
2024-11-26,Seated Dumbell Curl,Biceps,12.0,kgs,7,,,,""
2024-11-26,T-Bar Row,Back,30.0,kgs,12,,,,""
2024-11-26,Cable Curl,Biceps,35.0,kgs,12,,,,""
2024-11-26,Cable Curl,Biceps,40.0,kgs,12,,,,""
2024-11-26,Cable Curl,Biceps,35.0,kgs,12,,,,""
2024-11-26,Seated Dumbell Curl,Biceps,12.0,kgs,8,,,,""
2024-11-26,Seated Dumbell Curl,Biceps,12.0,kgs,8,,,,""
2024-11-26,T-Bar Row,Back,30.0,kgs,12,,,,""
2024-11-26,T-Bar Row,Back,30.0,kgs,12,,,,""
2024-11-28,Flat Barbell Bench Press,Chest,50.0,kgs,12,,,,""
2024-11-28,Flat Barbell Bench Press,Chest,70.0,kgs,12,,,,""
2024-11-28,Flat Barbell Bench Press,Chest,75.0,kgs,6,,,,""
2024-11-28,Flat Barbell Bench Press,Chest,75.0,kgs,5,,,,""
2024-11-28,Rope Push Down,Triceps,50.0,kgs,9,,,,""
2024-11-28,Rope Push Down,Triceps,45.0,kgs,8,,,,""
2024-11-28,Rope Push Down,Triceps,45.0,kgs,10,,,,""
2024-11-28,Seated Machine Fly,Chest,50.0,kgs,11,,,,""
2024-11-28,Seated Machine Fly,Chest,50.0,kgs,7,,,,""
2024-11-28,Seated Machine Fly,Chest,55.0,kgs,5,,,,""
2024-11-28,Seated Dumbbell Press,Shoulders,20.0,kgs,7,,,,""
2024-11-28,Seated Dumbbell Press,Shoulders,20.0,kgs,8,,,,""
2024-11-28,Seated Dumbbell Press,Shoulders,20.0,kgs,6,,,,""
2024-11-28,Incline Barbell Bench Press,Chest,26.0,kgs,4,,,,""
2024-11-28,Hanging Leg Raise,Abs,65.0,kgs,12,,,,""
2024-11-28,Hanging Leg Raise,Abs,65.0,kgs,12,,,,""
2024-11-28,Hanging Leg Raise,Abs,65.0,kgs,12,,,,""
2024-11-29,Lat Pulldown Machine,Back,65.0,kgs,12,,,,""
2024-11-29,Lat Pulldown Machine,Back,90.0,kgs,12,,,,""
2024-11-29,Lat Pulldown Machine,Back,90.0,kgs,10,,,,""
2024-11-29,Lat Pulldown Machine,Back,90.0,kgs,12,,,,""
2024-11-29,Seated Row Machine,Back,45.0,kgs,8,,,,""
2024-11-29,Seated Row Machine,Back,40.0,kgs,10,,,,""
2024-11-29,Seated Row Machine,Back,40.0,kgs,11,,,,""
2024-11-29,EZ-Bar Preacher Curl,Biceps,20.0,kgs,12,,,,""
2024-11-29,EZ-Bar Preacher Curl,Biceps,22.5,kgs,7,,,,""
2024-11-29,EZ-Bar Preacher Curl,Biceps,22.5,kgs,6,,,,""
2024-11-29,Cable Curl,Biceps,40.0,kgs,10,,,,""
2024-11-29,Cable Curl,Biceps,35.0,kgs,10,,,,""
2024-11-29,Cable Curl,Biceps,35.0,kgs,11,,,,""
2024-11-30,Leg Press,Legs,120.0,kgs,12,,,,""
2024-11-30,Leg Press,Legs,150.0,kgs,12,,,,""
2024-11-30,Leg Press,Legs,150.0,kgs,12,,,,""
2024-11-30,Leg Extension Machine,Legs,55.0,kgs,12,,,,""
2024-11-30,Leg Extension Machine,Legs,55.0,kgs,10,,,,""
2024-11-30,Leg Extension Machine,Legs,55.0,kgs,10,,,,""
2024-11-30,Hip Abductor Tritte Außen,Legs,70.0,kgs,12,,,,""
2024-11-30,Hip Abductor Tritte Außen,Legs,75.0,kgs,9,,,,""
2024-11-30,Hip Abductor Tritte Außen,Legs,75.0,kgs,9,,,,""
2024-11-30,Lying Leg Curl Machine,Legs,35.0,kgs,12,,,,""
2024-11-30,Lying Leg Curl Machine,Legs,35.0,kgs,12,,,,""
2024-11-30,Leg Press Calfs,Legs,125.0,kgs,12,,,,""
2024-11-30,Leg Press Calfs,Legs,141.0,kgs,14,,,,""
2024-11-30,Leg Press Calfs,Legs,157.0,kgs,15,,,,""
2024-11-30,Lying Leg Curl Machine,Legs,40.0,kgs,11,,,,""
2024-11-30,Leg Press Calfs,Legs,165.0,kgs,15,,,,""
2024-11-30,Hip Abductor Tritte Innen,Legs,50.0,kgs,12,,,,""
2024-11-30,Hip Abductor Tritte Innen,Legs,55.0,kgs,12,,,,""
2024-11-30,Hip Abductor Tritte Innen,Legs,60.0,kgs,14,,,,""
2024-12-02,Flat Barbell Bench Press,Chest,20.0,kgs,12,,,,""
2024-12-02,Flat Barbell Bench Press,Chest,50.0,kgs,12,,,,""
2024-12-02,Flat Barbell Bench Press,Chest,75.0,kgs,9,,,,""
2024-12-02,Flat Barbell Bench Press,Chest,75.0,kgs,6,,,,""
2024-12-02,Cable Overhead Triceps Extension,Triceps,45.0,kgs,12,,,,""
2024-12-02,Cable Overhead Triceps Extension,Triceps,50.0,kgs,10,,,,""
2024-12-02,Cable Overhead Triceps Extension,Triceps,50.0,kgs,10,,,,""
2024-12-02,Seated Dumbbell Press,Shoulders,20.0,kgs,12,,,,""
2024-12-02,Seated Dumbbell Press,Shoulders,22.0,kgs,7,,,,""
2024-12-02,Seated Dumbbell Press,Shoulders,22.0,kgs,8,,,,""
2024-12-02,Cable Fly,Chest,30.0,kgs,5,,,,""
2024-12-02,Cable Fly,Chest,25.0,kgs,7,,,,""
2024-12-02,Cable Fly,Chest,25.0,kgs,6,,,,""
2024-12-02,Rope Push Down,Triceps,40.0,kgs,12,,,,""
2024-12-02,Rope Push Down,Triceps,45.0,kgs,8,,,,""
2024-12-02,Rope Push Down,Triceps,45.0,kgs,8,,,,""
2024-12-02,Hanging Leg Raise,Abs,67.0,kgs,12,,,,""
2024-12-02,Hanging Leg Raise,Abs,67.0,kgs,12,,,,""
2024-12-02,Hanging Leg Raise,Abs,67.0,kgs,12,,,,""
2024-12-03,Deadlift,Back,50.0,kgs,12,,,,""
2024-12-03,Deadlift,Back,60.0,kgs,12,,,,""
2024-12-03,Deadlift,Back,70.0,kgs,12,,,,""
2024-12-03,Lat Pulldown,Back,50.0,kgs,12,,,,""
2024-12-03,Seated Cable Row,Back,40.0,kgs,12,,,,""
2024-12-03,Seated Cable Row,Back,45.0,kgs,12,,,,""
2024-12-03,Seated Cable Row,Back,50.0,kgs,12,,,,""
2024-12-03,EZ-Bar Preacher Curl,Biceps,22.5,kgs,10,,,,""
2024-12-03,EZ-Bar Preacher Curl,Biceps,22.5,kgs,11,,,,""
2024-12-03,EZ-Bar Preacher Curl,Biceps,22.5,kgs,11,,,,""
2024-12-03,Lat Pulldown,Back,55.0,kgs,12,,,,""
2024-12-03,Lat Pulldown,Back,55.0,kgs,12,,,,""
2024-12-03,Seated Dumbell Curl,Biceps,12.0,kgs,8,,,,""
2024-12-03,Seated Dumbell Curl,Biceps,12.0,kgs,12,,,,""
2024-12-03,Seated Dumbell Curl,Biceps,14.0,kgs,6,,,,""
2024-12-04,Leg Press,Legs,120.0,kgs,12,,,,""
2024-12-04,Leg Press,Legs,155.0,kgs,12,,,,""
2024-12-04,Leg Press,Legs,160.0,kgs,12,,,,""
2024-12-04,Leg Extension Machine,Legs,55.0,kgs,12,,,,""
2024-12-04,Leg Extension Machine,Legs,55.0,kgs,12,,,,""
2024-12-04,Leg Extension Machine,Legs,55.0,kgs,12,,,,""
2024-12-04,Hip Abductor Tritte Außen,Legs,75.0,kgs,12,,,,""
2024-12-04,Hip Abductor Tritte Außen,Legs,75.0,kgs,12,,,,""
2024-12-04,Hip Abductor Tritte Außen,Legs,75.0,kgs,10,,,,""
2024-12-04,Lying Leg Curl Machine,Legs,40.0,kgs,12,,,,""
2024-12-04,Lying Leg Curl Machine,Legs,40.0,kgs,12,,,,""
2024-12-04,Lying Leg Curl Machine,Legs,45.0,kgs,9,,,,""
2024-12-04,Leg Press,Legs,170.0,kgs,12,,,,""
2024-12-04,Leg Press Calfs,Legs,173.0,kgs,14,,,,""
2024-12-04,Leg Press Calfs,Legs,173.0,kgs,12,,,,""
2024-12-04,Leg Press Calfs,Legs,173.0,kgs,16,,,,""
2024-12-06,Flat Barbell Bench Press,Chest,50.0,kgs,5,,,,""
2024-12-06,Flat Barbell Bench Press,Chest,75.0,kgs,10,,,,""
2024-12-06,Flat Barbell Bench Press,Chest,75.0,kgs,9,,,,""
2024-12-06,Cable Overhead Triceps Extension,Triceps,45.0,kgs,12,,,,""
2024-12-06,Cable Overhead Triceps Extension,Triceps,50.0,kgs,11,,,,""
2024-12-06,Cable Overhead Triceps Extension,Triceps,50.0,kgs,12,,,,""
2024-12-06,Seated Dumbbell Press,Shoulders,22.0,kgs,10,,,,""
2024-12-06,Seated Dumbbell Press,Shoulders,22.0,kgs,8,,,,""
2024-12-06,Seated Dumbbell Press,Shoulders,22.0,kgs,7,,,,""
2024-12-06,Cable Fly,Chest,25.0,kgs,10,,,,""
2024-12-06,Cable Fly,Chest,25.0,kgs,8,,,,""
2024-12-06,Cable Fly,Chest,25.0,kgs,9,,,,""
2024-12-06,Hanging Leg Raise,Abs,67.0,kgs,12,,,,""
2024-12-06,Hanging Leg Raise,Abs,67.0,kgs,12,,,,""
2024-12-06,Hanging Leg Raise,Abs,67.0,kgs,12,,,,""
2024-12-07,Leg Press,Legs,120.0,kgs,12,,,,""
2024-12-07,Leg Press,Legs,160.0,kgs,12,,,,""
2024-12-07,Leg Press,Legs,160.0,kgs,12,,,,""
2024-12-07,Leg Extension Machine,Legs,55.0,kgs,12,,,,""
2024-12-07,Leg Extension Machine,Legs,55.0,kgs,10,,,,""
2024-12-07,Leg Extension Machine,Legs,55.0,kgs,12,,,,""
2024-12-07,Hip Abductor Tritte Außen,Legs,70.0,kgs,12,,,,""
2024-12-07,Hip Abductor Tritte Außen,Legs,75.0,kgs,12,,,,""
2024-12-07,Hip Abductor Tritte Außen,Legs,75.0,kgs,12,,,,""
2024-12-07,Lying Leg Curl Machine,Legs,45.0,kgs,12,,,,""
2024-12-07,Lying Leg Curl Machine,Legs,45.0,kgs,10,,,,""
2024-12-07,Leg Press Calfs,Legs,173.0,kgs,15,,,,""
2024-12-07,Leg Press Calfs,Legs,173.0,kgs,20,,,,""
2024-12-07,Leg Press Calfs,Legs,181.0,kgs,19,,,,""
2024-12-07,Leg Press,Legs,160.0,kgs,14,,,,""
2024-12-08,Lat Pulldown,Back,40.0,kgs,12,,,,""
2024-12-08,Lat Pulldown,Back,55.0,kgs,12,,,,""
2024-12-08,Lat Pulldown,Back,60.0,kgs,12,,,,""
2024-12-08,Lat Pulldown,Back,60.0,kgs,12,,,,""
2024-12-08,T-Bar Row,Back,30.0,kgs,12,,,,""
2024-12-08,T-Bar Row,Back,32.5,kgs,12,,,,""
2024-12-08,T-Bar Row,Back,32.5,kgs,12,,,,""
2024-12-08,Seated Dumbell Curl,Biceps,14.0,kgs,7,,,,""
2024-12-08,Seated Dumbell Curl,Biceps,14.0,kgs,7,,,,""
2024-12-08,Seated Dumbell Curl,Biceps,14.0,kgs,8,,,,""
2024-12-08,EZ-Bar Preacher Curl,Biceps,22.5,kgs,9,,,,""
2024-12-08,EZ-Bar Preacher Curl,Biceps,22.5,kgs,9,,,,""
2024-12-08,EZ-Bar Preacher Curl,Biceps,22.5,kgs,10,,,,""
2024-12-10,Flat Barbell Bench Press,Chest,50.0,kgs,12,,,,""
2024-12-10,Flat Barbell Bench Press,Chest,75.0,kgs,11,,,,""
2024-12-10,Flat Barbell Bench Press,Chest,75.0,kgs,6,,,,""
2024-12-10,Cable Overhead Triceps Extension,Triceps,50.0,kgs,12,,,,""
2024-12-10,Cable Overhead Triceps Extension,Triceps,50.0,kgs,10,,,,""
2024-12-10,Cable Overhead Triceps Extension,Triceps,50.0,kgs,8,,,,""
2024-12-10,Seated Dumbbell Press,Shoulders,22.0,kgs,8,,,,""
2024-12-10,Seated Dumbbell Press,Shoulders,22.0,kgs,8,,,,""
2024-12-10,Seated Dumbbell Press,Shoulders,22.0,kgs,5,,,,""
2024-12-10,Cable Fly,Chest,25.0,kgs,7,,,,""
2024-12-10,Cable Fly,Chest,25.0,kgs,9,,,,""
2024-12-10,Cable Fly,Chest,25.0,kgs,8,,,,""
2024-12-10,Rope Push Down,Triceps,40.0,kgs,12,,,,""
2024-12-10,Rope Push Down,Triceps,45.0,kgs,10,,,,""
2024-12-10,Rope Push Down,Triceps,40.0,kgs,8,,,,""
2024-12-10,Hanging Leg Raise,Abs,68.0,kgs,12,,,,""
2024-12-10,Hanging Leg Raise,Abs,68.0,kgs,12,,,,""
2024-12-10,Hanging Leg Raise,Abs,68.0,kgs,12,,,,""
2024-12-11,Pull Up,Back,68.0,kgs,9,,,,""
2024-12-11,Pull Up,Back,68.0,kgs,6,,,,""
2024-12-11,Pull Up,Back,68.0,kgs,4,,,,""
2024-12-11,T-Bar Row,Back,35.0,kgs,10,,,,""
2024-12-11,T-Bar Row,Back,35.0,kgs,12,,,,""
2024-12-11,T-Bar Row,Back,35.0,kgs,12,,,,""
2024-12-11,EZ-Bar Preacher Curl,Biceps,22.5,kgs,8,,,,""
2024-12-11,EZ-Bar Preacher Curl,Biceps,22.5,kgs,9,,,,""
2024-12-11,EZ-Bar Preacher Curl,Biceps,22.5,kgs,6,,,,""
2024-12-11,Seated Dumbell Curl,Biceps,14.0,kgs,5,,,,""
2024-12-11,Seated Dumbell Curl,Biceps,14.0,kgs,7,,,,""
2024-12-11,Seated Dumbell Curl,Biceps,14.0,kgs,6,,,,""
2024-12-11,Seated Cable Row,Back,50.0,kgs,12,,,,""
2024-12-11,Seated Cable Row,Back,55.0,kgs,10,,,,""
2024-12-11,Seated Cable Row,Back,55.0,kgs,10,,,,""
2024-12-12,Leg Extension Machine,Legs,60.0,kgs,12,,,,""
2024-12-12,Leg Extension Machine,Legs,60.0,kgs,12,,,,""
2024-12-12,Leg Extension Machine,Legs,60.0,kgs,12,,,,""
2024-12-12,Hip Abductor Tritte Innen,Legs,75.0,kgs,12,,,,""
2024-12-12,Hip Abductor Tritte Innen,Legs,80.0,kgs,12,,,,""
2024-12-12,Hip Abductor Tritte Innen,Legs,80.0,kgs,12,,,,""
2024-12-12,Leg Press,Legs,170.0,kgs,10,,,,""
2024-12-12,Leg Press,Legs,170.0,kgs,12,,,,""
2024-12-12,Leg Press,Legs,170.0,kgs,7,,,,""
2024-12-12,Leg Press Calfs,Legs,181.0,kgs,20,,,,""
2024-12-12,Lying Leg Curl Machine,Legs,40.0,kgs,12,,,,""
2024-12-12,Lying Leg Curl Machine,Legs,45.0,kgs,12,,,,""
2024-12-12,Lying Leg Curl Machine,Legs,45.0,kgs,9,,,,""
2024-12-12,Leg Press Calfs,Legs,181.0,kgs,16,,,,""
2024-12-12,Leg Press Calfs,Legs,181.0,kgs,18,,,,""
2024-12-14,Deadlift,Back,60.0,kgs,12,,,,""
2024-12-14,Deadlift,Back,80.0,kgs,12,,,,""
2024-12-14,Deadlift,Back,90.0,kgs,11,,,,""
2024-12-14,Deadlift,Back,90.0,kgs,6,,,,""
2024-12-14,Lat Pulldown,Back,60.0,kgs,12,,,,""
2024-12-14,Lat Pulldown,Back,60.0,kgs,8,,,,""
2024-12-14,Lat Pulldown,Back,55.0,kgs,10,,,,""
2024-12-14,Seated Dumbell Curl,Biceps,14.0,kgs,9,,,,""
2024-12-14,Seated Dumbell Curl,Biceps,14.0,kgs,8,,,,""
2024-12-14,Seated Dumbell Curl,Biceps,14.0,kgs,6,,,,""
2024-12-14,T-Bar Row,Back,35.0,kgs,10,,,,""
2024-12-14,T-Bar Row,Back,35.0,kgs,10,,,,""
2024-12-14,T-Bar Row,Back,35.0,kgs,12,,,,""
2024-12-15,Flat Barbell Bench Press,Chest,50.0,kgs,7,,,,""
2024-12-15,Flat Barbell Bench Press,Chest,95.0,kgs,1,,,,""
2024-12-15,Flat Barbell Bench Press,Chest,80.0,kgs,7,,,,""
2024-12-15,Flat Barbell Bench Press,Chest,80.0,kgs,5,,,,""
2024-12-15,Cable Overhead Triceps Extension,Triceps,55.0,kgs,12,,,,""
2024-12-15,Cable Overhead Triceps Extension,Triceps,60.0,kgs,9,,,,""
2024-12-15,Cable Overhead Triceps Extension,Triceps,60.0,kgs,7,,,,""
2024-12-15,Seated Dumbbell Press,Shoulders,22.0,kgs,10,,,,""
2024-12-15,Seated Dumbbell Press,Shoulders,22.0,kgs,8,,,,""
2024-12-15,Seated Dumbbell Press,Shoulders,22.0,kgs,6,,,,""
2024-12-15,Seated Machine Fly,Chest,55.0,kgs,5,,,,""
2024-12-15,Seated Machine Fly,Chest,50.0,kgs,7,,,,""
2024-12-15,Seated Machine Fly,Chest,50.0,kgs,6,,,,""
2024-12-15,Unilateral Triceps Extension,Triceps,25.0,kgs,7,,,,""
2024-12-15,Unilateral Triceps Extension,Triceps,25.0,kgs,8,,,,""
2024-12-15,Hanging Leg Raise,Abs,68.0,kgs,12,,,,""
2024-12-15,Hanging Leg Raise,Abs,68.0,kgs,12,,,,""
2024-12-15,Hanging Leg Raise,Abs,68.0,kgs,12,,,,""
2024-12-16,Leg Press,Legs,100.0,kgs,12,,,,""
2024-12-16,Leg Press,Legs,170.0,kgs,12,,,,""
2024-12-16,Leg Press,Legs,170.0,kgs,8,,,,""
2024-12-16,Leg Press,Legs,170.0,kgs,7,,,,""
2024-12-16,Leg Extension Machine,Legs,60.0,kgs,12,,,,""
2024-12-16,Leg Extension Machine,Legs,60.0,kgs,12,,,,""
2024-12-16,Leg Extension Machine,Legs,60.0,kgs,10,,,,""
2024-12-16,Hip Abductor Tritte Außen,Legs,60.0,kgs,12,,,,""
2024-12-16,Hip Abductor Tritte Außen,Legs,65.0,kgs,12,,,,""
2024-12-16,Hip Abductor Tritte Außen,Legs,70.0,kgs,12,,,,""
2024-12-16,Lying Leg Curl Machine,Legs,45.0,kgs,12,,,,""
2024-12-16,Lying Leg Curl Machine,Legs,45.0,kgs,9,,,,""
2024-12-16,Leg Press Calfs,Legs,181.0,kgs,16,,,,""
2024-12-16,Leg Press Calfs,Legs,181.0,kgs,12,,,,""
2024-12-16,Leg Press Calfs,Legs,173.0,kgs,16,,,,""
2024-12-16,Lying Leg Curl Machine,Legs,40.0,kgs,11,,,,""
2024-12-18,Flat Barbell Bench Press,Chest,50.0,kgs,7,,,,""
2024-12-18,Flat Barbell Bench Press,Chest,100.0,kgs,0,,,,""
2024-12-18,Flat Barbell Bench Press,Chest,75.0,kgs,9,,,,""
2024-12-18,Flat Barbell Bench Press,Chest,75.0,kgs,7,,,,""
2024-12-18,Flat Barbell Bench Press,Chest,75.0,kgs,5,,,,""
2024-12-18,Cable Overhead Triceps Extension,Triceps,50.0,kgs,12,,,,""
2024-12-18,Cable Overhead Triceps Extension,Triceps,55.0,kgs,9,,,,""
2024-12-18,Cable Overhead Triceps Extension,Triceps,60.0,kgs,7,,,,""
2024-12-18,Seated Machine Fly,Chest,50.0,kgs,6,,,,""
2024-12-18,Seated Machine Fly,Chest,50.0,kgs,7,,,,""
2024-12-18,Seated Machine Fly,Chest,50.0,kgs,6,,,,""
2024-12-18,Seated Dumbbell Press,Shoulders,22.0,kgs,5,,,,""
2024-12-18,Seated Dumbbell Press,Shoulders,22.0,kgs,6,,,,""
2024-12-18,Seated Dumbbell Press,Shoulders,22.0,kgs,4,,,,""
2024-12-18,Seated Dumbbell Lateral Raise,Shoulders,8.0,kgs,6,,,,""
2024-12-18,Seated Dumbbell Lateral Raise,Shoulders,8.0,kgs,9,,,,""
2024-12-18,Seated Dumbbell Lateral Raise,Shoulders,8.0,kgs,11,,,,""
2024-12-18,Rope Push Down,Triceps,45.0,kgs,9,,,,""
2024-12-18,Rope Push Down,Triceps,45.0,kgs,7,,,,""
2024-12-18,Rope Push Down,Triceps,40.0,kgs,6,,,,""
2024-12-18,Hanging Leg Raise,Abs,68.0,kgs,12,,,,""
2024-12-18,Hanging Leg Raise,Abs,68.0,kgs,12,,,,""
2024-12-18,Hanging Leg Raise,Abs,68.0,kgs,12,,,,""
2024-12-19,Deadlift,Back,60.0,kgs,12,,,,""
2024-12-19,Deadlift,Back,80.0,kgs,12,,,,""
2024-12-19,Deadlift,Back,90.0,kgs,12,,,,""
2024-12-19,Deadlift,Back,90.0,kgs,9,,,,""
2024-12-19,T-Bar Row,Back,37.5,kgs,12,,,,""
2024-12-19,T-Bar Row,Back,37.5,kgs,12,,,,""
2024-12-19,T-Bar Row,Back,37.5,kgs,10,,,,""
2024-12-19,Lat Pulldown,Back,55.0,kgs,7,,,,""
2024-12-19,Lat Pulldown,Back,55.0,kgs,9,,,,""
2024-12-19,Lat Pulldown,Back,55.0,kgs,9,,,,""
2024-12-19,Seated Cable Row,Back,50.0,kgs,8,,,,""
2024-12-19,Seated Cable Row,Back,50.0,kgs,9,,,,""
2024-12-19,Seated Cable Row,Back,50.0,kgs,10,,,,""
2024-12-19,Seated Dumbell Curl,Biceps,14.0,kgs,6,,,,""
2024-12-19,Seated Dumbell Curl,Biceps,14.0,kgs,7,,,,""
2024-12-19,Seated Dumbell Curl,Biceps,14.0,kgs,6,,,,""
2024-12-19,EZ-Bar Preacher Curl,Biceps,22.5,kgs,10,,,,""
2024-12-19,EZ-Bar Preacher Curl,Biceps,22.5,kgs,6,,,,""
2024-12-19,EZ-Bar Preacher Curl,Biceps,22.5,kgs,4,,,,""
2024-12-21,Flat Barbell Bench Press,Chest,50.0,kgs,8,,,,""
2024-12-21,Flat Barbell Bench Press,Chest,100.0,kgs,1,,,,""
2024-12-21,Flat Barbell Bench Press,Chest,80.0,kgs,10,,,,""
2024-12-21,Flat Barbell Bench Press,Chest,80.0,kgs,7,,,,""
2024-12-21,Flat Barbell Bench Press,Chest,80.0,kgs,5,,,,""
2024-12-21,Cable Overhead Triceps Extension,Triceps,60.0,kgs,8,,,,""
2024-12-21,Cable Overhead Triceps Extension,Triceps,60.0,kgs,6,,,,""
2024-12-21,Cable Overhead Triceps Extension,Triceps,60.0,kgs,6,,,,""
2024-12-21,Seated Dumbbell Press,Shoulders,22.0,kgs,8,,,,""
2024-12-21,Seated Dumbbell Press,Shoulders,22.0,kgs,4,,,,""
2024-12-21,Seated Dumbbell Press,Shoulders,22.0,kgs,7,,,,""
2024-12-21,Lateral Machine Raise,Shoulders,25.0,kgs,10,,,,""
2024-12-21,Lateral Machine Raise,Shoulders,27.5,kgs,5,,,,""
2024-12-21,Lateral Machine Raise,Shoulders,25.0,kgs,8,,,,""
2024-12-21,Rope Push Down,Triceps,45.0,kgs,7,,,,""
2024-12-21,Rope Push Down,Triceps,40.0,kgs,8,,,,""
2024-12-21,Rope Push Down,Triceps,40.0,kgs,8,,,,""
2024-12-21,Cable Fly,Chest,25.0,kgs,12,,,,""
2024-12-21,Cable Fly,Chest,30.0,kgs,8,,,,""
2024-12-21,Cable Fly,Chest,30.0,kgs,6,,,,""
2024-12-22,Deadlift,Back,60.0,kgs,6,,,,""
2024-12-22,Deadlift,Back,90.0,kgs,4,,,,""
2024-12-22,Deadlift,Back,120.0,kgs,4,,,,""
2024-12-22,Deadlift,Back,100.0,kgs,8,,,,""
2024-12-22,Deadlift,Back,100.0,kgs,7,,,,""
2024-12-22,T-Bar Row,Back,40.0,kgs,12,,,,""
2024-12-22,T-Bar Row,Back,40.0,kgs,10,,,,""
2024-12-22,T-Bar Row,Back,40.0,kgs,10,,,,""
2024-12-22,Lat Pulldown,Back,55.0,kgs,10,,,,""
2024-12-22,Lat Pulldown,Back,55.0,kgs,8,,,,""
2024-12-22,Lat Pulldown,Back,55.0,kgs,10,,,,""
2024-12-22,Lat Pulldown,Back,55.0,kgs,10,,,,""
2024-12-22,EZ-Bar Preacher Curl,Biceps,22.5,kgs,9,,,,""
2024-12-22,EZ-Bar Preacher Curl,Biceps,22.5,kgs,8,,,,""
2024-12-22,EZ-Bar Preacher Curl,Biceps,22.5,kgs,4,,,,""
2024-12-22,Seated Dumbell Curl,Biceps,14.0,kgs,5,,,,""
2024-12-22,Seated Dumbell Curl,Biceps,14.0,kgs,6,,,,""
2024-12-22,Seated Dumbell Curl,Biceps,14.0,kgs,6,,,,""
2024-12-26,Flat Barbell Bench Press,Chest,60.0,kgs,12,,,,""
2024-12-26,Flat Barbell Bench Press,Chest,100.0,kgs,1,,,,""
2024-12-26,Flat Barbell Bench Press,Chest,80.0,kgs,9,,,,""
2024-12-26,Flat Barbell Bench Press,Chest,80.0,kgs,6,,,,""
2024-12-26,Cable Fly,Chest,25.0,kgs,8,,,,""
2024-12-26,Triceps Kickbacks,Triceps,15.0,kgs,12,,,,""
2024-12-26,Triceps Kickbacks,Triceps,10.0,kgs,14,,,,""
2024-12-26,Seated Dumbbell Press,Shoulders,20.0,kgs,10,,,,""
2024-12-26,Seated Dumbbell Press,Shoulders,20.0,kgs,6,,,,""
2024-12-26,Seated Dumbbell Press,Shoulders,20.0,kgs,6,,,,""
2024-12-26,Cable Fly,Chest,20.0,kgs,12,,,,""
2024-12-26,Cable Fly,Chest,20.0,kgs,12,,,,""
2024-12-26,Triceps Kickbacks,Triceps,10.0,kgs,12,,,,""
2025-01-04,Flat Barbell Bench Press,Chest,50.0,kgs,12,,,,""
2025-01-04,Flat Barbell Bench Press,Chest,80.0,kgs,10,,,,""
2025-01-04,Flat Barbell Bench Press,Chest,80.0,kgs,7,,,,""
2025-01-04,Cable Overhead Triceps Extension,Triceps,60.0,kgs,9,,,,""
2025-01-04,Cable Overhead Triceps Extension,Triceps,60.0,kgs,6,,,,""
2025-01-04,Cable Overhead Triceps Extension,Triceps,60.0,kgs,4,,,,""
2025-01-04,Incline Dumbbell Bench Press,Chest,24.0,kgs,11,,,,""
2025-01-04,Incline Dumbbell Bench Press,Chest,24.0,kgs,7,,,,""
2025-01-04,Incline Dumbbell Bench Press,Chest,24.0,kgs,8,,,,""
2025-01-04,Seated Dumbbell Press,Shoulders,22.0,kgs,6,,,,""
2025-01-04,Seated Dumbbell Press,Shoulders,22.0,kgs,6,,,,""
2025-01-04,Seated Dumbbell Press,Shoulders,22.0,kgs,7,,,,""
2025-01-04,Seated Incline Dumbbell Curl,Biceps,14.0,kgs,10,,,,""
2025-01-04,Seated Incline Dumbbell Curl,Biceps,14.0,kgs,7,,,,""
2025-01-04,Seated Incline Dumbbell Curl,Biceps,14.0,kgs,5,,,,""
2025-01-04,Seated Dumbbell Lateral Raise,Shoulders,8.0,kgs,10,,,,""
2025-01-04,Seated Dumbbell Lateral Raise,Shoulders,8.0,kgs,8,,,,""
2025-01-04,Seated Dumbbell Lateral Raise,Shoulders,8.0,kgs,8,,,,""
2025-01-05,Deadlift,Back,60.0,kgs,6,,,,""
2025-01-05,Deadlift,Back,100.0,kgs,12,,,,""
2025-01-05,Deadlift,Back,130.0,kgs,2,,,,""
2025-01-05,Deadlift,Back,110.0,kgs,6,,,,""
2025-01-05,Deadlift,Back,110.0,kgs,5,,,,""
2025-01-05,Lat Pulldown,Back,55.0,kgs,9,,,,""
2025-01-05,Lat Pulldown,Back,55.0,kgs,12,,,,""
2025-01-05,Lat Pulldown,Back,55.0,kgs,6,,,,""
2025-01-05,T-Bar Row,Back,40.0,kgs,6,,,,""
2025-01-05,T-Bar Row,Back,40.0,kgs,7,,,,""
2025-01-05,T-Bar Row,Back,40.0,kgs,10,,,,""
2025-01-05,Reverse Fly Unilateral,Back,25.0,kgs,12,,,,""
2025-01-05,Reverse Fly Unilateral,Back,25.0,kgs,10,,,,""
2025-01-06,Leg Press,Legs,100.0,kgs,12,,,,""
2025-01-06,Leg Press,Legs,180.0,kgs,12,,,,""
2025-01-06,Leg Press,Legs,180.0,kgs,10,,,,""
2025-01-06,Leg Press,Legs,180.0,kgs,8,,,,""
2025-01-06,Leg Extension Machine,Legs,60.0,kgs,12,,,,""
2025-01-06,Leg Extension Machine,Legs,60.0,kgs,12,,,,""
2025-01-06,Leg Extension Machine,Legs,60.0,kgs,10,,,,""
2025-01-06,Lying Leg Curl Machine,Legs,45.0,kgs,12,,,,""
2025-01-06,Lying Leg Curl Machine,Legs,50.0,kgs,7,,,,""
2025-01-06,Hip Abductor Tritte Außen,Legs,70.0,kgs,12,,,,""
2025-01-06,Leg Press Calfs,Legs,180.0,kgs,20,,,,""
2025-01-06,Leg Press Calfs,Legs,195.0,kgs,14,,,,""
2025-01-06,Lying Leg Curl Machine,Legs,50.0,kgs,5,,,,""
2025-01-06,Hip Abductor Tritte Außen,Legs,75.0,kgs,6,,,,""
2025-01-06,Hip Abductor Tritte Außen,Legs,75.0,kgs,4,,,,""
2025-01-06,Leg Press Calfs,Legs,195.0,kgs,12,,,,""
2025-01-06,Hanging Leg Raise,Abs,69.0,kgs,12,,,,""
2025-01-06,Hanging Leg Raise,Abs,69.0,kgs,12,,,,""
2025-01-06,Hanging Leg Raise,Abs,69.0,kgs,12,,,,""
2025-01-08,Lat Pulldown,Back,55.0,kgs,12,,,,""
2025-01-08,Lat Pulldown,Back,60.0,kgs,10,,,,""
2025-01-08,Lat Pulldown,Back,60.0,kgs,9,,,,""
2025-01-08,T-Bar Row,Back,40.0,kgs,9,,,,""
2025-01-08,T-Bar Row,Back,40.0,kgs,10,,,,""
2025-01-08,T-Bar Row,Back,40.0,kgs,9,,,,""
2025-01-08,Seated Cable Row,Back,55.0,kgs,10,,,,""
2025-01-08,Seated Cable Row,Back,55.0,kgs,11,,,,""
2025-01-08,Seated Cable Row,Back,55.0,kgs,10,,,,""
2025-01-08,Seated Incline Dumbbell Curl,Biceps,14.0,kgs,8,,,,""
2025-01-08,Seated Incline Dumbbell Curl,Biceps,14.0,kgs,6,,,,""
2025-01-08,Seated Incline Dumbbell Curl,Biceps,14.0,kgs,6,,,,""
2025-01-08,Dumbbell Preacher Curl,Biceps,12.0,kgs,7,,,,""
2025-01-08,Dumbbell Preacher Curl,Biceps,12.0,kgs,6,,,,""
2025-01-08,Dumbbell Preacher Curl,Biceps,12.0,kgs,7,,,,""
2025-01-10,Flat Barbell Bench Press,Chest,50.0,kgs,12,,,,""
2025-01-10,Flat Barbell Bench Press,Chest,70.0,kgs,5,,,,""
2025-01-10,Flat Barbell Bench Press,Chest,90.0,kgs,5,,,,""
2025-01-10,Flat Barbell Bench Press,Chest,80.0,kgs,8,,,,""
2025-01-10,Incline Dumbbell Bench Press,Chest,26.0,kgs,8,,,,""
2025-01-10,Incline Dumbbell Bench Press,Chest,26.0,kgs,8,,,,""
2025-01-10,Incline Dumbbell Bench Press,Chest,26.0,kgs,6,,,,""
2025-01-10,Seated Dumbbell Press,Shoulders,22.0,kgs,7,,,,""
2025-01-10,Seated Dumbbell Press,Shoulders,20.0,kgs,7,,,,""
2025-01-10,Lateral Dumbbell Raise,Shoulders,8.0,kgs,8,,,,""
2025-01-10,Lateral Dumbbell Raise,Shoulders,8.0,kgs,8,,,,""
2025-01-10,Lateral Dumbbell Raise,Shoulders,7.0,kgs,9,,,,""
2025-01-10,Lateral Dumbbell Raise,Shoulders,7.0,kgs,10,,,,""
2025-01-10,Cable Overhead Triceps Extension,Triceps,60.0,kgs,9,,,,""
2025-01-10,Cable Overhead Triceps Extension,Triceps,60.0,kgs,6,,,,""
2025-01-10,Cable Overhead Triceps Extension,Triceps,60.0,kgs,7,,,,""
2025-01-10,Triceps Kickbacks,Triceps,10.0,kgs,14,,,,""
2025-01-10,Triceps Kickbacks,Triceps,10.0,kgs,14,,,,""
2025-01-10,Triceps Kickbacks,Triceps,10.0,kgs,12,,,,""
2025-01-10,Cable Fly,Chest,25.0,kgs,12,,,,""
2025-01-10,Cable Fly,Chest,25.0,kgs,8,,,,""
2025-01-10,Cable Fly,Chest,25.0,kgs,9,,,,""
2025-01-12,Flat Barbell Bench Press,Chest,50.0,kgs,8,,,,""
2025-01-12,Flat Barbell Bench Press,Chest,80.0,kgs,2,,,,""
2025-01-12,Flat Barbell Bench Press,Chest,105.0,kgs,0,,,,""
2025-01-12,Flat Barbell Bench Press,Chest,90.0,kgs,4,,,,""
2025-01-12,Flat Barbell Bench Press,Chest,80.0,kgs,7,,,,""
2025-01-12,Incline Dumbbell Bench Press,Chest,26.0,kgs,7,,,,""
2025-01-12,Incline Dumbbell Bench Press,Chest,26.0,kgs,5,,,,""
2025-01-12,Cable Fly,Chest,25.0,kgs,9,,,,""
2025-01-12,Cable Fly,Chest,25.0,kgs,8,,,,""
2025-01-12,Cable Fly,Chest,25.0,kgs,8,,,,""
2025-01-12,Seated Dumbbell Press,Shoulders,22.0,kgs,7,,,,""
2025-01-12,Seated Dumbbell Press,Shoulders,22.0,kgs,6,,,,""
2025-01-12,Cable Overhead Triceps Extension,Triceps,60.0,kgs,6,,,,""
2025-01-12,Cable Overhead Triceps Extension,Triceps,55.0,kgs,9,,,,""
2025-01-12,Cable Overhead Triceps Extension,Triceps,55.0,kgs,11,,,,""
2025-01-12,Lateral Dumbbell Raise,Shoulders,8.0,kgs,15,,,,""
2025-01-12,Lateral Dumbbell Raise,Shoulders,8.0,kgs,13,,,,""
2025-01-12,Triceps Kickbacks,Triceps,15.0,kgs,14,,,,""
2025-01-12,Triceps Kickbacks,Triceps,15.0,kgs,13,,,,""
2025-01-12,Lateral Dumbbell Raise,Shoulders,8.0,kgs,11,,,,""
2025-01-13,Barbell Squat,Legs,20.0,kgs,12,,,,""
2025-01-13,Barbell Squat,Legs,50.0,kgs,5,,,,""
2025-01-13,Leg Press,Legs,100.0,kgs,12,,,,""
2025-01-13,Leg Press,Legs,190.0,kgs,5,,,,""
2025-01-13,Leg Press,Legs,180.0,kgs,7,,,,""
2025-01-13,Leg Extension Machine,Legs,60.0,kgs,12,,,,""
2025-01-13,Leg Extension Machine,Legs,60.0,kgs,12,,,,""
2025-01-13,Leg Extension Machine,Legs,60.0,kgs,10,,,,""
2025-01-13,Lying Leg Curl Machine,Legs,50.0,kgs,8,,,,""
2025-01-13,Lying Leg Curl Machine,Legs,50.0,kgs,7,,,,""
2025-01-13,Hip Abductor Tritte Außen,Legs,75.0,kgs,12,,,,""
2025-01-13,Hip Abductor Tritte Außen,Legs,75.0,kgs,8,,,,""
2025-01-13,Hip Abductor Tritte Außen,Legs,75.0,kgs,4,,,,""
2025-01-13,Leg Press Calfs,Legs,197.0,kgs,18,,,,""
2025-01-13,Lying Leg Curl Machine,Legs,50.0,kgs,8,,,,""
2025-01-13,Leg Press Calfs,Legs,197.0,kgs,16,,,,""
2025-01-13,Leg Press Calfs,Legs,197.0,kgs,12,,,,""
2025-01-14,Deadlift,Back,60.0,kgs,12,,,,""
2025-01-14,Deadlift,Back,100.0,kgs,5,,,,""
2025-01-14,Deadlift,Back,140.0,kgs,1,,,,""
2025-01-14,Deadlift,Back,110.0,kgs,8,,,,""
2025-01-14,Deadlift,Back,100.0,kgs,7,,,,""
2025-01-14,T-Bar Row,Back,40.0,kgs,12,,,,""
2025-01-14,T-Bar Row,Back,45.0,kgs,10,,,,""
2025-01-14,T-Bar Row,Back,45.0,kgs,9,,,,""
2025-01-14,Lat Pulldown,Back,55.0,kgs,10,,,,""
2025-01-14,Lat Pulldown,Back,55.0,kgs,8,,,,""
2025-01-14,Lat Pulldown,Back,55.0,kgs,10,,,,""
2025-01-14,Lat Pulldown,Back,55.0,kgs,10,,,,""
2025-01-14,Seated Cable Row,Back,60.0,kgs,11,,,,""
2025-01-14,Seated Cable Row,Back,60.0,kgs,10,,,,""
2025-01-14,Seated Cable Row,Back,60.0,kgs,9,,,,""
2025-01-14,Seated Dumbell Curl,Biceps,14.0,kgs,6,,,,""
2025-01-14,Seated Dumbell Curl,Biceps,14.0,kgs,6,,,,""
2025-01-14,Seated Dumbell Curl,Biceps,14.0,kgs,7,,,,""
2025-01-14,EZ-Bar Preacher Curl,Biceps,22.5,kgs,9,,,,""
2025-01-14,EZ-Bar Preacher Curl,Biceps,22.5,kgs,8,,,,""
2025-01-14,EZ-Bar Preacher Curl,Biceps,22.5,kgs,4,,,,""
2025-01-16,Flat Barbell Bench Press,Chest,50.0,kgs,12,,,,""
2025-01-16,Flat Barbell Bench Press,Chest,70.0,kgs,5,,,,""
2025-01-16,Flat Barbell Bench Press,Chest,90.0,kgs,4,,,,""
2025-01-16,Flat Barbell Bench Press,Chest,80.0,kgs,5,,,,""
2025-01-16,Incline Dumbbell Bench Press,Chest,24.0,kgs,8,,,,""
2025-01-16,Incline Dumbbell Bench Press,Chest,24.0,kgs,7,,,,""
2025-01-16,Cable Overhead Triceps Extension,Triceps,55.0,kgs,7,,,,""
2025-01-16,Cable Overhead Triceps Extension,Triceps,55.0,kgs,8,,,,""
2025-01-16,Cable Overhead Triceps Extension,Triceps,55.0,kgs,7,,,,""
2025-01-16,Cable Fly,Chest,20.0,kgs,18,,,,""
2025-01-16,Cable Fly,Chest,25.0,kgs,11,,,,""
2025-01-16,Cable Fly,Chest,25.0,kgs,8,,,,""
2025-01-16,Lateral Dumbbell Raise,Shoulders,8.0,kgs,16,,,,""
2025-01-16,Lateral Dumbbell Raise,Shoulders,8.0,kgs,13,,,,""
2025-01-16,Lateral Dumbbell Raise,Shoulders,8.0,kgs,11,,,,""
2025-01-16,Seated Dumbbell Press,Shoulders,22.0,kgs,4,,,,""
2025-01-16,Seated Dumbbell Press,Shoulders,20.0,kgs,7,,,,""
2025-01-16,Cable Lateral Unilat,Shoulders,10.0,kgs,10,,,,""
2025-01-16,Cable Lateral Unilat,Shoulders,10.0,kgs,10,,,,""
2025-01-17,T-Bar Row,Back,45.0,kgs,12,,,,""
2025-01-17,T-Bar Row,Back,50.0,kgs,11,,,,""
2025-01-17,T-Bar Row,Back,50.0,kgs,11,,,,""
2025-01-17,Seated Cable Row,Back,55.0,kgs,12,,,,""
2025-01-17,Seated Cable Row,Back,55.0,kgs,12,,,,""
2025-01-17,Seated Cable Row,Back,55.0,kgs,12,,,,""
2025-01-17,Lat Pulldown,Back,60.0,kgs,10,,,,""
2025-01-17,Lat Pulldown,Back,60.0,kgs,10,,,,""
2025-01-17,Lat Pulldown,Back,60.0,kgs,8,,,,""
2025-01-17,EZ-Bar Preacher Curl,Biceps,22.5,kgs,12,,,,""
2025-01-17,Seated Incline Dumbbell Curl,Biceps,14.0,kgs,8,,,,""
2025-01-17,Seated Incline Dumbbell Curl,Biceps,14.0,kgs,6,,,,""
2025-01-17,Seated Incline Dumbbell Curl,Biceps,14.0,kgs,6,,,,""
2025-01-17,EZ-Bar Preacher Curl,Biceps,22.5,kgs,10,,,,""
2025-01-17,EZ-Bar Preacher Curl,Biceps,22.5,kgs,10,,,,""
2025-01-19,Flat Barbell Bench Press,Chest,50.0,kgs,12,,,,""
2025-01-19,Flat Barbell Bench Press,Chest,70.0,kgs,6,,,,""
2025-01-19,Flat Barbell Bench Press,Chest,90.0,kgs,5,,,,""
2025-01-19,Flat Barbell Bench Press,Chest,80.0,kgs,5,,,,""
2025-01-19,Incline Dumbbell Bench Press,Chest,26.0,kgs,12,,,,""
2025-01-19,Incline Dumbbell Bench Press,Chest,28.0,kgs,8,,,,""
2025-01-19,Seated Dumbbell Press,Shoulders,22.0,kgs,8,,,,""
2025-01-19,Cable Fly,Chest,25.0,kgs,12,,,,""
2025-01-19,Cable Fly,Chest,25.0,kgs,12,,,,""
2025-01-19,Cable Fly,Chest,25.0,kgs,11,,,,""
2025-01-19,Cable Overhead Triceps Extension,Triceps,55.0,kgs,12,,,,""
2025-01-19,Cable Overhead Triceps Extension,Triceps,55.0,kgs,10,,,,""
2025-01-19,Cable Overhead Triceps Extension,Triceps,55.0,kgs,8,,,,""
2025-01-19,Triceps Kickbacks,Triceps,12.5,kgs,10,,,,""
2025-01-19,Triceps Kickbacks,Triceps,15.0,kgs,14,,,,""
2025-01-19,Triceps Kickbacks,Triceps,15.0,kgs,10,,,,""
2025-01-20,Leg Press,Legs,100.0,kgs,12,,,,""
2025-01-20,Leg Press,Legs,190.0,kgs,10,,,,""
2025-01-20,Leg Press,Legs,190.0,kgs,7,,,,""
2025-01-20,Leg Extension Machine,Legs,70.0,kgs,12,,,,""
2025-01-20,Leg Extension Machine,Legs,75.0,kgs,10,,,,""
2025-01-20,Leg Extension Machine,Legs,75.0,kgs,9,,,,""
2025-01-20,Lying Leg Curl Machine,Legs,50.0,kgs,9,,,,""
2025-01-20,Lying Leg Curl Machine,Legs,50.0,kgs,7,,,,""
2025-01-20,Hip Abductor Tritte Außen,Legs,75.0,kgs,12,,,,""
2025-01-20,Hip Abductor Tritte Außen,Legs,75.0,kgs,10,,,,""
2025-01-20,Hip Abductor Tritte Außen,Legs,75.0,kgs,9,,,,""
2025-01-20,Leg Press Calfs,Legs,197.0,kgs,20,,,,""
2025-01-20,Leg Press Calfs,Legs,197.0,kgs,16,,,,""
2025-01-20,Leg Press Calfs,Legs,197.0,kgs,12,,,,""
2025-01-21,Deadlift,Back,60.0,kgs,12,,,,""
2025-01-21,Deadlift,Back,110.0,kgs,4,,,,""
2025-01-21,Deadlift,Back,150.0,kgs,0,,,,""
2025-01-21,Deadlift,Back,150.0,kgs,0,,,,""
2025-01-21,Deadlift,Back,110.0,kgs,10,,,,""
2025-01-21,Lat Pulldown,Back,55.0,kgs,14,,,,""
2025-01-21,Lat Pulldown,Back,60.0,kgs,12,,,,""
2025-01-21,Lat Pulldown,Back,60.0,kgs,9,,,,""
2025-01-21,Lat Pulldown,Back,55.0,kgs,10,,,,""
2025-01-21,Seated Dumbell Curl,Biceps,14.0,kgs,8,,,,""
2025-01-21,Seated Dumbell Curl,Biceps,14.0,kgs,6,,,,""
2025-01-21,Seated Dumbell Curl,Biceps,14.0,kgs,6,,,,""
2025-01-21,T-Bar Row,Back,45.0,kgs,9,,,,""
2025-01-21,T-Bar Row,Back,45.0,kgs,9,,,,""
2025-01-21,Seated Machine Curl,Biceps,35.0,kgs,10,,,,""
2025-01-21,Seated Machine Curl,Biceps,35.0,kgs,8,,,,""
2025-01-21,T-Bar Row,Back,45.0,kgs,9,,,,""
2025-01-21,Seated Machine Curl,Biceps,35.0,kgs,8,,,,""
2025-01-24,Flat Barbell Bench Press,Chest,50.0,kgs,12,,,,""
2025-01-24,Flat Barbell Bench Press,Chest,70.0,kgs,4,,,,""
2025-01-24,Flat Barbell Bench Press,Chest,90.0,kgs,4,,,,""
2025-01-24,Flat Barbell Bench Press,Chest,80.0,kgs,7,,,,""
2025-01-24,Incline Dumbbell Bench Press,Chest,28.0,kgs,7,,,,""
2025-01-24,Incline Dumbbell Bench Press,Chest,28.0,kgs,7,,,,""
2025-01-24,Seated Dumbbell Press,Shoulders,22.0,kgs,10,,,,""
2025-01-24,Seated Dumbbell Press,Shoulders,22.0,kgs,6,,,,""
2025-01-24,Seated Dumbbell Press,Shoulders,22.0,kgs,7,,,,""
2025-01-24,Triceps Kickbacks,Triceps,15.0,kgs,14,,,,""
2025-01-24,Triceps Kickbacks,Triceps,15.0,kgs,14,,,,""
2025-01-24,Triceps Kickbacks,Triceps,20.0,kgs,10,,,,""
2025-01-24,Cable Overhead Triceps Extension,Triceps,55.0,kgs,8,,,,""
2025-01-24,Cable Overhead Triceps Extension,Triceps,55.0,kgs,7,,,,""
2025-01-24,Cable Overhead Triceps Extension,Triceps,55.0,kgs,8,,,,""
2025-01-24,Cable Fly,Chest,25.0,kgs,14,,,,""
2025-01-24,Cable Fly,Chest,30.0,kgs,12,,,,""
2025-01-25,Deadlift,Back,60.0,kgs,12,,,,""
2025-01-25,Deadlift,Back,100.0,kgs,12,,,,""
2025-01-25,Deadlift,Back,100.0,kgs,8,,,,""
2025-01-25,Lat Pulldown,Back,60.0,kgs,12,,,,""
2025-01-25,Lat Pulldown,Back,65.0,kgs,10,,,,""
2025-01-25,Lat Pulldown,Back,65.0,kgs,7,,,,""
2025-01-25,Seated Cable Row,Back,55.0,kgs,11,,,,""
2025-01-25,Seated Cable Row,Back,55.0,kgs,9,,,,""
2025-01-25,Seated Dumbell Curl,Biceps,14.0,kgs,6,,,,""
2025-01-25,Seated Dumbell Curl,Biceps,14.0,kgs,7,,,,""
2025-01-25,Seated Dumbell Curl,Biceps,14.0,kgs,6,,,,""
2025-01-25,EZ-Bar Preacher Curl,Biceps,22.5,kgs,9,,,,""
2025-01-25,EZ-Bar Preacher Curl,Biceps,22.5,kgs,9,,,,""
2025-01-25,Seated Cable Row,Back,55.0,kgs,10,,,,""
2025-01-25,EZ-Bar Preacher Curl,Biceps,22.5,kgs,10,,,,""
2025-01-28,Incline Dumbbell Bench Press,Chest,30.0,kgs,9,,,,""
2025-01-28,Incline Dumbbell Bench Press,Chest,30.0,kgs,7,,,,""
2025-01-28,Incline Dumbbell Bench Press,Chest,30.0,kgs,7,,,,""
2025-01-28,Seated Dumbbell Press,Shoulders,22.0,kgs,11,,,,""
2025-01-28,Seated Dumbbell Press,Shoulders,22.0,kgs,8,,,,""
2025-01-28,Seated Dumbbell Press,Shoulders,22.0,kgs,7,,,,""
2025-01-28,Cable Fly,Chest,30.0,kgs,9,,,,""
2025-01-28,Cable Fly,Chest,25.0,kgs,8,,,,""
2025-01-28,Triceps Kickbacks,Triceps,20.0,kgs,13,,,,""
2025-01-28,Cable Overhead Triceps Extension,Triceps,55.0,kgs,6,,,,""
2025-01-28,Cable Overhead Triceps Extension,Triceps,55.0,kgs,9,,,,""
2025-01-28,Cable Overhead Triceps Extension,Triceps,55.0,kgs,7,,,,""
2025-01-28,Cable Fly,Chest,25.0,kgs,8,,,,""
2025-01-28,Triceps Kickbacks,Triceps,20.0,kgs,10,,,,""
2025-01-28,Triceps Kickbacks,Triceps,20.0,kgs,8,,,,""
2025-01-30,T-Bar Row,Back,50.0,kgs,12,,,,""
2025-01-30,T-Bar Row,Back,55.0,kgs,9,,,,""
2025-01-30,T-Bar Row,Back,55.0,kgs,7,,,,""
2025-01-30,Lat Pulldown,Back,60.0,kgs,12,,,,""
2025-01-30,Lat Pulldown,Back,60.0,kgs,10,,,,""
2025-01-30,Lat Pulldown,Back,60.0,kgs,10,,,,""
2025-01-30,Face Pull,Back,50.0,kgs,16,,,,""
2025-01-30,Face Pull,Back,60.0,kgs,12,,,,""
2025-01-30,Face Pull,Back,60.0,kgs,12,,,,""
2025-01-30,EZ-Bar Preacher Curl,Biceps,22.5,kgs,12,,,,""
2025-01-30,EZ-Bar Preacher Curl,Biceps,22.5,kgs,9,,,,""
2025-01-30,EZ-Bar Preacher Curl,Biceps,22.5,kgs,7,,,,""
2025-01-31,Leg Press,Legs,100.0,kgs,12,,,,""
2025-01-31,Leg Press,Legs,180.0,kgs,12,,,,""
2025-01-31,Leg Press,Legs,190.0,kgs,9,,,,""
2025-01-31,Leg Press,Legs,190.0,kgs,7,,,,""
2025-01-31,Leg Extension Machine,Legs,75.0,kgs,11,,,,""
2025-01-31,Leg Extension Machine,Legs,75.0,kgs,9,,,,""
2025-01-31,Leg Extension Machine,Legs,75.0,kgs,8,,,,""
2025-01-31,Lying Leg Curl Machine,Legs,50.0,kgs,10,,,,""
2025-01-31,Lying Leg Curl Machine,Legs,50.0,kgs,7,,,,""
2025-01-31,Lying Leg Curl Machine,Legs,50.0,kgs,10,,,,""
2025-01-31,Leg Press Calfs,Legs,197.0,kgs,14,,,,""
2025-01-31,Leg Press Calfs,Legs,189.0,kgs,15,,,,""
2025-01-31,Leg Press Calfs,Legs,189.0,kgs,14,,,,""
2025-01-31,Hip Abductor Tritte Außen,Legs,75.0,kgs,12,,,,""
2025-01-31,Hip Abductor Tritte Außen,Legs,75.0,kgs,10,,,,""
2025-01-31,Hip Abductor Tritte Außen,Legs,75.0,kgs,9,,,,""
2025-02-01,Flat Barbell Bench Press,Chest,50.0,kgs,12,,,,""
2025-02-01,Flat Barbell Bench Press,Chest,70.0,kgs,4,,,,""
2025-02-01,Flat Barbell Bench Press,Chest,90.0,kgs,3,,,,""
2025-02-01,Flat Barbell Bench Press,Chest,80.0,kgs,7,,,,""
2025-02-01,Seated Machine Fly,Chest,53.0,kgs,8,,,,""
2025-02-01,Seated Machine Fly,Chest,53.0,kgs,7,,,,""
2025-02-01,Seated Dumbbell Press,Shoulders,22.0,kgs,8,,,,""
2025-02-01,Seated Dumbbell Press,Shoulders,22.0,kgs,8,,,,""
2025-02-01,Seated Dumbbell Press,Shoulders,22.0,kgs,7,,,,""
2025-02-01,Cable Overhead Triceps Extension,Triceps,60.0,kgs,7,,,,""
2025-02-01,Cable Overhead Triceps Extension,Triceps,55.0,kgs,8,,,,""
2025-02-01,Cable Overhead Triceps Extension,Triceps,55.0,kgs,7,,,,""
2025-02-01,Triceps Kickbacks,Triceps,15.0,kgs,10,,,,""
2025-02-01,Triceps Kickbacks,Triceps,20.0,kgs,10,,,,""
2025-02-01,Triceps Kickbacks,Triceps,20.0,kgs,11,,,,""
2025-02-04,Lat Pulldown,Back,60.0,kgs,12,,,,""
2025-02-04,Lat Pulldown,Back,60.0,kgs,12,,,,""
2025-02-04,Lat Pulldown,Back,60.0,kgs,10,,,,""
2025-02-04,Seated Cable Row,Back,55.0,kgs,12,,,,""
2025-02-04,T-Bar Row,Back,55.0,kgs,7,,,,""
2025-02-04,T-Bar Row,Back,50.0,kgs,9,,,,""
2025-02-04,EZ-Bar Preacher Curl,Biceps,22.5,kgs,14,,,,""
2025-02-04,EZ-Bar Preacher Curl,Biceps,25.0,kgs,10,,,,""
2025-02-04,EZ-Bar Preacher Curl,Biceps,25.0,kgs,8,,,,""
2025-02-04,Seated Cable Row,Back,55.0,kgs,12,,,,""
2025-02-04,Seated Cable Row,Back,60.0,kgs,12,,,,""
2025-02-04,T-Bar Row,Back,50.0,kgs,9,,,,""
2025-02-04,Seated Dumbell Curl,Biceps,14.0,kgs,7,,,,""
2025-02-04,Seated Dumbell Curl,Biceps,14.0,kgs,6,,,,""
2025-02-04,Seated Dumbell Curl,Biceps,14.0,kgs,7,,,,""
2025-02-06,Leg Press,Legs,100.0,kgs,12,,,,""
2025-02-06,Leg Press,Legs,140.0,kgs,12,,,,""
2025-02-06,Leg Press,Legs,190.0,kgs,10,,,,""
2025-02-06,Leg Press,Legs,190.0,kgs,8,,,,""
2025-02-06,Leg Press,Legs,190.0,kgs,5,,,,""
2025-02-06,Leg Press Calfs,Legs,197.0,kgs,22,,,,""
2025-02-06,Leg Press Calfs,Legs,197.0,kgs,16,,,,""
2025-02-06,Leg Press Calfs,Legs,197.0,kgs,11,,,,""
2025-02-06,Leg Extension Machine,Legs,75.0,kgs,12,,,,""
2025-02-06,Leg Extension Machine,Legs,75.0,kgs,8,,,,""
2025-02-06,Leg Extension Machine,Legs,75.0,kgs,8,,,,""
2025-02-06,Lying Leg Curl Machine,Legs,50.0,kgs,12,,,,""
2025-02-06,Lying Leg Curl Machine,Legs,50.0,kgs,10,,,,""
2025-02-06,Lying Leg Curl Machine,Legs,50.0,kgs,8,,,,""
2025-02-06,Hip Abductor Tritte Außen,Legs,75.0,kgs,12,,,,""
2025-02-06,Hip Abductor Tritte Außen,Legs,75.0,kgs,8,,,,""
2025-02-06,Hip Abductor Tritte Außen,Legs,75.0,kgs,8,,,,""
2025-02-07,Incline Dumbbell Bench Press,Chest,32.0,kgs,9,,,,""
2025-02-07,Incline Dumbbell Bench Press,Chest,32.0,kgs,5,,,,""
2025-02-07,Incline Dumbbell Bench Press,Chest,32.0,kgs,6,,,,""
2025-02-07,Seated Dumbbell Press,Shoulders,24.0,kgs,9,,,,""
2025-02-07,Seated Dumbbell Press,Shoulders,24.0,kgs,8,,,,""
2025-02-07,Seated Dumbbell Press,Shoulders,24.0,kgs,8,,,,""
2025-02-07,Triceps Kickbacks,Triceps,20.0,kgs,13,,,,""
2025-02-07,Triceps Kickbacks,Triceps,20.0,kgs,12,,,,""
2025-02-07,Triceps Kickbacks,Triceps,20.0,kgs,8,,,,""
2025-02-07,Cable Overhead Triceps Extension,Triceps,55.0,kgs,8,,,,""
2025-02-07,Cable Overhead Triceps Extension,Triceps,55.0,kgs,7,,,,""
2025-02-07,Cable Overhead Triceps Extension,Triceps,55.0,kgs,8,,,,""
2025-02-07,Cable Fly,Chest,25.0,kgs,14,,,,""
2025-02-07,Cable Fly,Chest,25.0,kgs,12,,,,""
2025-02-07,Cable Fly,Chest,25.0,kgs,8,,,,""
2025-02-09,Lat Pulldown,Back,65.0,kgs,12,,,,""
2025-02-09,Lat Pulldown,Back,65.0,kgs,12,,,,""
2025-02-09,Lat Pulldown,Back,65.0,kgs,10,,,,""
2025-02-09,Seated Cable Row,Back,60.0,kgs,12,,,,""
2025-02-09,Seated Cable Row,Back,60.0,kgs,12,,,,""
2025-02-09,Seated Cable Row,Back,60.0,kgs,12,,,,""
2025-02-09,Reverse Fly Unilateral,Back,25.0,kgs,12,,,,""
2025-02-09,Reverse Fly Unilateral,Back,25.0,kgs,12,,,,""
2025-02-09,Reverse Fly Unilateral,Back,25.0,kgs,12,,,,""
2025-02-09,EZ-Bar Preacher Curl,Biceps,25.0,kgs,12,,,,""
2025-02-09,EZ-Bar Preacher Curl,Biceps,25.0,kgs,10,,,,""
2025-02-09,EZ-Bar Preacher Curl,Biceps,25.0,kgs,10,,,,""
2025-02-09,Seated Dumbell Curl,Biceps,14.0,kgs,7,,,,""
2025-02-09,Seated Dumbell Curl,Biceps,14.0,kgs,6,,,,""
2025-02-09,Seated Dumbell Curl,Biceps,14.0,kgs,7,,,,""
2025-02-11,Flat Barbell Bench Press,Chest,50.0,kgs,12,,,,""
2025-02-11,Flat Barbell Bench Press,Chest,70.0,kgs,4,,,,""
2025-02-11,Flat Barbell Bench Press,Chest,90.0,kgs,6,,,,""
2025-02-11,Flat Barbell Bench Press,Chest,80.0,kgs,7,,,,""
2025-02-11,Seated Dumbbell Press,Shoulders,24.0,kgs,6,,,,""
2025-02-11,Triceps Kickbacks,Triceps,20.0,kgs,13,,,,""
2025-02-11,Triceps Kickbacks,Triceps,20.0,kgs,11,,,,""
2025-02-11,Cable Overhead Triceps Extension,Triceps,55.0,kgs,7,,,,""
2025-02-11,Cable Overhead Triceps Extension,Triceps,55.0,kgs,7,,,,""
2025-02-11,Seated Machine Fly,Chest,50.0,kgs,9,,,,""
2025-02-11,Seated Machine Fly,Chest,50.0,kgs,7,,,,""
2025-02-11,Triceps Kickbacks,Triceps,20.0,kgs,10,,,,""
2025-02-11,Cable Overhead Triceps Extension,Triceps,55.0,kgs,7,,,,""
2025-02-11,Seated Machine Fly,Chest,50.0,kgs,7,,,,""
2025-02-12,Lat Pulldown,Back,65.0,kgs,12,,,,""
2025-02-12,Lat Pulldown,Back,70.0,kgs,10,,,,""
2025-02-12,Lat Pulldown,Back,70.0,kgs,8,,,,""
2025-02-12,T-Bar Row,Back,55.0,kgs,10,,,,""
2025-02-12,Seated Cable Row,Back,60.0,kgs,10,,,,""
2025-02-12,Seated Cable Row,Back,60.0,kgs,12,,,,""
2025-02-12,Seated Cable Row,Back,60.0,kgs,12,,,,""
2025-02-12,Seated Dumbell Curl,Biceps,12.0,kgs,12,,,,""
2025-02-12,Seated Dumbell Curl,Biceps,14.0,kgs,7,,,,""
2025-02-12,Seated Dumbell Curl,Biceps,14.0,kgs,7,,,,""
2025-02-12,T-Bar Row,Back,55.0,kgs,10,,,,""
2025-02-12,T-Bar Row,Back,55.0,kgs,10,,,,""
2025-02-12,Seated Hammer Curl,Biceps,14.0,kgs,9,,,,""
2025-02-12,Seated Hammer Curl,Biceps,14.0,kgs,10,,,,""
2025-02-12,Seated Hammer Curl,Biceps,14.0,kgs,10,,,,""
2025-02-15,Leg Press,Legs,140.0,kgs,12,,,,""
2025-02-15,Leg Press,Legs,190.0,kgs,13,,,,""
2025-02-15,Leg Press,Legs,190.0,kgs,10,,,,""
2025-02-15,Lying Leg Curl Machine,Legs,50.0,kgs,10,,,,""
2025-02-15,Lying Leg Curl Machine,Legs,50.0,kgs,8,,,,""
2025-02-15,Lying Leg Curl Machine,Legs,50.0,kgs,8,,,,""
2025-02-15,Leg Extension Machine,Legs,75.0,kgs,10,,,,""
2025-02-15,Leg Extension Machine,Legs,75.0,kgs,8,,,,""
2025-02-15,Leg Extension Machine,Legs,75.0,kgs,8,,,,""
2025-02-15,Hip Abductor Tritte Außen,Legs,75.0,kgs,10,,,,""
2025-02-15,Hip Abductor Tritte Außen,Legs,75.0,kgs,8,,,,""
2025-02-15,Hip Abductor Tritte Außen,Legs,75.0,kgs,7,,,,""
2025-02-15,Leg Press Calfs,Legs,197.0,kgs,19,,,,""
2025-02-15,Leg Press Calfs,Legs,197.0,kgs,16,,,,""
2025-02-15,Leg Press Calfs,Legs,197.0,kgs,11,,,,""
2025-02-16,Incline Dumbbell Bench Press,Chest,34.0,kgs,10,,,,""
2025-02-16,Incline Dumbbell Bench Press,Chest,34.0,kgs,7,,,,""
2025-02-16,Incline Dumbbell Bench Press,Chest,34.0,kgs,5,,,,""
2025-02-16,Seated Dumbbell Press,Shoulders,24.0,kgs,8,,,,""
2025-02-16,Seated Dumbbell Press,Shoulders,24.0,kgs,6,,,,""
2025-02-16,Seated Dumbbell Press,Shoulders,24.0,kgs,6,,,,""
2025-02-16,Triceps Kickbacks,Triceps,20.0,kgs,12,,,,""
2025-02-16,Triceps Kickbacks,Triceps,20.0,kgs,10,,,,""
2025-02-16,Triceps Kickbacks,Triceps,20.0,kgs,10,,,,""
2025-02-16,Cable Overhead Triceps Extension,Triceps,55.0,kgs,8,,,,""
2025-02-16,Cable Overhead Triceps Extension,Triceps,55.0,kgs,10,,,,""
2025-02-16,Cable Overhead Triceps Extension,Triceps,55.0,kgs,7,,,,""
2025-02-16,Seated Machine Fly,Chest,50.0,kgs,8,,,,""
2025-02-16,Seated Machine Fly,Chest,50.0,kgs,7,,,,""
2025-02-16,Seated Machine Fly,Chest,50.0,kgs,7,,,,""
2025-02-21,Flat Barbell Bench Press,Chest,50.0,kgs,12,,,,""
2025-02-21,Flat Barbell Bench Press,Chest,70.0,kgs,6,,,,""
2025-02-21,Flat Barbell Bench Press,Chest,90.0,kgs,4,,,,""
2025-02-21,Flat Barbell Bench Press,Chest,80.0,kgs,7,,,,""
2025-02-21,Seated Dumbbell Press,Shoulders,24.0,kgs,9,,,,""
2025-02-21,Triceps Kickbacks,Triceps,20.0,kgs,13,,,,""
2025-02-21,Triceps Kickbacks,Triceps,20.0,kgs,12,,,,""
2025-02-21,Triceps Kickbacks,Triceps,20.0,kgs,12,,,,""
2025-02-21,Cable Overhead Triceps Extension,Triceps,55.0,kgs,8,,,,""
2025-02-21,Cable Overhead Triceps Extension,Triceps,55.0,kgs,8,,,,""
2025-02-21,Cable Overhead Triceps Extension,Triceps,55.0,kgs,7,,,,""
2025-02-21,Seated Machine Fly,Chest,50.0,kgs,8,,,,""
2025-02-21,Seated Machine Fly,Chest,50.0,kgs,7,,,,""
2025-02-21,Seated Machine Fly,Chest,50.0,kgs,7,,,,""
2025-02-21,Seated Dumbbell Press,Shoulders,24.0,kgs,8,,,,""
2025-02-21,Seated Dumbbell Press,Shoulders,24.0,kgs,7,,,,""
2025-02-21,Cable Lateral Unilat,Shoulders,15.0,kgs,8,,,,""
2025-02-23,Reverse Lat Pulldown,Back,65.0,kgs,10,,,,""
2025-02-23,Reverse Lat Pulldown,Back,65.0,kgs,8,,,,""
2025-02-23,Reverse Lat Pulldown,Back,65.0,kgs,6,,,,""
2025-02-23,Seated Cable Row,Back,60.0,kgs,10,,,,""
2025-02-23,Seated Cable Row,Back,60.0,kgs,9,,,,""
2025-02-23,Seated Cable Row,Back,60.0,kgs,8,,,,""
2025-02-23,T-Bar Row,Back,50.0,kgs,6,,,,""
2025-02-23,T-Bar Row,Back,45.0,kgs,10,,,,""
2025-02-23,T-Bar Row,Back,45.0,kgs,10,,,,""
2025-02-23,EZ-Bar Preacher Curl,Biceps,25.0,kgs,8,,,,""
2025-02-23,Seated Hammer Curl,Biceps,14.0,kgs,9,,,,""
2025-02-23,Seated Hammer Curl,Biceps,14.0,kgs,7,,,,""
2025-02-23,Seated Hammer Curl,Biceps,14.0,kgs,10,,,,""
2025-02-23,EZ-Bar Preacher Curl,Biceps,25.0,kgs,8,,,,""
2025-02-23,EZ-Bar Preacher Curl,Biceps,25.0,kgs,9,,,,""
2025-02-28,Incline Dumbbell Bench Press,Chest,32.0,kgs,8,,,,""
2025-02-28,Incline Dumbbell Bench Press,Chest,32.0,kgs,6,,,,""
2025-02-28,Incline Dumbbell Bench Press,Chest,32.0,kgs,5,,,,""
2025-02-28,Seated Dumbbell Press,Shoulders,22.0,kgs,10,,,,""
2025-02-28,Seated Dumbbell Press,Shoulders,22.0,kgs,8,,,,""
2025-02-28,Seated Dumbbell Press,Shoulders,24.0,kgs,8,,,,""
2025-02-28,Cable Lateral Unilat,Shoulders,15.0,kgs,13,,,,""
2025-02-28,Cable Lateral Unilat,Shoulders,15.0,kgs,13,,,,""
2025-02-28,Triceps Kickbacks,Triceps,20.0,kgs,12,,,,""
2025-02-28,Triceps Kickbacks,Triceps,20.0,kgs,10,,,,""
2025-02-28,Triceps Kickbacks,Triceps,20.0,kgs,10,,,,""
2025-02-28,Cable Overhead Triceps Extension,Triceps,55.0,kgs,8,,,,""
2025-02-28,Cable Overhead Triceps Extension,Triceps,55.0,kgs,8,,,,""
2025-02-28,Cable Overhead Triceps Extension,Triceps,55.0,kgs,7,,,,""
2025-02-28,Seated Machine Fly,Chest,50.0,kgs,8,,,,""
2025-02-28,Seated Machine Fly,Chest,50.0,kgs,7,,,,""
2025-02-28,Seated Machine Fly,Chest,50.0,kgs,7,,,,""
2025-02-28,Cable Lateral Unilat,Shoulders,15.0,kgs,14,,,,""
2025-03-03,Leg Press,Legs,140.0,kgs,12,,,,""
2025-03-03,Leg Press,Legs,180.0,kgs,14,,,,""
2025-03-03,Leg Press,Legs,200.0,kgs,6,,,,""
2025-03-03,Leg Press,Legs,190.0,kgs,5,,,,""
2025-03-03,Leg Extension Machine,Legs,75.0,kgs,11,,,,""
2025-03-03,Leg Extension Machine,Legs,75.0,kgs,9,,,,""
2025-03-03,Leg Extension Machine,Legs,75.0,kgs,8,,,,""
2025-03-03,Lying Leg Curl Machine,Legs,50.0,kgs,10,,,,""
2025-03-03,Lying Leg Curl Machine,Legs,50.0,kgs,9,,,,""
2025-03-03,Lying Leg Curl Machine,Legs,50.0,kgs,7,,,,""
2025-03-03,Hip Abductor Tritte Außen,Legs,75.0,kgs,10,,,,""
2025-03-03,Hip Abductor Tritte Außen,Legs,75.0,kgs,6,,,,""
2025-03-03,Hip Abductor Tritte Außen,Legs,70.0,kgs,5,,,,""
2025-03-03,Standing Calf Raise Machine,Legs,117.0,kgs,13,,,,""
2025-03-03,Standing Calf Raise Machine,Legs,117.0,kgs,13,,,,""
2025-03-03,Standing Calf Raise Machine,Legs,117.0,kgs,13,,,,""
2025-03-04,Lat Pulldown,Back,50.0,kgs,12,,,,""
2025-03-04,Lat Pulldown,Back,70.0,kgs,10,,,,""
2025-03-04,Lat Pulldown,Back,70.0,kgs,8,,,,""
2025-03-04,Lat Pulldown,Back,70.0,kgs,7,,,,""
2025-03-04,T-Bar Row,Back,50.0,kgs,8,,,,""
2025-03-04,T-Bar Row,Back,47.5,kgs,9,,,,""
2025-03-04,Seated Cable Row,Back,60.0,kgs,9,,,,""
2025-03-04,Seated Cable Row,Back,60.0,kgs,8,,,,""
2025-03-04,Seated Cable Row,Back,55.0,kgs,8,,,,""
2025-03-04,EZ-Bar Preacher Curl,Biceps,25.0,kgs,8,,,,""
2025-03-04,EZ-Bar Preacher Curl,Biceps,25.0,kgs,8,,,,""
2025-03-04,EZ-Bar Preacher Curl,Biceps,25.0,kgs,8,,,,""
2025-03-04,T-Bar Row,Back,47.5,kgs,9,,,,""
2025-03-04,Reverse Fly Unilateral,Back,25.0,kgs,12,,,,""
2025-03-05,Flat Barbell Bench Press,Chest,50.0,kgs,12,,,,""
2025-03-05,Flat Barbell Bench Press,Chest,70.0,kgs,5,,,,""
2025-03-05,Flat Barbell Bench Press,Chest,90.0,kgs,4,,,,""
2025-03-05,Flat Barbell Bench Press,Chest,80.0,kgs,7,,,,""
2025-03-05,Seated Dumbbell Press,Shoulders,24.0,kgs,11,,,,""
2025-03-05,Seated Dumbbell Press,Shoulders,24.0,kgs,5,,,,""
2025-03-05,Seated Dumbbell Press,Shoulders,24.0,kgs,7,,,,""
2025-03-05,Triceps Kickbacks,Triceps,20.0,kgs,17,,,,""
2025-03-05,Triceps Kickbacks,Triceps,20.0,kgs,13,,,,""
2025-03-05,Triceps Kickbacks,Triceps,20.0,kgs,11,,,,""
2025-03-05,Cable Lateral Unilat,Shoulders,17.5,kgs,8,,,,""
2025-03-05,Cable Lateral Unilat,Shoulders,15.0,kgs,10,,,,""
2025-03-05,Cable Lateral Unilat,Shoulders,15.0,kgs,7,,,,""
2025-03-05,Seated Machine Fly,Chest,50.0,kgs,10,,,,""
2025-03-05,Seated Machine Fly,Chest,50.0,kgs,8,,,,""
2025-03-05,Seated Machine Fly,Chest,50.0,kgs,7,,,,""
2025-03-05,Cable Overhead Triceps Extension,Triceps,55.0,kgs,8,,,,""
2025-03-05,Cable Overhead Triceps Extension,Triceps,55.0,kgs,8,,,,""
2025-03-05,Cable Overhead Triceps Extension,Triceps,55.0,kgs,7,,,,""
2025-03-08,Lat Pulldown,Back,50.0,kgs,12,,,,""
2025-03-08,Lat Pulldown,Back,70.0,kgs,10,,,,""
2025-03-08,Lat Pulldown,Back,70.0,kgs,8,,,,""
2025-03-08,Lat Pulldown,Back,70.0,kgs,8,,,,""
2025-03-08,T-Bar Row,Back,47.5,kgs,10,,,,""
2025-03-08,T-Bar Row,Back,47.5,kgs,8,,,,""
2025-03-08,T-Bar Row,Back,47.5,kgs,9,,,,""
2025-03-08,Seated Cable Row,Back,60.0,kgs,10,,,,""
2025-03-08,Seated Cable Row,Back,60.0,kgs,9,,,,""
2025-03-08,Seated Cable Row,Back,60.0,kgs,9,,,,""
2025-03-08,Seated Hammer Curl,Biceps,12.0,kgs,10,,,,""
2025-03-08,Seated Hammer Curl,Biceps,12.0,kgs,10,,,,""
2025-03-08,Seated Hammer Curl,Biceps,12.0,kgs,8,,,,""
2025-03-08,EZ-Bar Preacher Curl,Biceps,25.0,kgs,8,,,,""
2025-03-08,EZ-Bar Preacher Curl,Biceps,25.0,kgs,7,,,,""
2025-03-08,EZ-Bar Preacher Curl,Biceps,25.0,kgs,6,,,,""
2025-03-09,Incline Dumbbell Bench Press,Chest,24.0,kgs,8,,,,""
2025-03-09,Incline Dumbbell Bench Press,Chest,32.0,kgs,12,,,,""
2025-03-09,Incline Dumbbell Bench Press,Chest,32.0,kgs,7,,,,""
2025-03-09,Seated Dumbbell Press,Shoulders,24.0,kgs,8,,,,""
2025-03-09,Seated Dumbbell Press,Shoulders,24.0,kgs,9,,,,""
2025-03-09,Seated Dumbbell Press,Shoulders,24.0,kgs,8,,,,""
2025-03-09,Cable Lateral Unilat,Shoulders,15.0,kgs,8,,,,""
2025-03-09,Cable Lateral Unilat,Shoulders,15.0,kgs,7,,,,""
2025-03-09,Cable Lateral Unilat,Shoulders,15.0,kgs,7,,,,""
2025-03-09,Triceps Kickbacks,Triceps,20.0,kgs,14,,,,""
2025-03-09,Triceps Kickbacks,Triceps,20.0,kgs,14,,,,""
2025-03-09,Triceps Kickbacks,Triceps,20.0,kgs,12,,,,""
2025-03-09,Cable Overhead Triceps Extension,Triceps,55.0,kgs,6,,,,""
2025-03-09,Cable Overhead Triceps Extension,Triceps,50.0,kgs,9,,,,""
2025-03-09,Cable Overhead Triceps Extension,Triceps,50.0,kgs,10,,,,""
2025-03-09,Seated Machine Fly,Chest,53.0,kgs,12,,,,""
2025-03-09,Seated Machine Fly,Chest,53.0,kgs,9,,,,""
2025-03-09,Seated Machine Fly,Chest,53.0,kgs,6,,,,""
2025-03-09,Incline Dumbbell Bench Press,Chest,32.0,kgs,8,,,,""
2025-03-11,Lat Pulldown,Back,50.0,kgs,12,,,,""
2025-03-11,Lat Pulldown,Back,70.0,kgs,12,,,,""
2025-03-11,Lat Pulldown,Back,70.0,kgs,12,,,,""
2025-03-11,Lat Pulldown,Back,70.0,kgs,12,,,,""
2025-03-11,Seated Cable Row,Back,60.0,kgs,12,,,,""
2025-03-11,Seated Cable Row,Back,60.0,kgs,12,,,,""
2025-03-11,Seated Cable Row,Back,60.0,kgs,12,,,,""
2025-03-11,T-Bar Row,Back,50.0,kgs,8,,,,""
2025-03-11,T-Bar Row,Back,45.0,kgs,12,,,,""
2025-03-11,T-Bar Row,Back,47.5,kgs,9,,,,""
2025-03-11,Cable Curl Unilateral,Biceps,20.0,kgs,12,,,,""
2025-03-11,Seated Hammer Curl,Biceps,14.0,kgs,7,,,,""
2025-03-11,Seated Hammer Curl,Biceps,14.0,kgs,8,,,,""
2025-03-11,Cable Curl Unilateral,Biceps,20.0,kgs,12,,,,""
2025-03-11,Cable Curl Unilateral,Biceps,20.0,kgs,10,,,,""
2025-03-13,Flat Barbell Bench Press,Chest,50.0,kgs,12,,,,""
2025-03-13,Flat Barbell Bench Press,Chest,70.0,kgs,5,,,,""
2025-03-13,Flat Barbell Bench Press,Chest,90.0,kgs,6,,,,""
2025-03-13,Flat Barbell Bench Press,Chest,80.0,kgs,7,,,,""
2025-03-13,Seated Dumbbell Press,Shoulders,26.0,kgs,7,,,,""
2025-03-13,Seated Dumbbell Press,Shoulders,26.0,kgs,5,,,,""
2025-03-13,Seated Dumbbell Press,Shoulders,26.0,kgs,3,,,,""
2025-03-13,Triceps Kickbacks,Triceps,22.5,kgs,14,,,,""
2025-03-13,Triceps Kickbacks,Triceps,22.5,kgs,14,,,,""
2025-03-13,Triceps Kickbacks,Triceps,22.5,kgs,13,,,,""
2025-03-13,Cable Lateral Unilat,Shoulders,15.0,kgs,12,,,,""
2025-03-13,Cable Lateral Unilat,Shoulders,15.0,kgs,12,,,,""
2025-03-13,Cable Lateral Unilat,Shoulders,15.0,kgs,10,,,,""
2025-03-14,Leg Press,Legs,140.0,kgs,12,,,,""
2025-03-14,Leg Press,Legs,200.0,kgs,8,,,,""
2025-03-14,Leg Press,Legs,200.0,kgs,6,,,,""
2025-03-14,Leg Extension Machine,Legs,75.0,kgs,12,,,,""
2025-03-14,Leg Extension Machine,Legs,75.0,kgs,10,,,,""
2025-03-14,Leg Extension Machine,Legs,75.0,kgs,8,,,,""
2025-03-14,Lying Leg Curl Machine,Legs,50.0,kgs,11,,,,""
2025-03-14,Lying Leg Curl Machine,Legs,50.0,kgs,8,,,,""
2025-03-14,Lying Leg Curl Machine,Legs,50.0,kgs,6,,,,""
2025-03-14,Hip Abductor Tritte Außen,Legs,70.0,kgs,12,,,,""
2025-03-14,Hip Abductor Tritte Außen,Legs,75.0,kgs,11,,,,""
2025-03-14,Hip Abductor Tritte Außen,Legs,75.0,kgs,8,,,,""
2025-03-14,Leg Press Calfs,Legs,197.0,kgs,24,,,,""
2025-03-14,Leg Press,Legs,190.0,kgs,6,,,,""
2025-03-14,Leg Press Calfs,Legs,197.0,kgs,17,,,,""
2025-03-14,Leg Press Calfs,Legs,197.0,kgs,16,,,,""
2025-03-16,Lat Pulldown,Back,50.0,kgs,12,,,,""
2025-03-16,Lat Pulldown,Back,75.0,kgs,11,,,,""
2025-03-16,Lat Pulldown,Back,75.0,kgs,9,,,,""
2025-03-16,Lat Pulldown,Back,75.0,kgs,8,,,,""
2025-03-16,Seated Cable Row,Back,60.0,kgs,12,,,,""
2025-03-16,Seated Cable Row,Back,60.0,kgs,12,,,,""
2025-03-16,Seated Cable Row,Back,60.0,kgs,12,,,,""
2025-03-16,T-Bar Row,Back,42.5,kgs,12,,,,""
2025-03-16,T-Bar Row,Back,42.5,kgs,10,,,,""
2025-03-16,T-Bar Row,Back,42.5,kgs,11,,,,""
2025-03-16,Cable Curl Unilateral,Biceps,20.0,kgs,12,,,,""
2025-03-16,Cable Curl Unilateral,Biceps,20.0,kgs,10,,,,""
2025-03-16,Cable Curl Unilateral,Biceps,20.0,kgs,10,,,,""
2025-03-16,Seated Hammer Curl,Biceps,14.0,kgs,8,,,,""
2025-03-16,Seated Hammer Curl,Biceps,14.0,kgs,6,,,,""
2025-03-16,Seated Hammer Curl,Biceps,14.0,kgs,7,,,,""
2025-03-17,Incline Dumbbell Bench Press,Chest,20.0,kgs,12,,,,""
2025-03-17,Incline Dumbbell Bench Press,Chest,34.0,kgs,11,,,,""
2025-03-17,Incline Dumbbell Bench Press,Chest,34.0,kgs,7,,,,""
2025-03-17,Incline Dumbbell Bench Press,Chest,34.0,kgs,4,,,,""
2025-03-17,Seated Dumbbell Press,Shoulders,26.0,kgs,6,,,,""
2025-03-17,Seated Dumbbell Press,Shoulders,24.0,kgs,9,,,,""
2025-03-17,Seated Dumbbell Press,Shoulders,24.0,kgs,9,,,,""
2025-03-17,Triceps Kickbacks,Triceps,20.0,kgs,12,,,,""
2025-03-17,Triceps Kickbacks,Triceps,20.0,kgs,9,,,,""
2025-03-17,Triceps Kickbacks,Triceps,20.0,kgs,9,,,,""
2025-03-17,Cable Lateral Unilat,Shoulders,15.0,kgs,12,,,,""
2025-03-17,Cable Lateral Unilat,Shoulders,15.0,kgs,12,,,,""
2025-03-17,Cable Lateral Unilat,Shoulders,15.0,kgs,10,,,,""
2025-03-17,Seated Machine Fly,Chest,53.0,kgs,12,,,,""
2025-03-17,Seated Machine Fly,Chest,53.0,kgs,9,,,,""
2025-03-17,Seated Machine Fly,Chest,53.0,kgs,6,,,,""
2025-03-17,Cable Overhead Triceps Extension,Triceps,55.0,kgs,6,,,,""
2025-03-17,Cable Overhead Triceps Extension,Triceps,50.0,kgs,9,,,,""
2025-03-17,Cable Overhead Triceps Extension,Triceps,50.0,kgs,10,,,,""
2025-03-18,Leg Press,Legs,130.0,kgs,12,,,,""
2025-03-18,Leg Press,Legs,190.0,kgs,12,,,,""
2025-03-18,Leg Press,Legs,190.0,kgs,11,,,,""
2025-03-18,Leg Press,Legs,175.0,kgs,8,,,,""
2025-03-18,Hip Abductor Tritte Außen,Legs,70.0,kgs,12,,,,""
2025-03-18,Hip Abductor Tritte Außen,Legs,75.0,kgs,12,,,,""
2025-03-18,Hip Abductor Tritte Außen,Legs,75.0,kgs,12,,,,""
2025-03-18,Leg Press Calfs,Legs,197.0,kgs,20,,,,""
2025-03-18,Leg Press Calfs,Legs,197.0,kgs,15,,,,""
2025-03-18,Leg Press Calfs,Legs,197.0,kgs,16,,,,""
2025-03-18,Lying Leg Curl Machine,Legs,50.0,kgs,11,,,,""
2025-03-18,Lying Leg Curl Machine,Legs,50.0,kgs,8,,,,""
2025-03-18,Lying Leg Curl Machine,Legs,50.0,kgs,6,,,,""
2025-03-20,Lat Pulldown Close Grip,Back,50.0,kgs,12,,,,""
2025-03-20,Lat Pulldown Close Grip,Back,75.0,kgs,8,,,,""
2025-03-20,Lat Pulldown Close Grip,Back,70.0,kgs,8,,,,""
2025-03-20,Lat Pulldown Close Grip,Back,70.0,kgs,6,,,,""
2025-03-20,Seated Cable Row,Back,60.0,kgs,12,,,,""
2025-03-20,Seated Cable Row,Back,60.0,kgs,12,,,,""
2025-03-20,Seated Cable Row,Back,60.0,kgs,12,,,,""
2025-03-20,T-Bar Row,Back,40.0,kgs,10,,,,""
2025-03-20,T-Bar Row,Back,35.0,kgs,12,,,,""
2025-03-20,T-Bar Row,Back,35.0,kgs,12,,,,""
2025-03-20,Cable Curl Unilateral,Biceps,20.0,kgs,12,,,,""
2025-03-20,Cable Curl Unilateral,Biceps,20.0,kgs,12,,,,""
2025-03-20,Cable Curl Unilateral,Biceps,20.0,kgs,10,,,,""
2025-03-21,Flat Barbell Bench Press,Chest,20.0,kgs,12,,,,""
2025-03-21,Flat Barbell Bench Press,Chest,50.0,kgs,10,,,,""
2025-03-21,Flat Barbell Bench Press,Chest,70.0,kgs,5,,,,""
2025-03-21,Flat Barbell Bench Press,Chest,90.0,kgs,2,,,,""
2025-03-21,Flat Barbell Bench Press,Chest,105.0,kgs,1,,,,""
2025-03-21,Flat Barbell Bench Press,Chest,110.0,kgs,0,,,,""
2025-03-21,Flat Barbell Bench Press,Chest,90.0,kgs,4,,,,""
2025-03-21,Seated Dumbbell Press,Shoulders,24.0,kgs,11,,,,""
2025-03-21,Seated Dumbbell Press,Shoulders,24.0,kgs,11,,,,""
2025-03-21,Seated Dumbbell Press,Shoulders,24.0,kgs,8,,,,""
2025-03-21,Triceps Kickbacks,Triceps,20.0,kgs,12,,,,""
2025-03-21,Triceps Kickbacks,Triceps,22.5,kgs,8,,,,""
2025-03-21,Triceps Kickbacks,Triceps,22.5,kgs,8,,,,""
2025-03-21,Cable Lateral Unilat,Shoulders,15.0,kgs,12,,,,""
2025-03-21,Cable Lateral Unilat,Shoulders,15.0,kgs,10,,,,""
2025-03-21,Cable Lateral Unilat,Shoulders,15.0,kgs,9,,,,""
2025-03-21,Cable Overhead Triceps Extension,Triceps,50.0,kgs,16,,,,""
2025-03-21,Cable Overhead Triceps Extension,Triceps,55.0,kgs,9,,,,""
2025-03-21,Cable Overhead Triceps Extension,Triceps,55.0,kgs,10,,,,""
2025-03-21,Seated Machine Fly,Chest,55.0,kgs,9,,,,""
2025-03-21,Seated Machine Fly,Chest,45.0,kgs,9,,,,""
2025-03-21,Seated Machine Fly,Chest,45.0,kgs,8,,,,""
2025-03-23,Incline Dumbbell Bench Press,Chest,20.0,kgs,12,,,,""
2025-03-23,Incline Dumbbell Bench Press,Chest,32.0,kgs,12,,,,"Sepp"
2025-03-23,Incline Dumbbell Bench Press,Chest,32.0,kgs,8,,,,""
2025-03-23,Incline Dumbbell Bench Press,Chest,32.0,kgs,6,,,,""
2025-03-23,Seated Dumbbell Press,Shoulders,24.0,kgs,8,,,,""
2025-03-23,Seated Dumbbell Press,Shoulders,24.0,kgs,7,,,,""
2025-03-23,Seated Dumbbell Press,Shoulders,24.0,kgs,6,,,,""
2025-03-23,Triceps Kickbacks,Triceps,20.0,kgs,11,,,,""
2025-03-23,Triceps Kickbacks,Triceps,20.0,kgs,11,,,,""
2025-03-23,Triceps Kickbacks,Triceps,20.0,kgs,11,,,,""
2025-03-23,Cable Lateral Unilat,Shoulders,15.0,kgs,12,,,,""
2025-03-23,Cable Lateral Unilat,Shoulders,15.0,kgs,11,,,,""
2025-03-23,Cable Lateral Unilat,Shoulders,15.0,kgs,9,,,,""
2025-03-23,Cable Overhead Triceps Extension,Triceps,50.0,kgs,16,,,,""
2025-03-23,Cable Overhead Triceps Extension,Triceps,55.0,kgs,9,,,,""
2025-03-23,Cable Overhead Triceps Extension,Triceps,50.0,kgs,9,,,,""
2025-03-23,Seated Machine Fly,Chest,53.0,kgs,12,,,,""
2025-03-23,Seated Machine Fly,Chest,53.0,kgs,9,,,,""
2025-03-23,Seated Machine Fly,Chest,53.0,kgs,6,,,,""
2025-03-24,Seated Cable Row,Back,45.0,kgs,12,,,,""
2025-03-24,Seated Cable Row,Back,60.0,kgs,13,,,,""
2025-03-24,Seated Cable Row,Back,60.0,kgs,12,,,,""
2025-03-24,Lat Pulldown Close Grip,Back,70.0,kgs,8,,,,""
2025-03-24,Lat Pulldown Close Grip,Back,65.0,kgs,10,,,,""
2025-03-24,Lat Pulldown Close Grip,Back,60.0,kgs,13,,,,""
2025-03-24,Tbar Frei,Back,35.0,kgs,12,,,,""
2025-03-24,Tbar Frei,Back,40.0,kgs,10,,,,""
2025-03-24,Tbar Frei,Back,40.0,kgs,14,,,,""
2025-03-24,Cable Curl Unilateral,Biceps,20.0,kgs,13,,,,""
2025-03-24,Cable Curl Unilateral,Biceps,20.0,kgs,11,,,,""
2025-03-24,Cable Curl Unilateral,Biceps,20.0,kgs,12,,,,""
2025-03-24,Seated Cable Row,Back,60.0,kgs,12,,,,""
2025-03-24,Dumbbell Hammer Curl,Biceps,14.0,kgs,9,,,,""
2025-03-24,Dumbbell Hammer Curl,Biceps,14.0,kgs,7,,,,""
2025-03-25,Barbell Squat,Legs,50.0,kgs,12,,,,""
2025-03-25,Barbell Squat,Legs,80.0,kgs,8,,,,""
2025-03-25,Barbell Squat,Legs,50.0,kgs,14,,,,""
2025-03-25,Barbell Squat,Legs,50.0,kgs,20,,,,""
2025-03-25,Leg Press,Legs,180.0,kgs,12,,,,""
2025-03-25,Leg Press,Legs,180.0,kgs,10,,,,""
2025-03-25,Leg Extension Machine,Legs,75.0,kgs,10,,,,""
2025-03-25,Leg Extension Machine,Legs,75.0,kgs,8,,,,""
2025-03-25,Leg Extension Machine,Legs,70.0,kgs,7,,,,""
2025-03-25,Lying Leg Curl Machine,Legs,50.0,kgs,11,,,,""
2025-03-25,Lying Leg Curl Machine,Legs,50.0,kgs,9,,,,""
2025-03-25,Lying Leg Curl Machine,Legs,50.0,kgs,8,,,,""
2025-03-25,Leg Press Calfs,Legs,197.0,kgs,17,,,,""
2025-03-25,Leg Press Calfs,Legs,197.0,kgs,16,,,,""
2025-03-25,Leg Press Calfs,Legs,197.0,kgs,9,,,,""
2025-03-25,Hip Abductor Tritte Außen,Legs,70.0,kgs,12,,,,""
2025-03-25,Hip Abductor Tritte Außen,Legs,75.0,kgs,12,,,,""
2025-03-25,Hip Abductor Tritte Außen,Legs,75.0,kgs,12,,,,""
2025-03-27,Flat Barbell Bench Press,Chest,20.0,kgs,12,,,,""
2025-03-27,Flat Barbell Bench Press,Chest,50.0,kgs,12,,,,""
2025-03-27,Flat Barbell Bench Press,Chest,70.0,kgs,6,,,,""
2025-03-27,Flat Barbell Bench Press,Chest,90.0,kgs,6,,,,""
2025-03-27,Flat Barbell Bench Press,Chest,80.0,kgs,8,,,,""
2025-03-27,Seated Dumbbell Press,Shoulders,24.0,kgs,9,,,,""
2025-03-27,Seated Dumbbell Press,Shoulders,24.0,kgs,7,,,,""
2025-03-27,Seated Dumbbell Press,Shoulders,24.0,kgs,6,,,,""
2025-03-27,Triceps Kickbacks,Triceps,22.5,kgs,11,,,,""
2025-03-27,Triceps Kickbacks,Triceps,22.5,kgs,11,,,,""
2025-03-27,Triceps Kickbacks,Triceps,22.5,kgs,10,,,,""
2025-03-27,Cable Lateral Unilat,Shoulders,15.0,kgs,11,,,,""
2025-03-27,Cable Lateral Unilat,Shoulders,15.0,kgs,7,,,,""
2025-03-27,Cable Lateral Unilat,Shoulders,15.0,kgs,10,,,,""
2025-03-27,Cable Overhead Unten,Triceps,25.0,kgs,12,,,,""
2025-03-27,Cable Overhead Unten,Triceps,30.0,kgs,13,,,,""
2025-03-27,Cable Overhead Unten,Triceps,40.0,kgs,6,,,,""
2025-03-28,Lat Pulldown,Back,50.0,kgs,12,,,,""
2025-03-28,Lat Pulldown,Back,75.0,kgs,10,,,,""
2025-03-28,Lat Pulldown,Back,75.0,kgs,7,,,,""
2025-03-28,Seated Cable Row Unilateral,Back,30.0,kgs,10,,,,""
2025-03-28,T-Bar Row,Back,40.0,kgs,10,,,,""
2025-03-28,T-Bar Row,Back,40.0,kgs,10,,,,""
2025-03-28,T-Bar Row,Back,40.0,kgs,10,,,,""
2025-03-28,Cable Curl Unilateral,Biceps,20.0,kgs,11,,,,""
2025-03-28,Cable Curl Unilateral,Biceps,20.0,kgs,11,,,,""
2025-03-28,Cable Curl Unilateral,Biceps,20.0,kgs,14,,,,""
2025-03-28,Preacher Hammer Curl,Biceps,14.0,kgs,7,,,,""
2025-03-28,Preacher Hammer Curl,Biceps,14.0,kgs,4,,,,""
2025-03-28,Lat Pulldown,Back,70.0,kgs,8,,,,""
2025-03-28,Seated Cable Row Unilateral,Back,30.0,kgs,9,,,,""
2025-03-28,Seated Cable Row Unilateral,Back,30.0,kgs,9,,,,""
2025-03-30,Leg Press,Legs,120.0,kgs,12,,,,""
2025-03-30,Leg Press,Legs,195.0,kgs,11,,,,""
2025-03-30,Leg Press,Legs,195.0,kgs,11,,,,""
2025-03-30,Leg Press,Legs,195.0,kgs,8,,,,""
2025-03-30,Leg Extension Machine,Legs,75.0,kgs,11,,,,""
2025-03-30,Leg Extension Machine,Legs,75.0,kgs,8,,,,""
2025-03-30,Leg Extension Machine,Legs,75.0,kgs,8,,,,""
2025-03-30,Lying Leg Curl Machine,Legs,50.0,kgs,14,,,,""
2025-03-30,Lying Leg Curl Machine,Legs,50.0,kgs,10,,,,""
2025-03-30,Lying Leg Curl Machine,Legs,50.0,kgs,7,,,,""
2025-03-30,Hip Abductor Tritte Außen,Legs,70.0,kgs,12,,,,""
2025-03-30,Hip Abductor Tritte Außen,Legs,75.0,kgs,8,,,,""
2025-03-30,Hip Abductor Tritte Außen,Legs,75.0,kgs,12,,,,""
2025-03-30,Leg Press Calfs,Legs,197.0,kgs,16,,,,""
2025-03-30,Leg Press Calfs,Legs,197.0,kgs,18,,,,""
2025-03-31,Incline Dumbbell Bench Press,Chest,22.0,kgs,12,,,,""
2025-03-31,Incline Dumbbell Bench Press,Chest,36.0,kgs,9,,,,""
2025-03-31,Incline Dumbbell Bench Press,Chest,36.0,kgs,6,,,,""
2025-03-31,Incline Dumbbell Bench Press,Chest,34.0,kgs,7,,,,""
2025-03-31,Seated Dumbbell Press,Shoulders,26.0,kgs,8,,,,""
2025-03-31,Seated Dumbbell Press,Shoulders,26.0,kgs,8,,,,""
2025-03-31,Seated Dumbbell Press,Shoulders,26.0,kgs,8,,,,""
2025-03-31,Triceps Kickbacks,Triceps,20.0,kgs,11,,,,""
2025-03-31,Triceps Kickbacks,Triceps,20.0,kgs,12,,,,""
2025-03-31,Triceps Kickbacks,Triceps,20.0,kgs,10,,,,""
2025-03-31,Behind Back Cable Lat Raise 2 Arms,Shoulders,10.0,kgs,16,,,,""
2025-03-31,Behind Back Cable Lat Raise 2 Arms,Shoulders,15.0,kgs,8,,,,""
2025-03-31,Behind Back Cable Lat Raise 2 Arms,Shoulders,15.0,kgs,8,,,,""
2025-03-31,Behind Back Cable Lat Raise 2 Arms,Shoulders,12.5,kgs,9,,,,""
2025-04-01,Lat Pulldown,Back,45.0,kgs,12,,,,""
2025-04-01,Lat Pulldown,Back,75.0,kgs,9,,,,""
2025-04-01,Lat Pulldown,Back,75.0,kgs,8,,,,""
2025-04-01,Lat Pulldown,Back,70.0,kgs,8,,,,""
2025-04-01,Seated Cable Row Unilateral,Back,30.0,kgs,8,,,,""
2025-04-01,Seated Cable Row Unilateral,Back,30.0,kgs,9,,,,""
2025-04-01,Seated Cable Row Unilateral,Back,30.0,kgs,10,,,,""
2025-04-01,T-Bar Row,Back,40.0,kgs,12,,,,""
2025-04-01,T-Bar Row,Back,40.0,kgs,12,,,,""
2025-04-01,T-Bar Row,Back,40.0,kgs,12,,,,""
2025-04-01,Cable Curl Unilateral,Biceps,20.0,kgs,13,,,,""
2025-04-01,Cable Curl Unilateral,Biceps,20.0,kgs,12,,,,""
2025-04-01,Seated Hammer Curl,Biceps,14.0,kgs,8,,,,""
2025-04-01,Seated Hammer Curl,Biceps,14.0,kgs,8,,,,""
2025-04-01,Seated Hammer Curl,Biceps,14.0,kgs,8,,,,""
2025-04-08,Flat Barbell Bench Press,Chest,20.0,kgs,12,,,,""
2025-04-08,Flat Barbell Bench Press,Chest,50.0,kgs,12,,,,""
2025-04-08,Flat Barbell Bench Press,Chest,70.0,kgs,6,,,,""
2025-04-08,Flat Barbell Bench Press,Chest,90.0,kgs,6,,,,""
2025-04-08,Flat Barbell Bench Press,Chest,80.0,kgs,7,,,,""
2025-04-08,Seated Dumbbell Press,Shoulders,26.0,kgs,10,,,,""
2025-04-08,Seated Dumbbell Press,Shoulders,26.0,kgs,7,,,,""
2025-04-08,Seated Dumbbell Press,Shoulders,26.0,kgs,6,,,,""
2025-04-08,Triceps Kickbacks,Triceps,25.0,kgs,6,,,,""
2025-04-08,Triceps Kickbacks,Triceps,22.5,kgs,7,,,,""
2025-04-08,Triceps Kickbacks,Triceps,22.5,kgs,8,,,,""
2025-04-08,Behind Back Cable Lat Raise 2 Arms,Shoulders,15.0,kgs,11,,,,""
2025-04-08,Behind Back Cable Lat Raise 2 Arms,Shoulders,15.0,kgs,8,,,,""
2025-04-08,Behind Back Cable Lat Raise 2 Arms,Shoulders,15.0,kgs,6,,,,""
2025-04-08,Cable Overhead Unten,Triceps,25.0,kgs,12,,,,""
2025-04-08,Cable Overhead Unten,Triceps,30.0,kgs,13,,,,""
2025-04-08,Cable Overhead Unten,Triceps,40.0,kgs,6,,,,""
2025-04-08,Seated Machine Fly,Chest,55.0,kgs,6,,,,""
2025-04-08,Seated Machine Fly,Chest,55.0,kgs,5,,,,""
2025-04-08,Seated Machine Fly,Chest,50.0,kgs,4,,,,""
2025-04-09,Barbell Squat,Legs,60.0,kgs,12,,,,""
2025-04-09,Barbell Squat,Legs,80.0,kgs,3,,,,""
2025-04-09,Barbell Squat,Legs,90.0,kgs,7,,,,""
2025-04-09,Leg Press,Legs,190.0,kgs,12,,,,""
2025-04-09,Leg Press,Legs,190.0,kgs,8,,,,""
2025-04-09,Leg Extension Machine,Legs,75.0,kgs,12,,,,""
2025-04-09,Leg Extension Machine,Legs,75.0,kgs,9,,,,""
2025-04-09,Leg Extension Machine,Legs,70.0,kgs,7,,,,""
2025-04-09,Lying Leg Curl Machine,Legs,50.0,kgs,11,,,,""
2025-04-09,Lying Leg Curl Machine,Legs,50.0,kgs,11,,,,""
2025-04-09,Lying Leg Curl Machine,Legs,50.0,kgs,8,,,,""
2025-04-09,Leg Press Calfs,Legs,205.0,kgs,20,,,,""
2025-04-09,Leg Press Calfs,Legs,205.0,kgs,12,,,,""
2025-04-09,Leg Press Calfs,Legs,205.0,kgs,10,,,,""
2025-04-11,Deadlift,Back,60.0,kgs,12,,,,""
2025-04-11,Deadlift,Back,100.0,kgs,8,,,,""
2025-04-11,Deadlift,Back,130.0,kgs,0,,,,""
2025-04-11,Deadlift,Back,100.0,kgs,6,,,,""
2025-04-11,Lat Pulldown,Back,70.0,kgs,9,,,,""
2025-04-11,Lat Pulldown,Back,70.0,kgs,8,,,,""
2025-04-11,Lat Pulldown,Back,70.0,kgs,7,,,,""
2025-04-11,Seated Cable Row Unilateral,Back,30.0,kgs,9,,,,""
2025-04-11,Seated Cable Row Unilateral,Back,30.0,kgs,9,,,,""
2025-04-11,Seated Cable Row Unilateral,Back,30.0,kgs,8,,,,""
2025-04-11,T-Bar Row,Back,40.0,kgs,10,,,,""
2025-04-11,T-Bar Row,Back,40.0,kgs,11,,,,""
2025-04-11,T-Bar Row,Back,40.0,kgs,10,,,,""
2025-04-11,Cable Curl Unilateral,Biceps,20.0,kgs,16,,,,""
2025-04-11,Cable Curl Unilateral,Biceps,20.0,kgs,12,,,,""
2025-04-11,Seated Hammer Curl,Biceps,14.0,kgs,10,,,,""
2025-04-11,Seated Hammer Curl,Biceps,14.0,kgs,9,,,,""
2025-04-11,Seated Hammer Curl,Biceps,14.0,kgs,6,,,,""
2025-04-11,Cable Curl Unilateral,Biceps,20.0,kgs,12,,,,""
2025-04-12,Incline Dumbbell Bench Press,Chest,24.0,kgs,12,,,,""
2025-04-12,Incline Dumbbell Bench Press,Chest,36.0,kgs,8,,,,""
2025-04-12,Incline Dumbbell Bench Press,Chest,36.0,kgs,5,,,,""
2025-04-12,Seated Dumbbell Press,Shoulders,26.0,kgs,7,,,,""
2025-04-12,Seated Dumbbell Press,Shoulders,26.0,kgs,6,,,,""
2025-04-12,Seated Dumbbell Press,Shoulders,26.0,kgs,7,,,,""
2025-04-12,Triceps Kickbacks,Triceps,20.0,kgs,12,,,,""
2025-04-12,Triceps Kickbacks,Triceps,20.0,kgs,12,,,,""
2025-04-12,Triceps Kickbacks,Triceps,20.0,kgs,14,,,,"Longe pause"
2025-04-12,Cable Lateral Unilat,Shoulders,15.0,kgs,15,,,,""
2025-04-12,Cable Lateral Unilat,Shoulders,15.0,kgs,12,,,,""
2025-04-12,Cable Lateral Unilat,Shoulders,15.0,kgs,11,,,,""
2025-04-12,Seated Machine Fly,Chest,50.0,kgs,12,,,,""
2025-04-12,Seated Machine Fly,Chest,50.0,kgs,9,,,,""
2025-04-14,Leg Press,Legs,120.0,kgs,12,,,,""
2025-04-14,Leg Press,Legs,200.0,kgs,12,,,,""
2025-04-14,Leg Press,Legs,200.0,kgs,10,,,,""
2025-04-14,Leg Press,Legs,200.0,kgs,8,,,,""
2025-04-14,Leg Extension Machine,Legs,75.0,kgs,12,,,,""
2025-04-14,Leg Extension Machine,Legs,75.0,kgs,10,,,,""
2025-04-14,Leg Extension Machine,Legs,75.0,kgs,8,,,,""
2025-04-14,Lying Leg Curl Machine,Legs,50.0,kgs,12,,,,""
2025-04-14,Lying Leg Curl Machine,Legs,50.0,kgs,11,,,,""
2025-04-14,Lying Leg Curl Machine,Legs,50.0,kgs,8,,,,""
2025-04-14,Hip Abductor Tritte Außen,Legs,75.0,kgs,12,,,,""
2025-04-14,Leg Press Calfs,Legs,205.0,kgs,20,,,,""
2025-04-14,Leg Press Calfs,Legs,205.0,kgs,16,,,,""
2025-04-14,Leg Press Calfs,Legs,205.0,kgs,10,,,,""
2025-04-14,Hip Abductor Tritte Außen,Legs,75.0,kgs,12,,,,""
2025-04-14,Hip Abductor Tritte Außen,Legs,75.0,kgs,8,,,,""
2025-04-14,Leg Press Calfs,Legs,205.0,kgs,10,,,,""
2025-04-15,Cable Curl Unilateral,Biceps,25.0,kgs,15,,,,""
2025-04-15,Cable Curl Unilateral,Biceps,25.0,kgs,13,,,,""
2025-04-15,Cable Curl Unilateral,Biceps,25.0,kgs,12,,,,""
2025-04-15,Preacher Hammer Curl,Biceps,14.0,kgs,9,,,,""
2025-04-15,Preacher Hammer Curl,Biceps,14.0,kgs,9,,,,""
2025-04-15,Preacher Hammer Curl,Biceps,14.0,kgs,9,,,,""
2025-04-15,Lat Pulldown,Back,65.0,kgs,12,,,,""
2025-04-15,Lat Pulldown,Back,70.0,kgs,10,,,,""
2025-04-15,Lat Pulldown,Back,70.0,kgs,10,,,,""
2025-04-15,Seated Cable Row Unilateral,Back,30.0,kgs,9,,,,""
2025-04-15,Seated Cable Row Unilateral,Back,30.0,kgs,11,,,,""
2025-04-15,Seated Cable Row Unilateral,Back,30.0,kgs,9,,,,""
2025-04-15,T-Bar Row,Back,40.0,kgs,12,,,,""
2025-04-15,T-Bar Row,Back,40.0,kgs,11,,,,""
2025-04-15,T-Bar Row,Back,40.0,kgs,11,,,,""
2025-04-15,Hanging Leg Raise,Abs,69.0,kgs,12,,,,""
2025-04-15,Hanging Leg Raise,Abs,69.0,kgs,12,,,,""
2025-04-15,Hanging Leg Raise,Abs,69.0,kgs,12,,,,""
2025-04-17,Flat Barbell Bench Press,Chest,30.0,kgs,12,,,,""
2025-04-17,Flat Barbell Bench Press,Chest,50.0,kgs,12,,,,""
2025-04-17,Flat Barbell Bench Press,Chest,70.0,kgs,5,,,,""
2025-04-17,Seated Dumbbell Press,Shoulders,26.0,kgs,9,,,,""
2025-04-17,Seated Dumbbell Press,Shoulders,26.0,kgs,7,,,,""
2025-04-17,Seated Dumbbell Press,Shoulders,26.0,kgs,9,,,,"Eher Longe pause"
2025-04-17,Triceps Kickbacks,Triceps,22.5,kgs,12,,,,""
2025-04-17,Triceps Kickbacks,Triceps,22.5,kgs,11,,,,""
2025-04-17,Cable Lateral Unilat,Shoulders,17.5,kgs,12,,,,""
2025-04-17,Cable Lateral Unilat,Shoulders,17.5,kgs,12,,,,""
2025-04-17,Cable Lateral Unilat,Shoulders,15.0,kgs,12,,,,""
2025-04-17,Seated Machine Fly,Chest,50.0,kgs,12,,,,""
2025-04-17,Seated Machine Fly,Chest,50.0,kgs,9,,,,""
2025-04-17,Flat Barbell Bench Press,Chest,90.0,kgs,4,,,,""
2025-04-17,Flat Barbell Bench Press,Chest,80.0,kgs,7,,,,""
2025-04-17,Triceps Kickbacks,Triceps,22.5,kgs,9,,,,""
2025-04-17,Seated Machine Fly,Chest,50.0,kgs,6,,,,""
2025-04-18,Leg Press,Legs,120.0,kgs,12,,,,""
2025-04-18,Leg Press,Legs,200.0,kgs,14,,,,""
2025-04-18,Leg Press,Legs,200.0,kgs,10,,,,""
2025-04-18,Leg Press,Legs,200.0,kgs,6,,,,""
2025-04-18,Lying Leg Curl Machine,Legs,55.0,kgs,14,,,,""
2025-04-18,Lying Leg Curl Machine,Legs,60.0,kgs,7,,,,""
2025-04-18,Lying Leg Curl Machine,Legs,55.0,kgs,8,,,,""
2025-04-18,Leg Extension Machine,Legs,80.0,kgs,12,,,,""
2025-04-18,Leg Extension Machine,Legs,85.0,kgs,10,,,,""
2025-04-18,Hip Abductor Tritte Außen,Legs,75.0,kgs,12,,,,""
2025-04-18,Hip Abductor Tritte Außen,Legs,75.0,kgs,12,,,,""
2025-04-18,Hip Abductor Tritte Außen,Legs,75.0,kgs,8,,,,""
2025-04-18,Leg Press Calfs,Legs,205.0,kgs,24,,,,""
2025-04-18,Leg Press Calfs,Legs,213.0,kgs,18,,,,""
2025-04-18,Leg Press Calfs,Legs,213.0,kgs,17,,,,""
2025-04-18,Leg Extension Machine,Legs,85.0,kgs,7,,,,""
2025-04-19,Cable Curl Unilateral,Biceps,30.0,kgs,14,,,,""
2025-04-19,Cable Curl Unilateral,Biceps,30.0,kgs,13,,,,""
2025-04-19,Cable Curl Unilateral,Biceps,30.0,kgs,12,,,,""
2025-04-19,Hammer Curl Seil,Biceps,45.0,kgs,12,,,,""
2025-04-19,Hammer Curl Seil,Biceps,45.0,kgs,12,,,,""
2025-04-19,Hammer Curl Seil,Biceps,50.0,kgs,13,,,,""
2025-04-19,Seated Cable Row Unilateral,Back,30.0,kgs,13,,,,""
2025-04-19,Seated Cable Row Unilateral,Back,35.0,kgs,11,,,,""
2025-04-19,Seated Cable Row Unilateral,Back,35.0,kgs,12,,,,""
2025-04-19,Lat Pulldown,Back,70.0,kgs,12,,,,""
2025-04-19,T-Bar Row,Back,40.0,kgs,12,,,,""
2025-04-19,T-Bar Row,Back,40.0,kgs,11,,,,""
2025-04-19,T-Bar Row,Back,40.0,kgs,11,,,,""
2025-04-19,Hanging Leg Raise,Abs,69.0,kgs,12,,,,""
2025-04-19,Hanging Leg Raise,Abs,69.0,kgs,12,,,,""
2025-04-19,Hanging Leg Raise,Abs,69.0,kgs,12,,,,""
2025-04-19,Lat Pulldown,Back,70.0,kgs,12,,,,""
2025-04-19,Lat Pulldown,Back,70.0,kgs,12,,,,""
2025-04-20,Incline Dumbbell Bench Press,Chest,24.0,kgs,12,,,,""
2025-04-20,Incline Dumbbell Bench Press,Chest,36.0,kgs,10,,,,""
2025-04-20,Incline Dumbbell Bench Press,Chest,36.0,kgs,9,,,,""
2025-04-20,Incline Dumbbell Bench Press,Chest,36.0,kgs,7,,,,""
2025-04-20,Seated Dumbbell Press,Shoulders,26.0,kgs,8,,,,""
2025-04-20,Seated Dumbbell Press,Shoulders,26.0,kgs,8,,,,""
2025-04-20,Seated Dumbbell Press,Shoulders,26.0,kgs,6,,,,""
2025-04-20,Triceps Kickbacks,Triceps,25.0,kgs,8,,,,""
2025-04-20,Triceps Kickbacks,Triceps,25.0,kgs,8,,,,""
2025-04-20,Triceps Kickbacks,Triceps,25.0,kgs,7,,,,""
2025-04-20,Behind Back Cable Lat Raise 2 Arms,Shoulders,15.0,kgs,12,,,,""
2025-04-20,Behind Back Cable Lat Raise 2 Arms,Shoulders,15.0,kgs,9,,,,""
2025-04-20,Behind Back Cable Lat Raise 2 Arms,Shoulders,15.0,kgs,7,,,,""
2025-04-20,Cable Overhead Triceps Extension,Triceps,50.0,kgs,8,,,,""
2025-04-20,Cable Overhead Triceps Extension,Triceps,45.0,kgs,9,,,,""
2025-04-20,Cable Overhead Triceps Extension,Triceps,45.0,kgs,8,,,,""
2025-04-20,Seated Machine Fly,Chest,50.0,kgs,12,,,,""
2025-04-20,Seated Machine Fly,Chest,50.0,kgs,9,,,,""
2025-04-20,Seated Machine Fly,Chest,50.0,kgs,8,,,,""
2025-04-23,Preacher Hammer Curl,Biceps,14.0,kgs,14,,,,""
2025-04-23,Preacher Hammer Curl,Biceps,14.0,kgs,14,,,,""
2025-04-23,Preacher Hammer Curl,Biceps,14.0,kgs,14,,,,""
2025-04-23,Cable Curl Unilateral,Biceps,25.0,kgs,12,,,,""
2025-04-23,Cable Curl Unilateral,Biceps,25.0,kgs,10,,,,""
2025-04-23,Cable Curl Unilateral,Biceps,25.0,kgs,9,,,,""
2025-04-23,Seated Cable Row Unilateral,Back,30.0,kgs,13,,,,""
2025-04-23,Seated Cable Row Unilateral,Back,30.0,kgs,11,,,,""
2025-04-23,Seated Cable Row Unilateral,Back,30.0,kgs,12,,,,""
2025-04-23,Lat Pulldown,Back,70.0,kgs,9,,,,""
2025-04-23,Lat Pulldown,Back,70.0,kgs,10,,,,""
2025-04-23,Lat Pulldown,Back,70.0,kgs,9,,,,""
2025-04-23,T-Bar Row,Back,45.0,kgs,10,,,,""
2025-04-23,T-Bar Row,Back,40.0,kgs,8,,,,""
2025-04-23,T-Bar Row,Back,40.0,kgs,11,,,,""
2025-04-23,Hanging Leg Raise,Abs,69.0,kgs,12,,,,""
2025-04-23,Hanging Leg Raise,Abs,69.0,kgs,12,,,,""
2025-04-23,Hanging Leg Raise,Abs,69.0,kgs,12,,,,""
2025-04-24,Incline Dumbbell Bench Press,Chest,26.0,kgs,12,,,,""
2025-04-24,Incline Dumbbell Bench Press,Chest,36.0,kgs,10,,,,""
2025-04-24,Incline Dumbbell Bench Press,Chest,36.0,kgs,6,,,,""
2025-04-24,Incline Dumbbell Bench Press,Chest,36.0,kgs,7,,,,""
2025-04-24,Seated Dumbbell Press,Shoulders,26.0,kgs,8,,,,""
2025-04-24,Seated Dumbbell Press,Shoulders,26.0,kgs,9,,,,""
2025-04-24,Seated Dumbbell Press,Shoulders,26.0,kgs,7,,,,""
2025-04-24,Triceps Kickbacks,Triceps,25.0,kgs,10,,,,""
2025-04-24,Triceps Kickbacks,Triceps,25.0,kgs,9,,,,""
2025-04-24,Triceps Kickbacks,Triceps,25.0,kgs,9,,,,""
2025-04-24,Behind Back Cable Lat Raise 2 Arms,Shoulders,15.0,kgs,16,,,,""
2025-04-24,Behind Back Cable Lat Raise 2 Arms,Shoulders,17.5,kgs,9,,,,""
2025-04-24,Behind Back Cable Lat Raise 2 Arms,Shoulders,17.5,kgs,9,,,,""
2025-04-24,Cable Overhead Triceps Extension,Triceps,45.0,kgs,12,,,,""
2025-04-24,Cable Overhead Triceps Extension,Triceps,45.0,kgs,12,,,,""
2025-04-24,Cable Overhead Triceps Extension,Triceps,45.0,kgs,10,,,,""
2025-04-24,Seated Machine Fly,Chest,50.0,kgs,12,,,,""
2025-04-24,Seated Machine Fly,Chest,50.0,kgs,9,,,,""
2025-04-24,Seated Machine Fly,Chest,50.0,kgs,8,,,,""
2025-04-26,Leg Press,Legs,140.0,kgs,12,,,,""
2025-04-26,Leg Press,Legs,200.0,kgs,16,,,,""
2025-04-26,Leg Press,Legs,200.0,kgs,8,,,,"Knia weah war mehr gong"
2025-04-26,Leg Extension Machine,Legs,85.0,kgs,12,,,,""
2025-04-26,Leg Extension Machine,Legs,85.0,kgs,9,,,,""
2025-04-26,Hip Abductor Tritte Innen,Legs,80.0,kgs,14,,,,""
2025-04-26,Hip Abductor Tritte Innen,Legs,80.0,kgs,14,,,,""
2025-04-26,Hip Abductor Tritte Innen,Legs,85.0,kgs,12,,,,""
2025-04-26,Lying Leg Curl Machine,Legs,60.0,kgs,9,,,,""
2025-04-26,Lying Leg Curl Machine,Legs,60.0,kgs,8,,,,""
2025-04-26,Lying Leg Curl Machine,Legs,55.0,kgs,9,,,,""
2025-04-26,Leg Press Calfs,Legs,133.0,kgs,17,,,,""
2025-04-26,Leg Press Calfs,Legs,133.0,kgs,15,,,,""
2025-04-26,Leg Press Calfs,Legs,133.0,kgs,16,,,,""
2025-04-26,Leg Press Calfs,Legs,133.0,kgs,16,,,,""
2025-04-27,Cable Curl Unilateral,Biceps,30.0,kgs,13,,,,""
2025-04-27,Cable Curl Unilateral,Biceps,30.0,kgs,12,,,,""
2025-04-27,Cable Curl Unilateral,Biceps,30.0,kgs,10,,,,""
2025-04-27,Preacher Hammer Curl,Biceps,14.0,kgs,8,,,,""
2025-04-27,Preacher Hammer Curl,Biceps,14.0,kgs,8,,,,""
2025-04-27,Preacher Hammer Curl,Biceps,14.0,kgs,8,,,,""
2025-04-27,Seated Cable Row Unilateral,Back,29.0,kgs,14,,,,""
2025-04-27,Seated Cable Row Unilateral,Back,37.0,kgs,12,,,,""
2025-04-27,Seated Cable Row Unilateral,Back,29.0,kgs,12,,,,""
2025-04-27,Lat Pulldown,Back,69.0,kgs,10,,,,""
2025-04-27,Lat Pulldown,Back,69.0,kgs,11,,,,""
2025-04-27,Lat Pulldown,Back,69.0,kgs,11,,,,""
2025-04-27,Seated Row Machine,Back,55.0,kgs,10,,,,""
2025-04-27,Seated Row Machine,Back,55.0,kgs,10,,,,""
2025-04-27,Seated Row Machine,Back,55.0,kgs,10,,,,""
2025-04-27,Seated Cable Row Unilateral,Back,29.0,kgs,12,,,,""
2025-04-27,Seated Row Machine,Back,55.0,kgs,10,,,,""
2025-04-29,Incline Dumbbell Bench Press,Chest,24.0,kgs,12,,,,""
2025-04-29,Incline Dumbbell Bench Press,Chest,36.0,kgs,12,,,,""
2025-04-29,Incline Dumbbell Bench Press,Chest,36.0,kgs,9,,,,""
2025-04-29,Incline Dumbbell Bench Press,Chest,36.0,kgs,7,,,,""
2025-04-29,Seated Dumbbell Press,Shoulders,26.0,kgs,11,,,,""
2025-04-29,Seated Dumbbell Press,Shoulders,26.0,kgs,9,,,,""
2025-04-29,Seated Dumbbell Press,Shoulders,26.0,kgs,7,,,,""
2025-04-29,Triceps Kickbacks,Triceps,25.0,kgs,7,,,,""
2025-04-29,Triceps Kickbacks,Triceps,25.0,kgs,9,,,,""
2025-04-29,Triceps Kickbacks,Triceps,25.0,kgs,10,,,,""
2025-04-29,Cable Lateral Unilat,Shoulders,17.5,kgs,13,,,,""
2025-04-29,Cable Lateral Unilat,Shoulders,17.5,kgs,9,,,,""
2025-04-29,Cable Lateral Unilat,Shoulders,17.5,kgs,7,,,,""
2025-04-29,Cable Overhead Triceps Extension,Triceps,47.5,kgs,12,,,,""
2025-04-29,Cable Overhead Triceps Extension,Triceps,47.5,kgs,13,,,,""
2025-04-29,Cable Overhead Triceps Extension,Triceps,47.5,kgs,11,,,,""
2025-04-29,Seated Machine Fly,Chest,50.0,kgs,10,,,,""
2025-04-29,Seated Machine Fly,Chest,50.0,kgs,8,,,,""
2025-04-29,Seated Machine Fly,Chest,50.0,kgs,7,,,,""
2025-05-01,Cable Curl Unilateral,Biceps,15.0,kgs,13,,,,""
2025-05-01,Cable Curl Unilateral,Biceps,30.0,kgs,14,,,,""
2025-05-01,Cable Curl Unilateral,Biceps,30.0,kgs,12,,,,""
2025-05-01,Cable Curl Unilateral,Biceps,30.0,kgs,12,,,,""
2025-05-01,Preacher Hammer Curl,Biceps,14.0,kgs,10,,,,""
2025-05-01,Preacher Hammer Curl,Biceps,14.0,kgs,11,,,,""
2025-05-01,Preacher Hammer Curl,Biceps,14.0,kgs,12,,,,""
2025-05-01,Seated Cable Row Unilateral,Back,35.0,kgs,14,,,,""
2025-05-01,Seated Cable Row Unilateral,Back,29.0,kgs,12,,,,""
2025-05-01,Seated Cable Row Unilateral,Back,29.0,kgs,12,,,,""
2025-05-01,Lat Pulldown,Back,70.0,kgs,11,,,,""
2025-05-01,Lat Pulldown,Back,70.0,kgs,11,,,,""
2025-05-01,Lat Pulldown,Back,70.0,kgs,10,,,,""
2025-05-01,T-Bar Row,Back,45.0,kgs,10,,,,""
2025-05-01,T-Bar Row,Back,45.0,kgs,10,,,,""
2025-05-01,T-Bar Row,Back,45.0,kgs,10,,,,""
2025-05-03,Incline Dumbbell Bench Press,Chest,20.0,kgs,12,,,,""
2025-05-03,Incline Dumbbell Bench Press,Chest,28.0,kgs,4,,,,""
2025-05-03,Incline Dumbbell Bench Press,Chest,38.0,kgs,11,,,,""
2025-05-03,Incline Dumbbell Bench Press,Chest,38.0,kgs,8,,,,""
2025-05-03,Seated Dumbbell Press,Shoulders,26.0,kgs,12,,,,""
2025-05-03,Seated Dumbbell Press,Shoulders,26.0,kgs,9,,,,""
2025-05-03,Seated Dumbbell Press,Shoulders,26.0,kgs,7,,,,""
2025-05-03,Triceps Kickbacks,Triceps,25.0,kgs,10,,,,""
2025-05-03,Triceps Kickbacks,Triceps,25.0,kgs,10,,,,""
2025-05-03,Triceps Kickbacks,Triceps,25.0,kgs,9,,,,""
2025-05-03,Behind Back Cable Lat Raise 2 Arms,Shoulders,17.5,kgs,11,,,,""
2025-05-03,Behind Back Cable Lat Raise 2 Arms,Shoulders,17.5,kgs,7,,,,""
2025-05-03,Behind Back Cable Lat Raise 2 Arms,Shoulders,15.0,kgs,12,,,,""
2025-05-03,Cable Overhead Triceps Extension,Triceps,50.0,kgs,12,,,,""
2025-05-03,Cable Overhead Triceps Extension,Triceps,50.0,kgs,10,,,,""
2025-05-03,Seated Machine Fly,Chest,50.0,kgs,12,,,,""
2025-05-03,Seated Machine Fly,Chest,50.0,kgs,9,,,,""
2025-05-03,Seated Machine Fly,Chest,50.0,kgs,9,,,,""
2025-05-03,Incline Dumbbell Bench Press,Chest,38.0,kgs,5,,,,"Aumtian gestruggled"
2025-05-04,Cable Curl Unilateral,Biceps,15.0,kgs,13,,,,""
2025-05-04,Cable Curl Unilateral,Biceps,30.0,kgs,11,,,,""
2025-05-04,Cable Curl Unilateral,Biceps,30.0,kgs,11,,,,""
2025-05-04,Cable Curl Unilateral,Biceps,30.0,kgs,11,,,,""
2025-05-04,Preacher Hammer Curl,Biceps,14.0,kgs,9,,,,""
2025-05-04,Preacher Hammer Curl,Biceps,14.0,kgs,10,,,,""
2025-05-04,Preacher Hammer Curl,Biceps,14.0,kgs,10,,,,""
2025-05-04,Seated Cable Row Unilateral,Back,37.0,kgs,14,,,,""
2025-05-04,Seated Cable Row Unilateral,Back,37.0,kgs,12,,,,""
2025-05-04,Seated Cable Row Unilateral,Back,37.0,kgs,12,,,,""
2025-05-04,Lat Pulldown,Back,69.0,kgs,14,,,,""
2025-05-04,Lat Pulldown,Back,71.5,kgs,12,,,,""
2025-05-04,Lat Pulldown,Back,71.5,kgs,12,,,,""
2025-05-04,T-Bar Row,Back,45.0,kgs,12,,,,""
2025-05-04,T-Bar Row,Back,45.0,kgs,10,,,,""
2025-05-04,T-Bar Row,Back,45.0,kgs,10,,,,""
2025-05-04,Straightbar Cable Wristcurl,Forearm,40.0,kgs,18,,,,""
2025-05-04,Straightbar Cable Wristcurl,Forearm,50.0,kgs,12,,,,""
2025-05-04,Straightbar Cable Wristcurl,Forearm,50.0,kgs,14,,,,""
2025-05-06,Incline Dumbbell Bench Press,Chest,22.0,kgs,12,,,,""
2025-05-06,Incline Dumbbell Bench Press,Chest,30.0,kgs,6,,,,""
2025-05-06,Incline Dumbbell Bench Press,Chest,38.0,kgs,9,,,,""
2025-05-06,Incline Dumbbell Bench Press,Chest,38.0,kgs,7,,,,""
2025-05-06,Seated Dumbbell Press,Shoulders,26.0,kgs,9,,,,""
2025-05-06,Seated Dumbbell Press,Shoulders,26.0,kgs,7,,,,""
2025-05-06,Seated Dumbbell Press,Shoulders,26.0,kgs,9,,,,""
2025-05-06,Triceps Kickbacks,Triceps,25.0,kgs,11,,,,""
2025-05-06,Triceps Kickbacks,Triceps,25.0,kgs,11,,,,""
2025-05-06,Triceps Kickbacks,Triceps,25.0,kgs,9,,,,""
2025-05-06,Behind Back Cable Lat Raise 2 Arms,Shoulders,15.0,kgs,16,,,,""
2025-05-06,Behind Back Cable Lat Raise 2 Arms,Shoulders,15.0,kgs,10,,,,""
2025-05-06,Behind Back Cable Lat Raise 2 Arms,Shoulders,15.0,kgs,8,,,,""
2025-05-06,Leg Curl Machine,Legs,40.0,kgs,11,,,,""
2025-05-06,Leg Curl Machine,Legs,40.0,kgs,12,,,,""
2025-05-06,Leg Curl Machine,Legs,45.0,kgs,8,,,,""
2025-05-06,Leg Press Calfs,Legs,140.0,kgs,15,,,,""
2025-05-06,Leg Press Calfs,Legs,140.0,kgs,15,,,,""
2025-05-06,Leg Press Calfs,Legs,140.0,kgs,13,,,,""
2025-05-08,Preacher Hammer Curl,Biceps,16.0,kgs,9,,,,""
2025-05-08,Preacher Hammer Curl,Biceps,16.0,kgs,7,,,,""
2025-05-08,Preacher Hammer Curl,Biceps,16.0,kgs,7,,,,""
2025-05-08,Seated Cable Row Unilateral,Back,45.0,kgs,12,,,,""
2025-05-08,Seated Cable Row Unilateral,Back,45.0,kgs,11,,,,""
2025-05-08,Seated Cable Row Unilateral,Back,45.0,kgs,12,,,,""
2025-05-08,T-Bar Row,Back,45.0,kgs,13,,,,""
2025-05-08,T-Bar Row,Back,45.0,kgs,12,,,,""
2025-05-08,T-Bar Row,Back,45.0,kgs,10,,,,""
2025-05-08,Lat Pulldown,Back,69.0,kgs,14,,,,""
2025-05-08,Lat Pulldown,Back,71.5,kgs,12,,,,""
2025-05-08,Lat Pulldown,Back,71.5,kgs,12,,,,""
2025-05-08,Leg Extension Freie Gewichte,Legs,85.0,kgs,12,,,,""
2025-05-08,Leg Extension Freie Gewichte,Legs,100.0,kgs,13,,,,""
2025-05-10,Flat Barbell Bench Press,Chest,20.0,kgs,12,,,,""
2025-05-10,Flat Barbell Bench Press,Chest,60.0,kgs,12,,,,""
2025-05-10,Flat Barbell Bench Press,Chest,90.0,kgs,5,,,,""
2025-05-10,Flat Barbell Bench Press,Chest,80.0,kgs,10,,,,""
2025-05-10,Seated Dumbbell Press,Shoulders,28.0,kgs,9,,,,""
2025-05-10,Seated Dumbbell Press,Shoulders,28.0,kgs,7,,,,""
2025-05-10,Seated Dumbbell Press,Shoulders,28.0,kgs,7,,,,""
2025-05-10,Triceps Kickbacks,Triceps,25.0,kgs,14,,,,""
2025-05-10,Triceps Kickbacks,Triceps,30.0,kgs,12,,,,""
2025-05-10,Triceps Kickbacks,Triceps,30.0,kgs,9,,,,""
2025-05-10,Behind Back Cable Lat Raise 2 Arms,Shoulders,20.0,kgs,10,,,,""
2025-05-10,Behind Back Cable Lat Raise 2 Arms,Shoulders,20.0,kgs,8,,,,""
2025-05-10,Leg Press Calfs,Legs,141.0,kgs,16,,,,""
2025-05-10,Leg Press Calfs,Legs,141.0,kgs,14,,,,""
2025-05-10,Leg Press Calfs,Legs,141.0,kgs,12,,,,""
2025-05-10,Hip Abductor Tritte Außen,Legs,80.0,kgs,12,,,,""
2025-05-10,Hip Abductor Tritte Außen,Legs,80.0,kgs,12,,,,""
2025-05-10,Hip Abductor Tritte Außen,Legs,80.0,kgs,8,,,,""
2025-05-13,Cable Curl Unilateral,Biceps,15.0,kgs,12,,,,""
2025-05-13,Cable Curl Unilateral,Biceps,30.0,kgs,16,,,,""
2025-05-13,Cable Curl Unilateral,Biceps,35.0,kgs,10,,,,""
2025-05-13,Cable Curl Unilateral,Biceps,35.0,kgs,9,,,,""
2025-05-13,Seated Cable Row Unilateral,Back,45.0,kgs,12,,,,""
2025-05-13,Seated Cable Row Unilateral,Back,45.0,kgs,14,,,,""
2025-05-13,Seated Cable Row Unilateral,Back,45.0,kgs,12,,,,""
2025-05-13,Lat Pulldown,Back,71.5,kgs,13,,,,""
2025-05-13,Lat Pulldown,Back,71.5,kgs,11,,,,""
2025-05-13,T-Bar Row,Back,50.0,kgs,8,,,,""
2025-05-13,T-Bar Row,Back,45.0,kgs,10,,,,""
2025-05-13,T-Bar Row,Back,45.0,kgs,12,,,,""
2025-05-13,Lat Pulldown,Back,71.5,kgs,10,,,,""
2025-05-13,Hackenschmidt,Legs,0.0,kgs,12,,,,""
2025-05-13,Hackenschmidt,Legs,40.0,kgs,18,,,,""
2025-05-13,Hackenschmidt,Legs,60.0,kgs,12,,,,""
2025-05-13,Leg Extension Freie Gewichte,Legs,110.0,kgs,16,,,,""
2025-05-13,Leg Extension Freie Gewichte,Legs,120.0,kgs,10,,,,""
2025-05-13,Leg Extension Freie Gewichte,Legs,120.0,kgs,10,,,,""
2025-05-14,Flat Barbell Bench Press,Chest,20.0,kgs,12,,,,""
2025-05-14,Flat Barbell Bench Press,Chest,60.0,kgs,8,,,,""
2025-05-14,Flat Barbell Bench Press,Chest,90.0,kgs,2,,,,""
2025-05-14,Flat Barbell Bench Press,Chest,110.0,kgs,0,,,,""
2025-05-14,Flat Barbell Bench Press,Chest,90.0,kgs,4,,,,""
2025-05-14,Flat Barbell Bench Press,Chest,80.0,kgs,7,,,,""
2025-05-14,Seated Dumbbell Press,Shoulders,18.0,kgs,8,,,,""
2025-05-14,Seated Dumbbell Press,Shoulders,28.0,kgs,10,,,,""
2025-05-14,Seated Dumbbell Press,Shoulders,28.0,kgs,8,,,,""
2025-05-14,Seated Dumbbell Press,Shoulders,28.0,kgs,7,,,,""
2025-05-14,Cable Lateral Unilat,Shoulders,20.0,kgs,11,,,,""
2025-05-14,Cable Lateral Unilat,Shoulders,20.0,kgs,7,,,,""
2025-05-14,Lying Leg Curl Machine,Legs,60.0,kgs,7,,,,""
2025-05-14,Lying Leg Curl Machine,Legs,60.0,kgs,6,,,,""
2025-05-17,Preacher Hammer Curl,Biceps,16.0,kgs,8,,,,""
2025-05-17,Preacher Hammer Curl,Biceps,16.0,kgs,9,,,,""
2025-05-17,Preacher Hammer Curl,Biceps,16.0,kgs,8,,,,""
2025-05-17,T-Bar Row,Back,50.0,kgs,13,,,,""
2025-05-17,T-Bar Row,Back,55.0,kgs,10,,,,""
2025-05-17,T-Bar Row,Back,55.0,kgs,8,,,,""
2025-05-17,Lat Pulldown,Back,75.0,kgs,10,,,,""
2025-05-17,Lat Pulldown,Back,75.0,kgs,10,,,,""
2025-05-17,Lat Pulldown,Back,75.0,kgs,11,,,,""
2025-05-17,Seated Cable Row Unilateral,Back,45.0,kgs,9,,,,""
2025-05-17,Seated Cable Row Unilateral,Back,40.0,kgs,12,,,,""
2025-05-17,Seated Cable Row Unilateral,Back,40.0,kgs,14,,,,""
2025-05-17,Lying Leg Curl Machine,Legs,60.0,kgs,9,,,,""
2025-05-17,Lying Leg Curl Machine,Legs,60.0,kgs,8,,,,""
2025-05-17,Lying Leg Curl Machine,Legs,60.0,kgs,7,,,,""
2025-05-17,Leg Press Calfs,Legs,141.0,kgs,16,,,,""
2025-05-17,Leg Press Calfs,Legs,141.0,kgs,15,,,,""
2025-05-17,Leg Press Calfs,Legs,141.0,kgs,12,,,,""
2025-05-18,Incline Dumbbell Bench Press,Chest,24.0,kgs,12,,,,""
2025-05-18,Incline Dumbbell Bench Press,Chest,32.0,kgs,4,,,,""
2025-05-18,Incline Dumbbell Bench Press,Chest,40.0,kgs,9,,,,""
2025-05-18,Seated Dumbbell Press,Shoulders,28.0,kgs,10,,,,""
2025-05-18,Seated Dumbbell Press,Shoulders,28.0,kgs,8,,,,""
2025-05-18,Triceps Kickbacks,Triceps,30.0,kgs,9,,,,""
2025-05-18,Triceps Kickbacks,Triceps,30.0,kgs,6,,,,""
2025-05-18,Triceps Kickbacks,Triceps,25.0,kgs,11,,,,""
2025-05-18,Cable Lateral Unilat,Shoulders,20.0,kgs,8,,,,""
2025-05-18,Cable Lateral Unilat,Shoulders,20.0,kgs,6,,,,""
2025-05-18,Leg Extension Machine,Legs,85.0,kgs,12,,,,""
2025-05-18,Leg Extension Machine,Legs,40.0,kgs,12,,,,""
2025-05-18,Seated Dumbbell Press,Shoulders,28.0,kgs,9,,,,""
2025-05-20,Cable Curl Unilateral,Biceps,15.0,kgs,12,,,,""
2025-05-20,Cable Curl Unilateral,Biceps,35.0,kgs,10,,,,""
2025-05-20,Cable Curl Unilateral,Biceps,35.0,kgs,8,,,,""
2025-05-20,Cable Curl Unilateral,Biceps,35.0,kgs,8,,,,""
2025-05-20,Lat Pulldown,Back,77.0,kgs,12,,,,""
2025-05-20,Lat Pulldown,Back,77.0,kgs,10,,,,""
2025-05-20,Lat Pulldown,Back,77.0,kgs,9,,,,""
2025-05-20,T-Bar Row,Back,50.0,kgs,8,,,,""
2025-05-20,T-Bar Row,Back,45.0,kgs,12,,,,""
2025-05-20,T-Bar Row,Back,45.0,kgs,11,,,,""
2025-05-20,Seated Cable Row Unilateral,Back,45.0,kgs,13,,,,""
2025-05-20,Seated Cable Row Unilateral,Back,45.0,kgs,11,,,,""
2025-05-20,Seated Cable Row Unilateral,Back,45.0,kgs,10,,,,""
2025-05-20,Lying Leg Curl Machine,Legs,60.0,kgs,9,,,,""
2025-05-20,Lying Leg Curl Machine,Legs,60.0,kgs,7,,,,""
2025-05-20,Lying Leg Curl Machine,Legs,60.0,kgs,4,,,,""
2025-05-20,Leg Press Calfs,Legs,141.0,kgs,16,,,,""
2025-05-20,Leg Press Calfs,Legs,141.0,kgs,15,,,,""
2025-05-20,Leg Press Calfs,Legs,141.0,kgs,14,,,,""
2025-05-22,Flat Barbell Bench Press,Chest,20.0,kgs,12,,,,""
2025-05-22,Flat Barbell Bench Press,Chest,60.0,kgs,8,,,,""
2025-05-22,Flat Barbell Bench Press,Chest,90.0,kgs,8,,,,""
2025-05-22,Flat Barbell Bench Press,Chest,80.0,kgs,8,,,,""
2025-05-22,Seated Dumbbell Press,Shoulders,20.0,kgs,8,,,,""
2025-05-22,Seated Dumbbell Press,Shoulders,30.0,kgs,9,,,,""
2025-05-22,Seated Dumbbell Press,Shoulders,30.0,kgs,8,,,,""
2025-05-22,Seated Dumbbell Press,Shoulders,30.0,kgs,6,,,,""
2025-05-22,Triceps Kickbacks,Triceps,30.0,kgs,10,,,,""
2025-05-22,Behind Back Cable Lat Raise 2 Arms,Shoulders,20.0,kgs,9,,,,""
2025-05-22,Behind Back Cable Lat Raise 2 Arms,Shoulders,20.0,kgs,7,,,,""
2025-05-22,Leg Extension Machine,Legs,85.0,kgs,12,,,,""
2025-05-22,Triceps Kickbacks,Triceps,30.0,kgs,8,,,,""
2025-05-22,Triceps Kickbacks,Triceps,30.0,kgs,7,,,,""
2025-05-22,Behind Back Cable Lat Raise 2 Arms,Shoulders,20.0,kgs,4,,,,""
2025-05-22,Leg Extension Machine,Legs,85.0,kgs,11,,,,""
2025-05-22,Leg Extension Machine,Legs,85.0,kgs,10,,,,""
2025-05-24,Preacher Hammer Curl,Biceps,10.0,kgs,12,,,,""
2025-05-24,Preacher Hammer Curl,Biceps,16.0,kgs,12,,,,""
2025-05-24,Preacher Hammer Curl,Biceps,16.0,kgs,11,,,,""
2025-05-24,Preacher Hammer Curl,Biceps,16.0,kgs,9,,,,""
2025-05-24,T-Bar Row,Back,55.0,kgs,10,,,,""
2025-05-24,T-Bar Row,Back,55.0,kgs,9,,,,""
2025-05-24,T-Bar Row,Back,55.0,kgs,9,,,,""
2025-05-24,High Row Unilat,Back,45.0,kgs,6,,,,""
2025-05-24,High Row Unilat,Back,40.0,kgs,8,,,,""
2025-05-24,High Row Unilat,Back,40.0,kgs,8,,,,""
2025-05-24,Lat Pulldown,Back,75.0,kgs,4,,,,""
2025-05-24,Lat Pulldown,Back,70.0,kgs,8,,,,""
2025-05-24,Lying Leg Curl Machine,Legs,60.0,kgs,7,,,,""
2025-05-24,Lying Leg Curl Machine,Legs,60.0,kgs,6,,,,""
2025-05-24,Lying Leg Curl Machine,Legs,60.0,kgs,5,,,,""
2025-05-24,Leg Press Calfs,Legs,141.0,kgs,14,,,,""
2025-05-24,Leg Press Calfs,Legs,141.0,kgs,14,,,,""
2025-05-24,Leg Press Calfs,Legs,141.0,kgs,12,,,,""
2025-05-25,Incline Dumbbell Bench Press,Chest,24.0,kgs,12,,,,""
2025-05-25,Incline Dumbbell Bench Press,Chest,32.0,kgs,5,,,,""
2025-05-25,Incline Dumbbell Bench Press,Chest,40.0,kgs,7,,,,""
2025-05-25,Seated Dumbbell Press,Shoulders,28.0,kgs,10,,,,""
2025-05-25,Seated Dumbbell Press,Shoulders,28.0,kgs,7,,,,""
2025-05-25,Seated Dumbbell Press,Shoulders,28.0,kgs,7,,,,""
2025-05-25,Cable Overhead Triceps Extension,Triceps,50.0,kgs,9,,,,""
2025-05-25,Cable Overhead Triceps Extension,Triceps,50.0,kgs,9,,,,""
2025-05-25,Cable Overhead Triceps Extension,Triceps,50.0,kgs,9,,,,""
2025-05-25,Cable Lateral Unilat,Shoulders,10.0,kgs,14,,,,""
2025-05-25,Cable Lateral Unilat,Shoulders,10.0,kgs,14,,,,""
2025-05-25,Leg Extension Machine,Legs,60.0,kgs,12,,,,""
2025-05-25,Leg Extension Machine,Legs,85.0,kgs,12,,,,""
2025-05-25,Incline Dumbbell Bench Press,Chest,40.0,kgs,5,,,,""
2025-05-25,Cable Lateral Unilat,Shoulders,15.0,kgs,12,,,,""
2025-05-25,Cable Lateral Unilat,Shoulders,15.0,kgs,12,,,,""
2025-05-25,Leg Extension Machine,Legs,85.0,kgs,10,,,,""
2025-05-25,Hackenschmidt,Legs,20.0,kgs,4,,,,""
2025-05-25,Hackenschmidt,Legs,60.0,kgs,1,,,,""
2025-05-25,Hackenschmidt,Legs,70.0,kgs,5,,,,""
2025-06-01,Cable Curl Unilateral,Biceps,25.0,kgs,10,,,,""
2025-06-01,Cable Curl Unilateral,Biceps,35.0,kgs,10,,,,""
2025-06-01,Cable Curl Unilateral,Biceps,35.0,kgs,9,,,,""
2025-06-01,Cable Curl Unilateral,Biceps,35.0,kgs,8,,,,""
2025-06-01,T-Bar Row,Back,30.0,kgs,8,,,,""
2025-06-01,T-Bar Row,Back,50.0,kgs,8,,,,""
2025-06-01,T-Bar Row,Back,45.0,kgs,13,,,,""
2025-06-01,Lat Pulldown,Back,77.0,kgs,10,,,,""
2025-06-01,Lat Pulldown,Back,77.0,kgs,8,,,,""
2025-06-01,Lat Pulldown,Back,77.0,kgs,9,,,,""
2025-06-01,Seated Cable Row Unilateral,Back,42.0,kgs,12,,,,""
2025-06-01,Seated Cable Row Unilateral,Back,39.5,kgs,12,,,,""
2025-06-01,Lying Leg Curl Machine,Legs,60.0,kgs,5,,,,""
2025-06-01,Lying Leg Curl Machine,Legs,55.0,kgs,7,,,,""
2025-06-01,Leg Press Calfs,Legs,141.0,kgs,12,,,,""
2025-06-01,Leg Press Calfs,Legs,141.0,kgs,12,,,,""
2025-06-01,T-Bar Row,Back,45.0,kgs,8,,,,""
2025-06-01,Seated Cable Row Unilateral,Back,39.5,kgs,12,,,,""
2025-06-04,Flat Barbell Bench Press,Chest,20.0,kgs,12,,,,""
2025-06-04,Flat Barbell Bench Press,Chest,60.0,kgs,8,,,,""
2025-06-04,Flat Barbell Bench Press,Chest,90.0,kgs,7,,,,""
2025-06-04,Flat Barbell Bench Press,Chest,90.0,kgs,5,,,,""
2025-06-04,Seated Dumbbell Press,Shoulders,20.0,kgs,8,,,,""
2025-06-04,Seated Dumbbell Press,Shoulders,26.0,kgs,8,,,,""
2025-06-04,Seated Dumbbell Press,Shoulders,26.0,kgs,8,,,,""
2025-06-04,Triceps Kickbacks,Triceps,35.0,kgs,11,,,,""
2025-06-04,Triceps Kickbacks,Triceps,35.0,kgs,9,,,,""
2025-06-04,Triceps Kickbacks,Triceps,30.0,kgs,7,,,,""
2025-06-04,Cable Lateral Unilat,Shoulders,20.0,kgs,14,,,,""
2025-06-04,Cable Lateral Unilat,Shoulders,20.0,kgs,11,,,,""
2025-06-04,Hackenschmidt,Legs,40.0,kgs,6,,,,""
2025-06-04,Hackenschmidt,Legs,60.0,kgs,12,,,,""
2025-06-04,Hackenschmidt,Legs,60.0,kgs,12,,,,""
2025-06-05,Preacher Hammer Curl,Biceps,12.0,kgs,8,,,,""
2025-06-05,Preacher Hammer Curl,Biceps,16.0,kgs,9,,,,""
2025-06-05,Preacher Hammer Curl,Biceps,16.0,kgs,7,,,,""
2025-06-05,Preacher Hammer Curl,Biceps,16.0,kgs,6,,,,""
2025-06-05,T-Bar Row,Back,50.0,kgs,13,,,,""
2025-06-05,T-Bar Row,Back,50.0,kgs,11,,,,""
2025-06-05,T-Bar Row,Back,50.0,kgs,9,,,,""
2025-06-05,Lat Pulldown,Back,77.0,kgs,10,,,,""
2025-06-05,Lat Pulldown,Back,77.0,kgs,10,,,,""
2025-06-05,Pullover,Back,50.0,kgs,9,,,,""
2025-06-05,Pullover,Back,45.0,kgs,8,,,,""
2025-06-05,Pullover,Back,45.0,kgs,8,,,,""
2025-06-05,Lying Leg Curl Machine,Legs,55.0,kgs,9,,,,""
2025-06-05,Lying Leg Curl Machine,Legs,55.0,kgs,10,,,,""
2025-06-05,Standing Calf Raise Machine,Legs,77.0,kgs,12,,,,""
2025-06-05,Standing Calf Raise Machine,Legs,93.0,kgs,12,,,,""
2025-06-05,Lat Pulldown,Back,77.0,kgs,7,,,,""
2025-06-05,Standing Calf Raise Machine,Legs,93.0,kgs,8,,,,""
2025-06-07,Flat Barbell Bench Press,Chest,20.0,kgs,12,,,,""
2025-06-07,Flat Barbell Bench Press,Chest,50.0,kgs,8,,,,""
2025-06-07,Flat Barbell Bench Press,Chest,70.0,kgs,4,,,,""
2025-06-07,Flat Barbell Bench Press,Chest,90.0,kgs,1,,,,""
2025-06-07,Seated Dumbbell Press,Shoulders,18.0,kgs,12,,,,""
2025-06-07,Seated Dumbbell Press,Shoulders,26.0,kgs,9,,,,""
2025-06-07,Seated Dumbbell Press,Shoulders,26.0,kgs,8,,,,""
2025-06-07,Cable Overhead Triceps Extension,Triceps,50.0,kgs,10,,,,""
2025-06-07,Cable Overhead Triceps Extension,Triceps,50.0,kgs,10,,,,""
2025-06-07,Cable Overhead Triceps Extension,Triceps,50.0,kgs,7,,,,""
2025-06-07,Cable Lat Unilat Sitzend,Shoulders,20.0,kgs,16,,,,""
2025-06-07,Cable Lat Unilat Sitzend,Shoulders,25.0,kgs,9,,,,""
2025-06-07,Hackenschmidt,Legs,40.0,kgs,6,,,,""
2025-06-07,Hackenschmidt,Legs,60.0,kgs,12,,,,""
2025-06-07,Hackenschmidt,Legs,60.0,kgs,12,,,,""
2025-06-07,Flat Barbell Bench Press,Chest,110.0,kgs,0,,,,""
2025-06-07,Flat Barbell Bench Press,Chest,110.0,kgs,0,,,,""
2025-06-07,Flat Barbell Bench Press,Chest,90.0,kgs,3,,,,""
2025-06-07,Seated Dumbbell Press,Shoulders,26.0,kgs,6,,,,""
2025-06-07,Cable Lat Unilat Sitzend,Shoulders,20.0,kgs,16,,,,""
2025-06-07,Leg Extension Machine,Legs,60.0,kgs,12,,,,""
2025-06-07,Leg Extension Machine,Legs,85.0,kgs,12,,,,""
2025-06-07,Leg Extension Machine,Legs,85.0,kgs,9,,,,""
2025-06-07,Leg Extension Machine,Legs,85.0,kgs,9,,,,""
2025-06-08,Seated Incline Dumbbell Curl,Biceps,10.0,kgs,12,,,,""
2025-06-08,Seated Incline Dumbbell Curl,Biceps,16.0,kgs,8,,,,""
2025-06-08,Seated Incline Dumbbell Curl,Biceps,16.0,kgs,8,,,,""
2025-06-08,Seated Incline Dumbbell Curl,Biceps,16.0,kgs,5,,,,""
2025-06-08,T-Bar Row,Back,35.0,kgs,8,,,,""
2025-06-08,T-Bar Row,Back,55.0,kgs,10,,,,""
2025-06-08,T-Bar Row,Back,55.0,kgs,9,,,,""
2025-06-08,T-Bar Row,Back,55.0,kgs,7,,,,""
2025-06-08,Lat Pulldown,Back,75.0,kgs,9,,,,""
2025-06-08,Seated Cable Row Unilateral,Back,40.0,kgs,8,,,,""
2025-06-08,Seated Cable Row Unilateral,Back,40.0,kgs,8,,,,""
2025-06-08,Lying Leg Curl Machine,Legs,35.0,kgs,5,,,,""
2025-06-08,Lying Leg Curl Machine,Legs,55.0,kgs,9,,,,""
2025-06-08,Lying Leg Curl Machine,Legs,55.0,kgs,7,,,,""
2025-06-08,Standing Calf Raise Machine,Legs,95.0,kgs,11,,,,""
2025-06-08,Standing Calf Raise Machine,Legs,95.0,kgs,8,,,,""
2025-06-08,Standing Calf Raise Machine,Legs,95.0,kgs,7,,,,""
2025-06-08,Lat Pulldown,Back,75.0,kgs,9,,,,""
2025-06-08,Lat Pulldown,Back,75.0,kgs,6,,,,""
2025-06-10,Incline Dumbbell Bench Press,Chest,20.0,kgs,12,,,,""
2025-06-10,Incline Dumbbell Bench Press,Chest,28.0,kgs,6,,,,""
2025-06-10,Incline Dumbbell Bench Press,Chest,34.0,kgs,11,,,,""
2025-06-10,Incline Dumbbell Bench Press,Chest,34.0,kgs,8,,,,""
2025-06-10,Seated Dumbbell Press,Shoulders,26.0,kgs,8,,,,""
2025-06-10,Seated Dumbbell Press,Shoulders,26.0,kgs,7,,,,""
2025-06-10,Seated Dumbbell Press,Shoulders,26.0,kgs,8,,,,""
2025-06-10,Unilateral Triceps Extension,Triceps,35.0,kgs,10,,,,""
2025-06-10,Unilateral Triceps Extension,Triceps,35.0,kgs,9,,,,""
2025-06-10,Unilateral Triceps Extension,Triceps,35.0,kgs,6,,,,""
2025-06-10,Cable Lateral Unilat,Shoulders,10.0,kgs,14,,,,""
2025-06-10,Cable Lateral Unilat,Shoulders,10.0,kgs,14,,,,""
2025-06-10,Cable Lateral Unilat,Shoulders,15.0,kgs,12,,,,""
2025-06-10,Cable Lateral Unilat,Shoulders,15.0,kgs,12,,,,""
2025-06-10,Leg Extension Machine,Legs,60.0,kgs,8,,,,""
2025-06-10,Leg Extension Machine,Legs,80.0,kgs,10,,,,""
2025-06-10,Leg Extension Machine,Legs,80.0,kgs,12,,,,""
2025-06-10,Incline Dumbbell Bench Press,Chest,34.0,kgs,6,,,,""
2025-06-10,Leg Extension Machine,Legs,80.0,kgs,11,,,,""
2025-06-14,Preacher Hammer Curl,Biceps,12.0,kgs,8,,,,""
2025-06-14,Preacher Hammer Curl,Biceps,16.0,kgs,10,,,,""
2025-06-14,Preacher Hammer Curl,Biceps,16.0,kgs,8,,,,""
2025-06-14,Preacher Hammer Curl,Biceps,16.0,kgs,7,,,,""
2025-06-14,T-Bar Row,Back,55.0,kgs,9,,,,""
2025-06-14,T-Bar Row,Back,50.0,kgs,11,,,,""
2025-06-14,T-Bar Row,Back,50.0,kgs,9,,,,""
2025-06-14,Lat Pulldown,Back,75.0,kgs,9,,,,""
2025-06-14,Lat Pulldown,Back,70.0,kgs,10,,,,""
2025-06-14,Seated Cable Row Unilateral,Back,40.0,kgs,11,,,,""
2025-06-14,Seated Cable Row Unilateral,Back,40.0,kgs,9,,,,""
2025-06-14,Lying Leg Curl Machine,Legs,55.0,kgs,9,,,,""
2025-06-14,Lying Leg Curl Machine,Legs,55.0,kgs,10,,,,""
2025-06-14,Standing Calf Raise Machine,Legs,95.0,kgs,12,,,,""
2025-06-14,Standing Calf Raise Machine,Legs,95.0,kgs,9,,,,""
2025-06-17,Incline Dumbbell Bench Press,Chest,20.0,kgs,12,,,,""
2025-06-17,Incline Dumbbell Bench Press,Chest,28.0,kgs,5,,,,""
2025-06-17,Incline Dumbbell Bench Press,Chest,34.0,kgs,11,,,,""
2025-06-17,Incline Dumbbell Bench Press,Chest,34.0,kgs,8,,,,""
2025-06-17,Incline Dumbbell Bench Press,Chest,34.0,kgs,7,,,,""
2025-06-17,Seated Dumbbell Press,Shoulders,26.0,kgs,7,,,,""
2025-06-17,Seated Dumbbell Press,Shoulders,26.0,kgs,7,,,,""
2025-06-17,Seated Dumbbell Press,Shoulders,26.0,kgs,8,,,,""
2025-06-17,Unilateral Triceps Extension,Triceps,35.0,kgs,5,,,,""
2025-06-17,Unilateral Triceps Extension,Triceps,30.0,kgs,11,,,,""
2025-06-17,Unilateral Triceps Extension,Triceps,30.0,kgs,6,,,,""
2025-06-17,Cable Lateral Unilat,Shoulders,15.0,kgs,18,,,,""
2025-06-17,Cable Lateral Unilat,Shoulders,20.0,kgs,12,,,,""
2025-06-17,Leg Extension Machine,Legs,60.0,kgs,8,,,,""
2025-06-17,Leg Extension Machine,Legs,75.0,kgs,16,,,,""
2025-06-17,Leg Extension Machine,Legs,80.0,kgs,14,,,,""
2025-06-17,Cable Lateral Unilat,Shoulders,20.0,kgs,10,,,,""
2025-06-17,Hackenschmidt,Legs,40.0,kgs,6,,,,""
2025-06-17,Hackenschmidt,Legs,55.0,kgs,12,,,,""
2025-06-17,Hackenschmidt,Legs,55.0,kgs,8,,,,""
2025-06-19,Seated Incline Dumbbell Curl,Biceps,12.0,kgs,6,,,,""
2025-06-19,Seated Incline Dumbbell Curl,Biceps,16.0,kgs,9,,,,""
2025-06-19,Seated Incline Dumbbell Curl,Biceps,16.0,kgs,8,,,,""
2025-06-19,Seated Incline Dumbbell Curl,Biceps,16.0,kgs,7,,,,""
2025-06-19,T-Bar Row,Back,55.0,kgs,9,,,,""
2025-06-19,T-Bar Row,Back,50.0,kgs,10,,,,""
2025-06-19,T-Bar Row,Back,50.0,kgs,9,,,,""
2025-06-19,T-Bar Row,Back,35.0,kgs,8,,,,""
2025-06-19,Seated Cable Row Unilateral,Back,40.0,kgs,11,,,,""
2025-06-19,Seated Cable Row Unilateral,Back,40.0,kgs,11,,,,""
2025-06-19,Lat Pulldown,Back,75.0,kgs,9,,,,""
2025-06-19,Lat Pulldown,Back,75.0,kgs,9,,,,""
2025-06-19,Lying Leg Curl Machine,Legs,55.0,kgs,10,,,,""
2025-06-19,Lying Leg Curl Machine,Legs,55.0,kgs,7,,,,""
2025-06-19,Standing Calf Raise Machine,Legs,95.0,kgs,7,,,,""
2025-06-19,Standing Calf Raise Machine,Legs,70.0,kgs,14,,,,""
2025-06-19,Standing Calf Raise Machine,Legs,70.0,kgs,14,,,,""
2025-06-21,Flat Bench Pause Reps,Chest,20.0,kgs,12,,,,""
2025-06-21,Flat Bench Pause Reps,Chest,50.0,kgs,8,,,,""
2025-06-21,Flat Bench Pause Reps,Chest,70.0,kgs,4,,,,""
2025-06-21,Flat Bench Pause Reps,Chest,90.0,kgs,6,,,,""
2025-06-21,Flat Bench Pause Reps,Chest,90.0,kgs,4,,,,""
2025-06-21,Seated Dumbbell Press,Shoulders,20.0,kgs,8,,,,""
2025-06-21,Seated Dumbbell Press,Shoulders,26.0,kgs,7,,,,""
2025-06-21,Seated Dumbbell Press,Shoulders,26.0,kgs,6,,,,""
2025-06-21,Cable Overhead Triceps Extension,Triceps,50.0,kgs,8,,,,""
2025-06-21,Cable Overhead Triceps Extension,Triceps,50.0,kgs,7,,,,""
2025-06-21,Cable Lateral Unilat,Shoulders,20.0,kgs,15,,,,""
2025-06-21,Cable Lateral Unilat,Shoulders,20.0,kgs,13,,,,""
2025-06-21,Leg Extension Machine,Legs,70.0,kgs,8,,,,""
2025-06-21,Hackenschmidt,Legs,40.0,kgs,4,,,,""
2025-06-21,Leg Extension Machine,Legs,80.0,kgs,15,,,,""
2025-06-21,Leg Extension Machine,Legs,85.0,kgs,12,,,,""
2025-06-21,Hackenschmidt,Legs,70.0,kgs,8,,,,""
2025-06-21,Hackenschmidt,Legs,70.0,kgs,6,,,,""
2025-06-21,Hackenschmidt,Legs,70.0,kgs,6,,,,""
2025-06-22,Dumbbell Hammer Curl,Biceps,12.0,kgs,6,,,,""
2025-06-22,Dumbbell Hammer Curl,Biceps,16.0,kgs,8,,,,""
2025-06-22,Dumbbell Hammer Curl,Biceps,16.0,kgs,7,,,,""
2025-06-22,Biceps Curl Dual Maschine Golds Gym,Biceps,20.0,kgs,5,,,,""
2025-06-22,Biceps Curl Dual Maschine Golds Gym,Biceps,20.0,kgs,6,,,,""
2025-06-22,Biceps Curl Dual Maschine Golds Gym,Biceps,20.0,kgs,5,,,,""
2025-06-22,T-Bar Row,Back,35.0,kgs,8,,,,""
2025-06-22,T-Bar Row,Back,50.0,kgs,11,,,,""
2025-06-22,T-Bar Row,Back,50.0,kgs,11,,,,""
2025-06-22,Lat Pulldown,Back,77.0,kgs,11,,,,""
2025-06-22,Lat Pulldown,Back,77.0,kgs,8,,,,""
2025-06-22,Leg Curl Machine,Legs,50.0,kgs,5,,,,""
2025-06-22,Leg Curl Machine,Legs,70.0,kgs,3,,,,""
2025-06-22,Leg Press Calfs,Legs,213.0,kgs,11,,,,""
2025-06-22,Leg Press Calfs,Legs,213.0,kgs,10,,,,""
2025-06-22,Leg Press Calfs,Legs,213.0,kgs,10,,,,""
2025-06-24,Incline Dumbbell Bench Press,Chest,28.0,kgs,6,,,,""
2025-06-24,Incline Dumbbell Bench Press,Chest,34.0,kgs,9,,,,""
2025-06-24,Incline Dumbbell Bench Press,Chest,34.0,kgs,6,,,,""
2025-06-24,Incline Dumbbell Bench Press,Chest,34.0,kgs,5,,,,""
2025-06-24,Seated Dumbbell Press,Shoulders,26.0,kgs,6,,,,""
2025-06-24,Seated Dumbbell Press,Shoulders,26.0,kgs,5,,,,""
2025-06-24,Seated Dumbbell Press,Shoulders,26.0,kgs,8,,,,""
2025-06-24,Unilateral Triceps Extension,Triceps,30.0,kgs,13,,,,""
2025-06-24,Unilateral Triceps Extension,Triceps,30.0,kgs,12,,,,""
2025-06-24,Unilateral Triceps Extension,Triceps,30.0,kgs,10,,,,""
2025-06-24,Cable Lateral Unilat,Shoulders,20.0,kgs,15,,,,""
2025-06-24,Cable Lateral Unilat,Shoulders,20.0,kgs,13,,,,""
2025-06-24,Cable Lateral Unilat,Shoulders,20.0,kgs,12,,,,""
2025-06-24,Leg Extension Machine,Legs,70.0,kgs,8,,,,""
2025-06-24,Leg Extension Machine,Legs,80.0,kgs,13,,,,""
2025-06-24,Leg Extension Machine,Legs,80.0,kgs,9,,,,""
2025-06-24,Hackenschmidt,Legs,40.0,kgs,6,,,,""
2025-06-24,Hackenschmidt,Legs,55.0,kgs,12,,,,""
2025-06-24,Hackenschmidt,Legs,55.0,kgs,8,,,,""
2025-06-24,Leg Extension Machine,Legs,80.0,kgs,9,,,,""
2025-06-25,Dumbbell Hammer Curl,Biceps,12.0,kgs,8,,,,""
2025-06-25,Dumbbell Hammer Curl,Biceps,16.0,kgs,10,,,,""
2025-06-25,Dumbbell Hammer Curl,Biceps,16.0,kgs,7,,,,""
2025-06-25,Cable Curl Unilateral,Biceps,35.0,kgs,6,,,,""
2025-06-25,Cable Curl Unilateral,Biceps,30.0,kgs,10,,,,""
2025-06-25,TBar Grode Griffe,Back,30.0,kgs,6,,,,""
2025-06-25,TBar Grode Griffe,Back,50.0,kgs,15,,,,""
2025-06-25,TBar Grode Griffe,Back,55.0,kgs,12,,,,""
2025-06-25,TBar Grode Griffe,Back,55.0,kgs,9,,,,""
2025-06-25,Leg Curl Machine,Legs,50.0,kgs,15,,,,""
2025-06-25,Leg Curl Machine,Legs,55.0,kgs,14,,,,""
2025-06-25,Standing Calf Raise Machine,Legs,117.0,kgs,14,,,,""
2025-06-25,Lat Pulldown,Back,77.0,kgs,11,,,,""
2025-06-25,Lat Pulldown,Back,77.0,kgs,9,,,,""
2025-06-25,Leg Curl Machine,Legs,60.0,kgs,10,,,,""
2025-06-25,Standing Calf Raise Machine,Legs,117.0,kgs,14,,,,""
2025-06-25,Standing Calf Raise Machine,Legs,117.0,kgs,12,,,,""
2025-06-25,Lat Pulldown,Back,77.0,kgs,7,,,,""
2025-06-28,Incline Dumbbell Bench Press,Chest,26.0,kgs,6,,,,""
2025-06-28,Incline Dumbbell Bench Press,Chest,34.0,kgs,8,,,,""
2025-06-28,Incline Dumbbell Bench Press,Chest,34.0,kgs,7,,,,""
2025-06-28,Incline Dumbbell Bench Press,Chest,34.0,kgs,7,,,,""
2025-06-28,Seated Dumbbell Press,Shoulders,26.0,kgs,6,,,,""
2025-06-28,Seated Dumbbell Press,Shoulders,26.0,kgs,5,,,,""
2025-06-28,Seated Dumbbell Press,Shoulders,26.0,kgs,7,,,,""
2025-06-28,Unilateral Triceps Extension,Triceps,30.0,kgs,15,,,,""
2025-06-28,Unilateral Triceps Extension,Triceps,35.0,kgs,12,,,,""
2025-06-28,Cable Lateral Unilat,Shoulders,20.0,kgs,17,,,,""
2025-06-28,Cable Lateral Unilat,Shoulders,25.0,kgs,9,,,,""
2025-06-28,Cable Lateral Unilat,Shoulders,25.0,kgs,9,,,,""
2025-06-28,Leg Press,Legs,140.0,kgs,6,,,,""
2025-06-28,Leg Press,Legs,180.0,kgs,10,,,,""
2025-06-28,Leg Press,Legs,180.0,kgs,8,,,,""
2025-06-29,Biceps Curl Dual Maschine Golds Gym,Biceps,15.0,kgs,8,,,,""
2025-06-29,Biceps Curl Dual Maschine Golds Gym,Biceps,20.0,kgs,8,,,,""
2025-06-29,Biceps Curl Dual Maschine Golds Gym,Biceps,20.0,kgs,7,,,,""
2025-06-29,TBar Grode Griffe,Back,40.0,kgs,6,,,,""
2025-06-29,TBar Grode Griffe,Back,55.0,kgs,14,,,,""
2025-06-29,TBar Grode Griffe,Back,55.0,kgs,12,,,,""
2025-06-29,High Row Unilat,Back,45.0,kgs,7,,,,"Rechts schwächer"
2025-06-29,High Row Unilat,Back,45.0,kgs,7,,,,""
2025-06-29,Leg Curl Machine,Legs,45.0,kgs,6,,,,""
2025-06-29,Leg Curl Machine,Legs,60.0,kgs,13,,,,""
2025-06-29,Standing Calf Raise Machine,Legs,117.0,kgs,13,,,,""
2025-06-29,Biceps Curl Dual Maschine Golds Gym,Biceps,20.0,kgs,7,,,,""
2025-06-29,TBar Grode Griffe,Back,55.0,kgs,11,,,,""
2025-06-29,High Row Unilat,Back,45.0,kgs,7,,,,""
2025-06-29,Leg Curl Machine,Legs,60.0,kgs,11,,,,""
2025-06-29,Standing Calf Raise Machine,Legs,117.0,kgs,12,,,,""
2025-06-29,Standing Calf Raise Machine,Legs,117.0,kgs,11,,,,""
2025-07-02,Flat Bench Pause Reps,Chest,20.0,kgs,12,,,,""
2025-07-02,Flat Bench Pause Reps,Chest,50.0,kgs,8,,,,""
2025-07-02,Flat Bench Pause Reps,Chest,70.0,kgs,4,,,,""
2025-07-02,Flat Bench Pause Reps,Chest,90.0,kgs,5,,,,""
2025-07-02,Flat Bench Pause Reps,Chest,90.0,kgs,3,,,,""
2025-07-02,Seated Smith Machine Press,Shoulders,20.0,kgs,8,,,,""
2025-07-02,Seated Smith Machine Press,Shoulders,50.0,kgs,9,,,,""
2025-07-02,Cable Overhead Triceps Extension,Triceps,50.0,kgs,8,,,,""
2025-07-02,Cable Overhead Triceps Extension,Triceps,50.0,kgs,7,,,,""
2025-07-02,Cable Lateral Unilat,Shoulders,25.0,kgs,12,,,,""
2025-07-02,Cable Lateral Unilat,Shoulders,25.0,kgs,10,,,,""
2025-07-02,Leg Extension Machine,Legs,70.0,kgs,8,,,,""
2025-07-02,Leg Extension Machine,Legs,85.0,kgs,12,,,,""
2025-07-02,Leg Extension Machine,Legs,90.0,kgs,10,,,,""
2025-07-02,Hackenschmidt,Legs,40.0,kgs,4,,,,""
2025-07-02,Hackenschmidt,Legs,70.0,kgs,7,,,,""
2025-07-02,Hackenschmidt,Legs,70.0,kgs,6,,,,""
2025-07-02,Seated Smith Machine Press,Shoulders,50.0,kgs,8,,,,""
2025-07-02,Seated Smith Machine Press,Shoulders,50.0,kgs,5,,,,""
2025-07-06,Flat Bench Pause Reps,Chest,20.0,kgs,12,,,,""
2025-07-06,Flat Bench Pause Reps,Chest,50.0,kgs,8,,,,""
2025-07-06,Flat Bench Pause Reps,Chest,70.0,kgs,4,,,,""
2025-07-06,Flat Bench Pause Reps,Chest,90.0,kgs,5,,,,""
2025-07-06,Flat Bench Pause Reps,Chest,90.0,kgs,3,,,,""
2025-07-06,Seated Dumbbell Press,Shoulders,26.0,kgs,8,,,,""
2025-07-06,Seated Dumbbell Press,Shoulders,26.0,kgs,6,,,,""
2025-07-06,Seated Dumbbell Press,Shoulders,26.0,kgs,4,,,,""
2025-07-06,Unilateral Triceps Extension,Triceps,35.0,kgs,10,,,,""
2025-07-06,Unilateral Triceps Extension,Triceps,35.0,kgs,8,,,,""
2025-07-06,Cable Lateral Unilat,Shoulders,25.0,kgs,14,,,,""
2025-07-06,Cable Lateral Unilat,Shoulders,25.0,kgs,14,,,,""
2025-07-06,Leg Extension Machine,Legs,70.0,kgs,8,,,,""
2025-07-06,Leg Extension Machine,Legs,90.0,kgs,11,,,,""
2025-07-06,Leg Extension Machine,Legs,90.0,kgs,9,,,,""
2025-07-06,Hackenschmidt,Legs,40.0,kgs,4,,,,""
2025-07-06,Hackenschmidt,Legs,70.0,kgs,6,,,,""
2025-07-06,Hackenschmidt,Legs,70.0,kgs,4,,,,""
2025-07-06,Unilateral Triceps Extension,Triceps,35.0,kgs,6,,,,""
2025-07-08,Biceps Curl Dual Maschine Golds Gym,Biceps,15.0,kgs,8,,,,""
2025-07-08,Biceps Curl Dual Maschine Golds Gym,Biceps,20.0,kgs,11,,,,""
2025-07-08,Biceps Curl Dual Maschine Golds Gym,Biceps,20.0,kgs,6,,,,""
2025-07-08,Biceps Curl Dual Maschine Golds Gym,Biceps,20.0,kgs,6,,,,""
2025-07-08,TBar Grode Griffe,Back,40.0,kgs,7,,,,""
2025-07-08,TBar Grode Griffe,Back,60.0,kgs,10,,,,""
2025-07-08,TBar Grode Griffe,Back,60.0,kgs,9,,,,""
2025-07-08,High Row Unilat,Back,45.0,kgs,8,,,,""
2025-07-08,High Row Unilat,Back,45.0,kgs,7,,,,""
2025-07-08,High Row Unilat,Back,45.0,kgs,6,,,,""
2025-07-08,Leg Curl Machine,Legs,45.0,kgs,6,,,,""
2025-07-08,Leg Curl Machine,Legs,65.0,kgs,13,,,,""
2025-07-08,Leg Curl Machine,Legs,60.0,kgs,10,,,,""
2025-07-08,Standing Calf Raise Machine,Legs,117.0,kgs,14,,,,""
2025-07-08,Standing Calf Raise Machine,Legs,125.0,kgs,12,,,,""
2025-07-08,Standing Calf Raise Machine,Legs,125.0,kgs,10,,,,""
2025-07-08,TBar Grode Griffe,Back,60.0,kgs,10,,,,""
2025-07-09,Incline Dumbbell Bench Press,Chest,26.0,kgs,8,,,,""
2025-07-09,Incline Dumbbell Bench Press,Chest,34.0,kgs,9,,,,""
2025-07-09,Incline Dumbbell Bench Press,Chest,34.0,kgs,6,,,,""
2025-07-09,Incline Dumbbell Bench Press,Chest,34.0,kgs,5,,,,""
2025-07-09,Seated Dumbbell Press,Shoulders,20.0,kgs,6,,,,""
2025-07-09,Seated Dumbbell Press,Shoulders,26.0,kgs,7,,,,""
2025-07-09,Seated Dumbbell Press,Shoulders,26.0,kgs,5,,,,""
2025-07-09,Cable Overhead Triceps Extension,Triceps,50.0,kgs,9,,,,""
2025-07-09,Cable Overhead Triceps Extension,Triceps,50.0,kgs,7,,,,""
2025-07-09,Cable Lateral Unilat,Shoulders,25.0,kgs,17,,,,""
2025-07-09,Cable Lateral Unilat,Shoulders,30.0,kgs,9,,,,""
2025-07-09,Leg Extension Machine,Legs,70.0,kgs,6,,,,""
2025-07-09,Leg Extension Machine,Legs,90.0,kgs,12,,,,""
2025-07-09,Leg Extension Machine,Legs,90.0,kgs,9,,,,""
2025-07-09,Cable Overhead Triceps Extension,Triceps,50.0,kgs,7,,,,""
2025-07-09,Hackenschmidt,Legs,40.0,kgs,6,,,,""
2025-07-09,Hackenschmidt,Legs,70.0,kgs,7,,,,""
2025-07-11,Biceps Curl Dual Maschine Golds Gym,Biceps,15.0,kgs,8,,,,""
2025-07-11,Biceps Curl Dual Maschine Golds Gym,Biceps,20.0,kgs,12,,,,""
2025-07-11,Biceps Curl Dual Maschine Golds Gym,Biceps,20.0,kgs,8,,,,""
2025-07-11,Biceps Curl Dual Maschine Golds Gym,Biceps,20.0,kgs,7,,,,""
2025-07-11,Dumbell Preacher Hammer Curl,Biceps,16.0,kgs,6,,,,"Zwoate übung"
2025-07-11,Dumbell Preacher Hammer Curl,Biceps,16.0,kgs,7,,,,""
2025-07-11,TBar Grode Griffe,Back,45.0,kgs,7,,,,""
2025-07-11,TBar Grode Griffe,Back,60.0,kgs,11,,,,""
2025-07-11,TBar Grode Griffe,Back,60.0,kgs,10,,,,""
2025-07-11,TBar Grode Griffe,Back,60.0,kgs,10,,,,""
2025-07-11,Seated Cable Row Unilateral,Back,45.0,kgs,6,,,,"3. Back übung"
2025-07-11,Seated Cable Row Unilateral,Back,45.0,kgs,6,,,,""
2025-07-11,Seated Cable Row Unilateral,Back,45.0,kgs,5,,,,""
2025-07-11,High Row Unilat,Back,45.0,kgs,8,,,,""
2025-07-11,High Row Unilat,Back,45.0,kgs,7,,,,""
2025-07-11,High Row Unilat,Back,45.0,kgs,6,,,,""
2025-07-12,Leg Extension Machine,Legs,75.0,kgs,8,,,,""
2025-07-12,Leg Extension Machine,Legs,90.0,kgs,13,,,,""
2025-07-12,Leg Extension Machine,Legs,90.0,kgs,10,,,,""
2025-07-12,Leg Extension Machine,Legs,90.0,kgs,9,,,,""
2025-07-12,Hackenschmidt,Legs,55.0,kgs,5,,,,""
2025-07-12,Hackenschmidt,Legs,75.0,kgs,6,,,,""
2025-07-12,Hackenschmidt,Legs,75.0,kgs,7,,,,""
2025-07-12,Lying Leg Curl Machine,Legs,45.0,kgs,5,,,,""
2025-07-12,Lying Leg Curl Machine,Legs,60.0,kgs,7,,,,""
2025-07-12,Lying Leg Curl Machine,Legs,60.0,kgs,5,,,,""
2025-07-12,Lying Leg Curl Machine,Legs,60.0,kgs,4,,,,""
2025-07-12,Leg Press Calfs,Legs,213.0,kgs,12,,,,""
2025-07-12,Leg Press Calfs,Legs,213.0,kgs,10,,,,""
2025-07-12,Leg Press Calfs,Legs,213.0,kgs,10,,,,""
2025-07-12,Hip Abductor Tritte Außen,Legs,85.0,kgs,12,,,,""
2025-07-12,Hip Abductor Tritte Außen,Legs,93.0,kgs,8,,,,""
2025-07-12,Hip Abductor Tritte Außen,Legs,93.0,kgs,8,,,,""
2025-07-13,Flat Bench Pause Reps,Chest,20.0,kgs,12,,,,""
2025-07-13,Flat Bench Pause Reps,Chest,50.0,kgs,8,,,,""
2025-07-13,Flat Bench Pause Reps,Chest,70.0,kgs,4,,,,""
2025-07-13,Flat Bench Pause Reps,Chest,90.0,kgs,6,,,,""
2025-07-13,Flat Bench Pause Reps,Chest,90.0,kgs,4,,,,""
2025-07-13,Seated Dumbbell Press,Shoulders,26.0,kgs,8,,,,""
2025-07-13,Seated Dumbbell Press,Shoulders,26.0,kgs,7,,,,""
2025-07-13,Seated Dumbbell Press,Shoulders,26.0,kgs,4,,,,""
2025-07-13,Unilateral Triceps Extension,Triceps,35.0,kgs,11,,,,""
2025-07-13,Unilateral Triceps Extension,Triceps,35.0,kgs,11,,,,""
2025-07-13,Unilateral Triceps Extension,Triceps,35.0,kgs,11,,,,""
2025-07-13,Cable Lateral Unilat,Shoulders,30.0,kgs,10,,,,""
2025-07-13,Cable Lateral Unilat,Shoulders,30.0,kgs,10,,,,""
2025-07-13,Seated Machine Fly,Chest,61.0,kgs,9,,,,""
2025-07-13,Seated Machine Fly,Chest,61.0,kgs,6,,,,""
2025-07-13,Seated Machine Fly,Chest,61.0,kgs,4,,,,""
2025-07-14,Biceps Curl Dual Maschine Golds Gym,Biceps,15.0,kgs,8,,,,"Nig gessn training ollgemein weak"
2025-07-14,Biceps Curl Dual Maschine Golds Gym,Biceps,20.0,kgs,10,,,,""
2025-07-14,Biceps Curl Dual Maschine Golds Gym,Biceps,20.0,kgs,8,,,,""
2025-07-14,Biceps Curl Dual Maschine Golds Gym,Biceps,20.0,kgs,5,,,,""
2025-07-14,TBar Grode Griffe,Back,40.0,kgs,7,,,,""
2025-07-14,TBar Grode Griffe,Back,60.0,kgs,12,,,,""
2025-07-14,TBar Grode Griffe,Back,60.0,kgs,9,,,,""
2025-07-14,TBar Grode Griffe,Back,60.0,kgs,10,,,,""
2025-07-14,High Row Unilat,Back,45.0,kgs,8,,,,""
2025-07-14,High Row Unilat,Back,45.0,kgs,6,,,,""
2025-07-14,High Row Unilat,Back,45.0,kgs,6,,,,""
2025-07-14,Lat Pulldown,Back,77.0,kgs,9,,,,""
2025-07-14,Lat Pulldown,Back,77.0,kgs,7,,,,""
2025-07-18,Incline Dumbbell Bench Press,Chest,26.0,kgs,7,,,,""
2025-07-18,Incline Dumbbell Bench Press,Chest,34.0,kgs,7,,,,""
2025-07-18,Incline Dumbbell Bench Press,Chest,34.0,kgs,6,,,,""
2025-07-18,Seated Dumbbell Press,Shoulders,20.0,kgs,6,,,,""
2025-07-18,Seated Dumbbell Press,Shoulders,26.0,kgs,7,,,,""
2025-07-18,Seated Dumbbell Press,Shoulders,26.0,kgs,7,,,,""
2025-07-18,Unilateral Triceps Extension,Triceps,35.0,kgs,13,,,,""
2025-07-18,Unilateral Triceps Extension,Triceps,35.0,kgs,8,,,,""
2025-07-18,Unilateral Triceps Extension,Triceps,35.0,kgs,6,,,,""
2025-07-18,Cable Lateral Unilat,Shoulders,30.0,kgs,10,,,,""
2025-07-18,Cable Lateral Unilat,Shoulders,30.0,kgs,8,,,,""
2025-07-18,Leg Extension Machine,Legs,75.0,kgs,7,,,,""
2025-07-18,Leg Extension Machine,Legs,95.0,kgs,10,,,,""
2025-07-18,Leg Extension Machine,Legs,95.0,kgs,8,,,,""
2025-07-18,Leg Press,Legs,150.0,kgs,8,,,,""
2025-07-18,Leg Press,Legs,190.0,kgs,8,,,,""
2025-07-18,Leg Press,Legs,190.0,kgs,8,,,,""
2025-07-25,Deadlift,Back,60.0,kgs,12,,,,""
2025-07-25,Deadlift,Back,100.0,kgs,14,,,,""
2025-07-25,TBar Grode Griffe,Back,45.0,kgs,7,,,,""
2025-07-25,TBar Grode Griffe,Back,60.0,kgs,10,,,,""
2025-07-25,TBar Grode Griffe,Back,60.0,kgs,8,,,,""
2025-07-25,High Row Unilat,Back,45.0,kgs,5,,,,""
2025-07-25,High Row Unilat,Back,45.0,kgs,4,,,,""
2025-07-25,Lat Pulldown,Back,77.0,kgs,8,,,,""
2025-07-25,Lat Pulldown,Back,77.0,kgs,7,,,,""
2025-07-25,Biceps Curl Dual Maschine Golds Gym,Biceps,15.0,kgs,7,,,,""
2025-07-25,Biceps Curl Dual Maschine Golds Gym,Biceps,20.0,kgs,5,,,,""
2025-07-25,Biceps Curl Dual Maschine Golds Gym,Biceps,20.0,kgs,4,,,,""
2025-07-25,Deadlift,Back,100.0,kgs,10,,,,""
2025-07-25,Dumbell Preacher Hammer Curl,Biceps,14.0,kgs,5,,,,"2. Bizepsübung noch rückn inkl desdlift"
2025-07-25,Dumbell Preacher Hammer Curl,Biceps,14.0,kgs,5,,,,""
2025-07-26,Leg Curl Machine,Legs,40.0,kgs,6,,,,""
2025-07-26,Leg Curl Machine,Legs,50.0,kgs,5,,,,""
2025-07-26,Leg Curl Machine,Legs,65.0,kgs,13,,,,""
2025-07-26,Leg Curl Machine,Legs,65.0,kgs,12,,,,""
2025-07-26,Leg Extension Machine,Legs,75.0,kgs,7,,,,""
2025-07-26,Leg Extension Machine,Legs,95.0,kgs,12,,,,"Rückeneinstellung 4"
2025-07-26,Leg Extension Machine,Legs,95.0,kgs,9,,,,""
2025-07-26,Hackenschmidt,Legs,55.0,kgs,5,,,,""
2025-07-26,Hackenschmidt,Legs,75.0,kgs,5,,,,"Gonz oben"
2025-07-26,Hackenschmidt,Legs,75.0,kgs,6,,,,""
2025-07-26,Leg Press Calfs Liegend,Legs,165.0,kgs,6,,,,""
2025-07-26,Leg Press Calfs Liegend,Legs,213.0,kgs,9,,,,""
2025-07-26,Leg Press Calfs,Legs,213.0,kgs,10,,,,""
2025-07-26,Leg Press Calfs,Legs,213.0,kgs,10,,,,""
2025-07-26,Cable Crunch,Abs,40.0,kgs,14,,,,""
2025-07-26,Cable Crunch,Abs,60.0,kgs,14,,,,""
2025-07-26,Cable Crunch,Abs,60.0,kgs,9,,,,""
2025-07-27,Flat Bench Pause Reps,Chest,20.0,kgs,12,,,,""
2025-07-27,Flat Bench Pause Reps,Chest,50.0,kgs,8,,,,""
2025-07-27,Flat Bench Pause Reps,Chest,70.0,kgs,4,,,,""
2025-07-27,Flat Bench Pause Reps,Chest,90.0,kgs,4,,,,"Buh musklkoter dies das"
2025-07-27,Flat Bench Pause Reps,Chest,90.0,kgs,2,,,,""
2025-07-27,Seated Dumbbell Press,Shoulders,22.0,kgs,7,,,,""
2025-07-27,Seated Dumbbell Press,Shoulders,26.0,kgs,8,,,,""
2025-07-27,Seated Dumbbell Press,Shoulders,26.0,kgs,5,,,,""
2025-07-27,Unilateral Triceps Extension,Triceps,30.0,kgs,4,,,,""
2025-07-27,Unilateral Triceps Extension,Triceps,35.0,kgs,7,,,,""
2025-07-27,Unilateral Triceps Extension,Triceps,35.0,kgs,9,,,,""
2025-07-27,Cable Lateral Unilat,Shoulders,25.0,kgs,16,,,,""
2025-07-27,Seated Machine Fly,Chest,61.0,kgs,9,,,,""
2025-07-27,Seated Machine Fly,Chest,61.0,kgs,6,,,,""
2025-07-27,Seated Machine Fly,Chest,61.0,kgs,4,,,,""
2025-07-27,Unilateral Triceps Extension,Triceps,35.0,kgs,7,,,,""
2025-07-30,High Row Unilat,Back,35.0,kgs,7,,,,""
2025-07-30,High Row Unilat,Back,45.0,kgs,8,,,,""
2025-07-30,High Row Unilat,Back,45.0,kgs,8,,,,""
2025-07-30,TBar Grode Griffe,Back,45.0,kgs,7,,,,""
2025-07-30,TBar Grode Griffe,Back,60.0,kgs,10,,,,""
2025-07-30,TBar Grode Griffe,Back,60.0,kgs,9,,,,""
2025-07-30,Lat Pulldown,Back,77.0,kgs,8,,,,""
2025-07-30,Lat Pulldown,Back,77.0,kgs,7,,,,""
2025-07-30,Golds Gym Biceps Machine Unilat,Biceps,15.0,kgs,8,,,,""
2025-07-30,Golds Gym Biceps Machine Unilat,Biceps,25.0,kgs,5,,,,""
2025-07-30,Golds Gym Biceps Machine Unilat,Biceps,25.0,kgs,6,,,,""
2025-07-30,Dumbell Preacher Hammer Curl,Biceps,14.0,kgs,8,,,,""
2025-07-30,Dumbell Preacher Hammer Curl,Biceps,14.0,kgs,7,,,,""
2025-07-31,Leg Curl Machine,Legs,50.0,kgs,5,,,,""
2025-07-31,Leg Curl Machine,Legs,60.0,kgs,4,,,,""
2025-07-31,Leg Curl Machine,Legs,70.0,kgs,14,,,,""
2025-07-31,Leg Curl Machine,Legs,70.0,kgs,12,,,,""
2025-07-31,Leg Extension Machine,Legs,75.0,kgs,7,,,,"Rückeneinstellung 4"
2025-07-31,Leg Extension Machine,Legs,95.0,kgs,13,,,,""
2025-07-31,Leg Extension Machine,Legs,95.0,kgs,11,,,,""
2025-07-31,Leg Press Komisch,Legs,140.0,kgs,7,,,,""
2025-07-31,Leg Press Komisch,Legs,180.0,kgs,16,,,,""
2025-07-31,Leg Press Calfs,Legs,213.0,kgs,12,,,,""
2025-07-31,Leg Press Calfs,Legs,213.0,kgs,10,,,,""
2025-07-31,Cable Crunch,Abs,40.0,kgs,14,,,,""
2025-07-31,Cable Crunch,Abs,60.0,kgs,14,,,,""
2025-07-31,Cable Crunch,Abs,60.0,kgs,9,,,,""
2025-07-31,Leg Press Komisch,Legs,200.0,kgs,16,,,,""
2025-08-03,Incline Dumbbell Bench Press,Chest,26.0,kgs,7,,,,""
2025-08-03,Incline Dumbbell Bench Press,Chest,34.0,kgs,11,,,,""
2025-08-03,Incline Dumbbell Bench Press,Chest,34.0,kgs,6,,,,""
2025-08-03,Seated Dumbbell Press,Shoulders,20.0,kgs,5,,,,""
2025-08-03,Seated Dumbbell Press,Shoulders,26.0,kgs,6,,,,""
2025-08-03,Seated Dumbbell Press,Shoulders,26.0,kgs,5,,,,""
2025-08-03,Unilateral Triceps Extension,Triceps,35.0,kgs,9,,,,""
2025-08-03,Unilateral Triceps Extension,Triceps,35.0,kgs,9,,,,""
2025-08-03,Unilateral Triceps Extension,Triceps,35.0,kgs,8,,,,""
2025-08-03,Cable Lateral Unilat,Shoulders,30.0,kgs,11,,,,""
2025-08-03,Cable Lateral Unilat,Shoulders,30.0,kgs,9,,,,""
2025-08-03,Seated Machine Fly,Chest,55.0,kgs,10,,,,""
2025-08-03,Seated Machine Fly,Chest,55.0,kgs,4,,,,""
2025-08-03,Seated Machine Fly,Chest,50.0,kgs,6,,,,""
2025-08-04,TBar Grode Griffe,Back,40.0,kgs,7,,,,""
2025-08-04,TBar Grode Griffe,Back,50.0,kgs,4,,,,""
2025-08-04,TBar Grode Griffe,Back,60.0,kgs,13,,,,""
2025-08-04,TBar Grode Griffe,Back,60.0,kgs,12,,,,""
2025-08-04,High Row Unilat,Back,42.5,kgs,9,,,,""
2025-08-04,High Row Unilat,Back,42.5,kgs,7,,,,""
2025-08-04,High Row Unilat,Back,42.5,kgs,6,,,,""
2025-08-04,Lat Pulldown,Back,77.0,kgs,8,,,,""
2025-08-04,Lat Pulldown,Back,77.0,kgs,7,,,,""
2025-08-04,Dumbell Preacher Hammer Curl,Biceps,14.0,kgs,4,,,,""
2025-08-04,Dumbell Preacher Hammer Curl,Biceps,16.0,kgs,8,,,,"Erste bizeps übung"
2025-08-04,Golds Gym Biceps Machine Unilat,Biceps,15.0,kgs,8,,,,""
2025-08-04,Golds Gym Biceps Machine Unilat,Biceps,25.0,kgs,5,,,,""
2025-08-04,Golds Gym Biceps Machine Unilat,Biceps,25.0,kgs,4,,,,""
2025-08-04,Dumbell Preacher Hammer Curl,Biceps,16.0,kgs,6,,,,""
2025-08-06,Leg Curl Machine,Legs,50.0,kgs,5,,,,""
2025-08-06,Leg Curl Machine,Legs,65.0,kgs,4,,,,""
2025-08-06,Leg Curl Machine,Legs,75.0,kgs,14,,,,""
2025-08-06,Leg Curl Machine,Legs,75.0,kgs,12,,,,""
2025-08-06,Leg Extension Machine,Legs,75.0,kgs,7,,,,""
2025-08-06,Leg Extension Machine,Legs,100.0,kgs,12,,,,""
2025-08-06,Leg Extension Machine,Legs,100.0,kgs,11,,,,""
2025-08-06,Leg Press,Legs,180.0,kgs,5,,,,""
2025-08-06,Leg Press,Legs,220.0,kgs,10,,,,""
2025-08-06,Leg Press Calfs Liegend,Legs,189.0,kgs,14,,,,""
2025-08-06,Leg Press,Legs,210.0,kgs,12,,,,""
2025-08-06,Leg Press Calfs Liegend,Legs,197.0,kgs,10,,,,""
2025-08-06,Leg Press Calfs Liegend,Legs,197.0,kgs,9,,,,""
2025-08-08,Incline Dumbbell Bench Press,Chest,26.0,kgs,6,,,,""
2025-08-08,Incline Dumbbell Bench Press,Chest,34.0,kgs,10,,,,"Kurze sotzpausen stress"
2025-08-08,Incline Dumbbell Bench Press,Chest,34.0,kgs,6,,,,""
2025-08-08,Seated Dumbbell Press,Shoulders,26.0,kgs,6,,,,""
2025-08-08,Seated Dumbbell Press,Shoulders,26.0,kgs,5,,,,""
2025-08-08,Unilateral Triceps Extension,Triceps,35.0,kgs,9,,,,"Hondgelenk weiter richtung ellebogn besser"
2025-08-08,Unilateral Triceps Extension,Triceps,35.0,kgs,9,,,,""
2025-08-08,Cable Lateral Unilat,Shoulders,30.0,kgs,13,,,,"Links schwächer"
2025-08-08,Cable Lateral Unilat,Shoulders,30.0,kgs,8,,,,""
2025-08-08,Seated Machine Fly,Chest,55.0,kgs,6,,,,""
2025-08-08,Seated Machine Fly,Chest,50.0,kgs,5,,,,""
2025-08-10,TBar Grode Griffe,Back,40.0,kgs,7,,,,""
2025-08-10,TBar Grode Griffe,Back,50.0,kgs,4,,,,""
2025-08-10,TBar Grode Griffe,Back,65.0,kgs,11,,,,""
2025-08-10,TBar Grode Griffe,Back,65.0,kgs,10,,,,""
2025-08-10,High Row Unilat,Back,45.0,kgs,9,,,,""
2025-08-10,High Row Unilat,Back,45.0,kgs,7,,,,""
2025-08-10,Lat Pulldown,Back,77.0,kgs,10,,,,""
2025-08-10,Lat Pulldown,Back,77.0,kgs,9,,,,""
2025-08-10,Golds Gym Biceps Machine Unilat,Biceps,20.0,kgs,5,,,,""
2025-08-10,Golds Gym Biceps Machine Unilat,Biceps,25.0,kgs,7,,,,"Rechts 8"
2025-08-10,Golds Gym Biceps Machine Unilat,Biceps,25.0,kgs,8,,,,""
2025-08-10,Dumbell Preacher Hammer Curl,Biceps,14.0,kgs,4,,,,""
2025-08-10,Dumbell Preacher Hammer Curl,Biceps,16.0,kgs,6,,,,"Links schwächer"
2025-08-10,Dumbell Preacher Hammer Curl,Biceps,16.0,kgs,7,,,,""
2025-08-11,Leg Curl Machine,Legs,50.0,kgs,5,,,,""
2025-08-11,Leg Curl Machine,Legs,65.0,kgs,4,,,,""
2025-08-11,Leg Curl Machine,Legs,80.0,kgs,13,,,,""
2025-08-11,Leg Curl Machine,Legs,80.0,kgs,10,,,,""
2025-08-11,Leg Extension Machine,Legs,80.0,kgs,7,,,,""
2025-08-11,Leg Extension Machine,Legs,100.0,kgs,12,,,,""
2025-08-11,Leg Extension Machine,Legs,100.0,kgs,10,,,,""
2025-08-11,Leg Press Komisch,Legs,180.0,kgs,5,,,,""
2025-08-11,Leg Press Komisch,Legs,240.0,kgs,14,,,,""
2025-08-11,Leg Press Komisch,Legs,240.0,kgs,12,,,,""
2025-08-11,Leg Press Calfs,Legs,213.0,kgs,14,,,,""
2025-08-11,Leg Press Calfs,Legs,213.0,kgs,10,,,,""
2025-08-11,Leg Press Calfs,Legs,213.0,kgs,10,,,,""
2025-08-12,Incline Dumbbell Bench Press,Chest,26.0,kgs,6,,,,""
2025-08-12,Incline Dumbbell Bench Press,Chest,34.0,kgs,12,,,,""
2025-08-12,Incline Dumbbell Bench Press,Chest,34.0,kgs,10,,,,""
2025-08-12,Seated Dumbbell Press,Shoulders,26.0,kgs,7,,,,""
2025-08-12,Seated Dumbbell Press,Shoulders,26.0,kgs,6,,,,""
2025-08-12,Cable Overhead Triceps Extension,Triceps,50.0,kgs,10,,,,""
2025-08-12,Cable Overhead Triceps Extension,Triceps,50.0,kgs,8,,,,""
2025-08-12,Cable Lateral Unilat,Shoulders,30.0,kgs,12,,,,"Links schwächer"
2025-08-12,Cable Lateral Unilat,Shoulders,30.0,kgs,9,,,,""
2025-08-12,Seated Machine Fly,Chest,55.0,kgs,6,,,,""
2025-08-12,Seated Machine Fly,Chest,50.0,kgs,5,,,,""
2025-08-12,Cable Overhead Triceps Extension,Triceps,50.0,kgs,8,,,,""
2025-08-14,TBar Grode Griffe,Back,40.0,kgs,5,,,,""
2025-08-14,TBar Grode Griffe,Back,55.0,kgs,4,,,,""
2025-08-14,TBar Grode Griffe,Back,65.0,kgs,11,,,,""
2025-08-14,TBar Grode Griffe,Back,65.0,kgs,10,,,,""
2025-08-14,High Row Unilat,Back,45.0,kgs,8,,,,""
2025-08-14,High Row Unilat,Back,45.0,kgs,7,,,,""
2025-08-14,Lat Pulldown,Back,77.0,kgs,9,,,,""
2025-08-14,Lat Pulldown,Back,77.0,kgs,7,,,,""
2025-08-14,Dumbell Preacher Hammer Curl,Biceps,14.0,kgs,4,,,,""
2025-08-14,Dumbell Preacher Hammer Curl,Biceps,16.0,kgs,9,,,,"Erste bizepsübung"
2025-08-14,Dumbell Preacher Hammer Curl,Biceps,16.0,kgs,10,,,,""
2025-08-14,Cable Curl Unilateral,Biceps,35.0,kgs,6,,,,""
2025-08-14,Cable Curl Unilateral,Biceps,30.0,kgs,8,,,,""
2025-08-15,Leg Curl Machine,Legs,60.0,kgs,5,,,,""
2025-08-15,Leg Curl Machine,Legs,70.0,kgs,4,,,,""
2025-08-15,Leg Curl Machine,Legs,85.0,kgs,11,,,,""
2025-08-15,Leg Extension Machine,Legs,85.0,kgs,7,,,,""
2025-08-15,Leg Extension Machine,Legs,105.0,kgs,10,,,,""
2025-08-15,Leg Extension Machine,Legs,105.0,kgs,8,,,,""
2025-08-15,Hackenschmidt,Legs,40.0,kgs,6,,,,""
2025-08-15,Hackenschmidt,Legs,75.0,kgs,8,,,,""
2025-08-15,Hackenschmidt,Legs,75.0,kgs,7,,,,""
2025-08-15,Leg Press Calfs,Legs,165.0,kgs,6,,,,""
2025-08-15,Leg Press Calfs,Legs,213.0,kgs,13,,,,"Stufe 12"
2025-08-15,Leg Press Calfs,Legs,213.0,kgs,12,,,,""
2025-08-15,Leg Curl Machine,Legs,85.0,kgs,10,,,,""
2025-08-15,Leg Press Calfs,Legs,213.0,kgs,11,,,,""
2025-08-17,Incline Dumbbell Bench Press,Chest,26.0,kgs,6,,,,""
2025-08-17,Incline Dumbbell Bench Press,Chest,34.0,kgs,12,,,,""
2025-08-17,Incline Dumbbell Bench Press,Chest,34.0,kgs,9,,,,""
2025-08-17,Seated Dumbbell Press,Shoulders,26.0,kgs,8,,,,""
2025-08-17,Seated Dumbbell Press,Shoulders,26.0,kgs,7,,,,""
2025-08-17,Unilateral Triceps Extension,Triceps,35.0,kgs,12,,,,""
2025-08-17,Cable Lateral Unilat,Shoulders,30.0,kgs,12,,,,"Links schwächer"
2025-08-17,Cable Lateral Unilat,Shoulders,30.0,kgs,10,,,,""
2025-08-17,Seated Machine Fly,Chest,50.0,kgs,12,,,,""
2025-08-17,Seated Machine Fly,Chest,55.0,kgs,7,,,,""
2025-08-17,Unilateral Triceps Extension,Triceps,35.0,kgs,10,,,,""
2025-08-17,Seated Machine Fly,Chest,55.0,kgs,6,,,,""
2025-08-19,TBar Grode Griffe,Back,45.0,kgs,6,,,,""
2025-08-19,TBar Grode Griffe,Back,55.0,kgs,4,,,,""
2025-08-19,TBar Grode Griffe,Back,65.0,kgs,10,,,,""
2025-08-19,TBar Grode Griffe,Back,65.0,kgs,9,,,,""
2025-08-19,High Row Unilat,Back,45.0,kgs,9,,,,""
2025-08-19,High Row Unilat,Back,45.0,kgs,8,,,,""
2025-08-19,Lat Pulldown,Back,77.0,kgs,11,,,,"Longe pause"
2025-08-19,Lat Pulldown,Back,77.0,kgs,9,,,,""
2025-08-19,Golds Gym Biceps Machine Unilat,Biceps,20.0,kgs,6,,,,""
2025-08-19,Golds Gym Biceps Machine Unilat,Biceps,25.0,kgs,10,,,,""
2025-08-19,Dumbell Preacher Hammer Curl,Biceps,14.0,kgs,4,,,,""
2025-08-19,Dumbell Preacher Hammer Curl,Biceps,16.0,kgs,10,,,,""
2025-08-19,Golds Gym Biceps Machine Unilat,Biceps,25.0,kgs,9,,,,""
2025-08-19,Dumbell Preacher Hammer Curl,Biceps,16.0,kgs,10,,,,""
2025-08-20,Leg Curl Machine,Legs,60.0,kgs,5,,,,""
2025-08-20,Leg Curl Machine,Legs,70.0,kgs,4,,,,""
2025-08-20,Leg Curl Machine,Legs,85.0,kgs,12,,,,""
2025-08-20,Leg Curl Machine,Legs,85.0,kgs,10,,,,""
2025-08-20,Leg Extension Machine,Legs,85.0,kgs,6,,,,""
2025-08-20,Leg Extension Machine,Legs,105.0,kgs,11,,,,""
2025-08-20,Leg Extension Machine,Legs,105.0,kgs,9,,,,""
2025-08-20,Hackenschmidt,Legs,55.0,kgs,5,,,,""
2025-08-20,Hackenschmidt,Legs,75.0,kgs,8,,,,""
2025-08-20,Hackenschmidt,Legs,75.0,kgs,7,,,,""
2025-08-20,Leg Press Calfs,Legs,165.0,kgs,6,,,,""
2025-08-20,Leg Press Calfs,Legs,221.0,kgs,11,,,,""
2025-08-20,Leg Press Calfs,Legs,221.0,kgs,10,,,,""
2025-08-20,Leg Press Calfs,Legs,221.0,kgs,9,,,,""
2025-08-23,Incline Dumbbell Bench Press,Chest,28.0,kgs,6,,,,""
2025-08-23,Incline Dumbbell Bench Press,Chest,36.0,kgs,10,,,,""
2025-08-23,Incline Dumbbell Bench Press,Chest,36.0,kgs,9,,,,""
2025-08-23,Seated Dumbbell Press,Shoulders,20.0,kgs,4,,,,""
2025-08-23,Seated Dumbbell Press,Shoulders,26.0,kgs,9,,,,""
2025-08-23,Cable Overhead Triceps Extension,Triceps,50.0,kgs,10,,,,""
2025-08-23,Cable Lateral Unilat,Shoulders,30.0,kgs,11,,,,""
2025-08-23,Cable Lateral Unilat,Shoulders,30.0,kgs,7,,,,""
2025-08-23,Seated Machine Fly,Chest,55.0,kgs,10,,,,""
2025-08-23,Seated Machine Fly,Chest,55.0,kgs,7,,,,""
2025-08-23,Seated Dumbbell Press,Shoulders,26.0,kgs,8,,,,""
2025-08-23,Cable Overhead Triceps Extension,Triceps,50.0,kgs,9,,,,""
2025-08-23,Cable Overhead Triceps Extension,Triceps,50.0,kgs,8,,,,""
2025-08-24,TBar Grode Griffe,Back,55.0,kgs,4,,,,""
2025-08-24,TBar Grode Griffe,Back,65.0,kgs,10,,,,""
2025-08-24,TBar Grode Griffe,Back,65.0,kgs,9,,,,""
2025-08-24,High Row Unilat,Back,45.0,kgs,9,,,,""
2025-08-24,High Row Unilat,Back,45.0,kgs,8,,,,""
2025-08-24,Lat Pulldown,Back,77.0,kgs,10,,,,""
2025-08-24,Lat Pulldown,Back,77.0,kgs,11,,,,""
2025-08-24,Golds Gym Biceps Machine Unilat,Biceps,20.0,kgs,6,,,,""
2025-08-24,Golds Gym Biceps Machine Unilat,Biceps,25.0,kgs,10,,,,"Links schwächer"
2025-08-24,Golds Gym Biceps Machine Unilat,Biceps,25.0,kgs,8,,,,""
2025-08-24,Dumbell Preacher Hammer Curl,Biceps,14.0,kgs,4,,,,""
2025-08-24,Dumbell Preacher Hammer Curl,Biceps,16.0,kgs,11,,,,""
2025-08-24,Dumbell Preacher Hammer Curl,Biceps,16.0,kgs,10,,,,""
2025-08-25,Leg Curl Machine,Legs,60.0,kgs,5,,,,""
2025-08-25,Leg Curl Machine,Legs,75.0,kgs,4,,,,""
2025-08-25,Leg Curl Machine,Legs,85.0,kgs,10,,,,"Folsch eingstellt"
2025-08-25,Leg Curl Machine,Legs,85.0,kgs,10,,,,""
2025-08-25,Leg Extension Machine,Legs,85.0,kgs,6,,,,""
2025-08-25,Leg Extension Machine,Legs,105.0,kgs,12,,,,""
2025-08-25,Leg Extension Machine,Legs,105.0,kgs,10,,,,""
2025-08-25,Leg Press Komisch,Legs,160.0,kgs,6,,,,""
2025-08-25,Leg Press Komisch,Legs,250.0,kgs,12,,,,""
2025-08-25,Leg Press Komisch,Legs,250.0,kgs,9,,,,""
2025-08-25,Leg Press Calfs,Legs,165.0,kgs,9,,,,""
2025-08-25,Leg Press Calfs,Legs,221.0,kgs,13,,,,""
2025-08-25,Leg Press Calfs,Legs,221.0,kgs,10,,,,""
2025-08-25,Leg Press Calfs,Legs,221.0,kgs,9,,,,""
2025-08-27,Incline Dumbbell Bench Press,Chest,28.0,kgs,6,,,,""
2025-08-27,Incline Dumbbell Bench Press,Chest,36.0,kgs,11,,,,""
2025-08-27,Incline Dumbbell Bench Press,Chest,36.0,kgs,8,,,,""
2025-08-27,Seated Dumbbell Press,Shoulders,26.0,kgs,8,,,,""
2025-08-27,Seated Dumbbell Press,Shoulders,26.0,kgs,8,,,,""
2025-08-27,Unilateral Triceps Extension,Triceps,35.0,kgs,12,,,,""
2025-08-27,Unilateral Triceps Extension,Triceps,35.0,kgs,10,,,,""
2025-08-27,Cable Lateral Unilat,Shoulders,30.0,kgs,11,,,,"Links schwächer rechts weiter noch vorne besser für schulter"
2025-08-27,Cable Lateral Unilat,Shoulders,30.0,kgs,8,,,,""
2025-08-27,Seated Machine Fly,Chest,55.0,kgs,10,,,,"Looonge pause"
2025-08-27,Seated Machine Fly,Chest,55.0,kgs,7,,,,""
2025-08-28,TBar Grode Griffe,Back,55.0,kgs,6,,,,""
2025-08-28,TBar Grode Griffe,Back,65.0,kgs,11,,,,""
2025-08-28,TBar Grode Griffe,Back,65.0,kgs,9,,,,""
2025-08-28,High Row Unilat,Back,45.0,kgs,8,,,,""
2025-08-28,Cable Face Pull,Shoulders,55.0,kgs,14,,,,""
2025-08-28,Cable Face Pull,Shoulders,55.0,kgs,12,,,,""
2025-08-28,Golds Gym Biceps Machine Unilat,Biceps,20.0,kgs,6,,,,""
2025-08-28,Golds Gym Biceps Machine Unilat,Biceps,25.0,kgs,11,,,,""
2025-08-28,Golds Gym Biceps Machine Unilat,Biceps,25.0,kgs,7,,,,""
2025-08-28,Dumbell Preacher Hammer Curl,Biceps,14.0,kgs,4,,,,""
2025-08-28,Dumbell Preacher Hammer Curl,Biceps,16.0,kgs,11,,,,""
2025-08-28,Dumbell Preacher Hammer Curl,Biceps,16.0,kgs,10,,,,""
2025-08-28,High Row Unilat,Back,45.0,kgs,7,,,,""
2025-08-30,Leg Curl Machine,Legs,60.0,kgs,5,,,,""
2025-08-30,Leg Curl Machine,Legs,75.0,kgs,4,,,,""
2025-08-30,Leg Curl Machine,Legs,85.0,kgs,11,,,,""
2025-08-30,Leg Curl Machine,Legs,85.0,kgs,9,,,,""
2025-08-30,Leg Extension Machine,Legs,85.0,kgs,6,,,,""
2025-08-30,Leg Extension Machine,Legs,105.0,kgs,11,,,,""
2025-08-30,Leg Extension Machine,Legs,105.0,kgs,8,,,,""
2025-08-30,Leg Press Komisch,Legs,200.0,kgs,6,,,,""
2025-08-30,Leg Press Komisch,Legs,230.0,kgs,16,,,,""
2025-08-30,Leg Press Komisch,Legs,250.0,kgs,12,,,,""
2025-08-30,Leg Press Calfs,Legs,165.0,kgs,9,,,,""
2025-08-30,Leg Press Calfs,Legs,221.0,kgs,10,,,,"Stufe 11"
2025-08-30,Leg Press Calfs,Legs,221.0,kgs,9,,,,""
2025-08-30,Leg Press Calfs,Legs,221.0,kgs,9,,,,""
2025-09-08,Flat Bench Pause Reps,Chest,20.0,kgs,12,,,,""
2025-09-08,Flat Bench Pause Reps,Chest,60.0,kgs,12,,,,""
2025-09-08,Flat Bench Pause Reps,Chest,90.0,kgs,5,,,,""
2025-09-08,Seated Dumbbell Press,Shoulders,20.0,kgs,6,,,,""
2025-09-08,Seated Dumbbell Press,Shoulders,26.0,kgs,9,,,,""
2025-09-08,Unilateral Triceps Extension,Triceps,35.0,kgs,13,,,,"Links unhebn! 40 kg negsts"
2025-09-08,Unilateral Triceps Extension,Triceps,35.0,kgs,10,,,,""
2025-09-08,Cable Lateral Unilat,Shoulders,30.0,kgs,11,,,,""
2025-09-08,Cable Lateral Unilat,Shoulders,30.0,kgs,7,,,,""
2025-09-08,Seated Machine Fly,Chest,55.0,kgs,10,,,,""
2025-09-08,Seated Machine Fly,Chest,55.0,kgs,7,,,,""
2025-09-08,Flat Bench Pause Reps,Chest,90.0,kgs,3,,,,""
2025-09-08,Seated Dumbbell Press,Shoulders,26.0,kgs,7,,,,""
2025-09-09,TBar Grode Griffe,Back,55.0,kgs,6,,,,""
2025-09-09,TBar Grode Griffe,Back,65.0,kgs,11,,,,""
2025-09-09,TBar Grode Griffe,Back,65.0,kgs,9,,,,""
2025-09-09,Seated Cable Row Unilateral,Back,45.0,kgs,8,,,,""
2025-09-09,Seated Cable Row Unilateral,Back,45.0,kgs,8,,,,""
2025-09-09,Cable Curl Unilateral,Biceps,35.0,kgs,9,,,,""
2025-09-09,Cable Curl Unilateral,Biceps,35.0,kgs,7,,,,""
2025-09-09,Cable Curl Unilateral,Biceps,35.0,kgs,5,,,,""
2025-09-09,Dumbell Preacher Hammer Curl,Biceps,16.0,kgs,7,,,,""
2025-09-09,Dumbell Preacher Hammer Curl,Biceps,16.0,kgs,8,,,,""
2025-09-12,Leg Curl Machine,Legs,60.0,kgs,7,,,,""
2025-09-12,Leg Curl Machine,Legs,75.0,kgs,6,,,,""
2025-09-12,Leg Curl Machine,Legs,85.0,kgs,8,,,,"Komische maschine"
2025-09-12,Leg Curl Machine,Legs,85.0,kgs,9,,,,""
2025-09-12,Leg Extension Machine,Legs,85.0,kgs,6,,,,""
2025-09-12,Leg Extension Machine,Legs,105.0,kgs,11,,,,""
2025-09-12,Leg Extension Machine,Legs,105.0,kgs,8,,,,""
2025-09-12,Leg Press Komisch,Legs,200.0,kgs,6,,,,""
2025-09-12,Leg Press Komisch,Legs,250.0,kgs,13,,,,""
2025-09-12,Leg Press Komisch,Legs,250.0,kgs,11,,,,""
2025-09-12,Leg Press Calfs,Legs,165.0,kgs,8,,,,""
2025-09-12,Leg Press Calfs,Legs,221.0,kgs,10,,,,""
2025-09-12,Leg Press Calfs,Legs,221.0,kgs,10,,,,""
2025-09-12,Leg Press Calfs,Legs,221.0,kgs,9,,,,""
2025-09-13,Incline Dumbbell Bench Press,Chest,28.0,kgs,6,,,,""
2025-09-13,Incline Dumbbell Bench Press,Chest,36.0,kgs,10,,,,""
2025-09-13,Incline Dumbbell Bench Press,Chest,36.0,kgs,6,,,,""
2025-09-13,Seated Dumbbell Press,Shoulders,20.0,kgs,6,,,,""
2025-09-13,Seated Dumbbell Press,Shoulders,26.0,kgs,7,,,,""
2025-09-13,Unilateral Triceps Extension,Triceps,35.0,kgs,14,,,,""
2025-09-13,Unilateral Triceps Extension,Triceps,35.0,kgs,13,,,,""
2025-09-13,Cable Lateral Unilat,Shoulders,30.0,kgs,11,,,,""
2025-09-13,Cable Lateral Unilat,Shoulders,30.0,kgs,9,,,,""
2025-09-13,Seated Machine Fly,Chest,55.0,kgs,11,,,,""
2025-09-13,Seated Machine Fly,Chest,55.0,kgs,8,,,,""
2025-09-13,Seated Dumbbell Press,Shoulders,26.0,kgs,4,,,,""
2025-09-13,Seated Machine Fly,Chest,55.0,kgs,8,,,,""
2025-09-15,High Row Unilat,Back,40.0,kgs,5,,,,""
2025-09-15,High Row Unilat,Back,45.0,kgs,11,,,,"Erste übung"
2025-09-15,High Row Unilat,Back,45.0,kgs,9,,,,""
2025-09-15,TBar Grode Griffe,Back,60.0,kgs,3,,,,""
2025-09-15,TBar Grode Griffe,Back,65.0,kgs,9,,,,"2. Übung"
2025-09-15,TBar Grode Griffe,Back,60.0,kgs,9,,,,""
2025-09-15,Golds Gym Biceps Machine Unilat,Biceps,20.0,kgs,6,,,,""
2025-09-15,Golds Gym Biceps Machine Unilat,Biceps,25.0,kgs,12,,,,""
2025-09-15,Golds Gym Biceps Machine Unilat,Biceps,25.0,kgs,9,,,,""
2025-09-15,Dumbell Preacher Hammer Curl,Biceps,14.0,kgs,5,,,,""
2025-09-15,Dumbell Preacher Hammer Curl,Biceps,16.0,kgs,7,,,,""
2025-09-15,Dumbell Preacher Hammer Curl,Biceps,16.0,kgs,8,,,,""
2025-09-16,Leg Curl Machine,Legs,65.0,kgs,7,,,,"John harris workout"
2025-09-16,Leg Curl Machine,Legs,75.0,kgs,6,,,,""
2025-09-16,Leg Curl Machine,Legs,85.0,kgs,9,,,,""
2025-09-16,Leg Curl Machine,Legs,85.0,kgs,9,,,,""
2025-09-16,Leg Extension Machine,Legs,85.0,kgs,6,,,,""
2025-09-16,Leg Extension Machine,Legs,105.0,kgs,11,,,,""
2025-09-16,Leg Extension Machine,Legs,105.0,kgs,8,,,,""
2025-09-16,Leg Press Komisch,Legs,200.0,kgs,6,,,,""
2025-09-16,Leg Press Komisch,Legs,250.0,kgs,13,,,,""
2025-09-16,Leg Press Komisch,Legs,250.0,kgs,11,,,,""
2025-09-16,Leg Press Calfs,Legs,165.0,kgs,8,,,,""
2025-09-16,Leg Press Calfs,Legs,221.0,kgs,10,,,,""
2025-09-16,Leg Press Calfs,Legs,221.0,kgs,10,,,,""
2025-09-16,Leg Press Calfs,Legs,221.0,kgs,9,,,,""
2025-09-19,Incline Dumbbell Bench Press,Chest,28.0,kgs,6,,,,""
2025-09-19,Incline Dumbbell Bench Press,Chest,36.0,kgs,9,,,,""
2025-09-19,Incline Dumbbell Bench Press,Chest,36.0,kgs,6,,,,""
2025-09-19,Seated Dumbbell Press,Shoulders,20.0,kgs,5,,,,""
2025-09-19,Seated Dumbbell Press,Shoulders,26.0,kgs,7,,,,""
2025-09-19,Seated Dumbbell Press,Shoulders,26.0,kgs,5,,,,""
2025-09-19,Unilateral Triceps Extension,Triceps,40.0,kgs,9,,,,"Links unhebn"
2025-09-19,Unilateral Triceps Extension,Triceps,40.0,kgs,9,,,,""
2025-09-19,Cable Lateral Unilat,Shoulders,30.0,kgs,9,,,,""
2025-09-19,Cable Lateral Unilat,Shoulders,30.0,kgs,9,,,,""
2025-09-19,Seated Machine Fly,Chest,55.0,kgs,5,,,,"Olls geknackt war mehr gong"
2025-09-19,Seated Machine Fly,Chest,50.0,kgs,4,,,,"Schulter kaputt"
2025-09-20,Leg Curl Machine,Legs,65.0,kgs,6,,,,""
2025-09-20,Leg Curl Machine,Legs,75.0,kgs,4,,,,""
2025-09-20,Leg Curl Machine,Legs,85.0,kgs,12,,,,""
2025-09-20,Leg Curl Machine,Legs,85.0,kgs,9,,,,""
2025-09-20,Leg Extension Machine,Legs,85.0,kgs,6,,,,""
2025-09-20,Leg Extension Machine,Legs,105.0,kgs,10,,,,""
2025-09-20,Leg Extension Machine,Legs,105.0,kgs,9,,,,""
2025-09-20,Leg Press Komisch,Legs,210.0,kgs,6,,,,""
2025-09-20,Leg Press Komisch,Legs,250.0,kgs,13,,,,""
2025-09-20,Leg Press Komisch,Legs,250.0,kgs,11,,,,""
2025-09-20,Leg Press Calfs,Legs,165.0,kgs,8,,,,""
2025-09-20,Leg Press Calfs,Legs,221.0,kgs,10,,,,""
2025-09-20,Leg Press Calfs,Legs,221.0,kgs,11,,,,""
2025-09-21,TBar Grode Griffe,Back,55.0,kgs,6,,,,""
2025-09-21,TBar Grode Griffe,Back,65.0,kgs,12,,,,""
2025-09-21,TBar Grode Griffe,Back,65.0,kgs,9,,,,""
2025-09-21,High Row Unilat,Back,45.0,kgs,10,,,,""
2025-09-21,High Row Unilat,Back,45.0,kgs,9,,,,""
2025-09-21,Golds Gym Biceps Machine Unilat,Biceps,20.0,kgs,6,,,,"Links unhebn"
2025-09-21,Golds Gym Biceps Machine Unilat,Biceps,25.0,kgs,11,,,,""
2025-09-21,Golds Gym Biceps Machine Unilat,Biceps,25.0,kgs,8,,,,""
2025-09-21,Dumbell Preacher Hammer Curl,Biceps,14.0,kgs,4,,,,""
2025-09-21,Dumbell Preacher Hammer Curl,Biceps,16.0,kgs,10,,,,""
2025-09-21,Dumbell Preacher Hammer Curl,Biceps,16.0,kgs,8,,,,""
2025-09-21,TBar Grode Griffe,Back,65.0,kgs,8,,,,""
2025-09-21,High Row Unilat,Back,45.0,kgs,9,,,,""
2025-09-29,Incline Dumbbell Bench Press,Chest,24.0,kgs,8,,,,""
2025-09-29,Incline Dumbbell Bench Press,Chest,30.0,kgs,4,,,,""
2025-09-29,Incline Dumbbell Bench Press,Chest,36.0,kgs,10,,,,""
2025-09-29,Seated Dumbbell Press,Shoulders,20.0,kgs,4,,,,""
2025-09-29,Seated Dumbbell Press,Shoulders,26.0,kgs,7,,,,""
2025-09-29,Seated Dumbbell Press,Shoulders,26.0,kgs,6,,,,""
2025-09-29,Unilateral Triceps Extension,Triceps,40.0,kgs,10,,,,"Links unhebn"
2025-09-29,Unilateral Triceps Extension,Triceps,40.0,kgs,9,,,,""
2025-09-29,Cable Lateral Unilat,Shoulders,30.0,kgs,11,,,,""
2025-09-29,Cable Lateral Unilat,Shoulders,30.0,kgs,9,,,,""
2025-09-29,Seated Machine Fly,Chest,50.0,kgs,9,,,,"Olls geknackt war mehr gong"
2025-09-29,Seated Machine Fly,Chest,50.0,kgs,6,,,,"Schulter kaputt"
2025-09-29,Incline Dumbbell Bench Press,Chest,36.0,kgs,6,,,,""
2025-09-30,Leg Curl Machine,Legs,65.0,kgs,6,,,,""
2025-09-30,Leg Curl Machine,Legs,75.0,kgs,4,,,,""
2025-09-30,Leg Curl Machine,Legs,85.0,kgs,12,,,,""
2025-09-30,Leg Curl Machine,Legs,85.0,kgs,9,,,,""
2025-09-30,Leg Extension Machine,Legs,70.0,kgs,6,,,,""
2025-09-30,Leg Extension Machine,Legs,85.0,kgs,4,,,,""
2025-09-30,Leg Extension Machine,Legs,105.0,kgs,11,,,,""
2025-09-30,Leg Press Komisch,Legs,210.0,kgs,6,,,,""
2025-09-30,Leg Press Komisch,Legs,250.0,kgs,11,,,,""
2025-09-30,Leg Press Komisch,Legs,250.0,kgs,8,,,,""
2025-09-30,Leg Press Calfs,Legs,165.0,kgs,8,,,,"Stufe 11"
2025-09-30,Leg Press Calfs,Legs,221.0,kgs,12,,,,""
2025-09-30,Leg Press Calfs,Legs,221.0,kgs,11,,,,""
2025-09-30,Leg Extension Machine,Legs,105.0,kgs,10,,,,""
2025-10-01,High Row Unilat,Back,40.0,kgs,5,,,,""
2025-10-01,High Row Unilat,Back,45.0,kgs,12,,,,"Erste übung links schwächer"
2025-10-01,High Row Unilat,Back,45.0,kgs,8,,,,""
2025-10-01,TBar Grode Griffe,Back,60.0,kgs,3,,,,""
2025-10-01,TBar Grode Griffe,Back,65.0,kgs,7,,,,"2. Übung"
2025-10-01,TBar Grode Griffe,Back,65.0,kgs,7,,,,""
2025-10-01,Golds Gym Biceps Machine Unilat,Biceps,15.0,kgs,6,,,,""
2025-10-01,Golds Gym Biceps Machine Unilat,Biceps,20.0,kgs,8,,,,"Technikreset schulter unten lossen ellebogen net hebn hondgelenk grode lossn"
2025-10-01,Dumbell Preacher Hammer Curl,Biceps,14.0,kgs,4,,,,"Technikreset"
2025-10-01,Dumbell Preacher Hammer Curl,Biceps,12.0,kgs,7,,,,""
2025-10-01,Golds Gym Biceps Machine Unilat,Biceps,20.0,kgs,8,,,,""
2025-10-01,Golds Gym Biceps Machine Unilat,Biceps,20.0,kgs,8,,,,""
2025-10-01,Dumbell Preacher Hammer Curl,Biceps,12.0,kgs,6,,,,""
2025-10-03,Incline Dumbbell Bench Press,Chest,28.0,kgs,6,,,,""
2025-10-03,Incline Dumbbell Bench Press,Chest,36.0,kgs,11,,,,""
2025-10-03,Incline Dumbbell Bench Press,Chest,36.0,kgs,6,,,,""
2025-10-03,Seated Dumbbell Press,Shoulders,26.0,kgs,8,,,,""
2025-10-03,Seated Dumbbell Press,Shoulders,26.0,kgs,6,,,,""
2025-10-03,Unilateral Triceps Extension,Triceps,40.0,kgs,9,,,,"Links unhebn"
2025-10-03,Unilateral Triceps Extension,Triceps,40.0,kgs,8,,,,""
2025-10-03,Cable Lateral Unilat,Shoulders,30.0,kgs,10,,,,""
2025-10-03,Cable Lateral Unilat,Shoulders,30.0,kgs,7,,,,""
2025-10-03,Seated Machine Fly,Chest,40.0,kgs,5,,,,""
2025-10-03,Seated Machine Fly,Chest,50.0,kgs,8,,,,"Vorsichtig"
2025-10-03,Unilateral Triceps Extension,Triceps,40.0,kgs,7,,,,""
2025-10-03,Seated Machine Fly,Chest,50.0,kgs,5,,,,""
2025-10-05,Lying Leg Curl Machine,Legs,45.0,kgs,6,,,,""
2025-10-05,Lying Leg Curl Machine,Legs,60.0,kgs,10,,,,""
2025-10-05,Lying Leg Curl Machine,Legs,60.0,kgs,5,,,,""
2025-10-05,Leg Press,Legs,150.0,kgs,6,,,,""
2025-10-05,Leg Press,Legs,180.0,kgs,4,,,,""
2025-10-05,Leg Press,Legs,220.0,kgs,10,,,,""
2025-10-05,Leg Extension Machine,Legs,85.0,kgs,6,,,,""
2025-10-05,Leg Extension Machine,Legs,105.0,kgs,8,,,,"2. Übung und lugner bisl komische maschine"
2025-10-05,Leg Extension Machine,Legs,105.0,kgs,7,,,,""
2025-10-05,Standing Calf Raise Machine,Legs,110.0,kgs,6,,,,""
2025-10-05,Standing Calf Raise Machine,Legs,125.0,kgs,12,,,,""
2025-10-05,Standing Calf Raise Machine,Legs,125.0,kgs,11,,,,""
2025-10-05,Leg Press,Legs,220.0,kgs,9,,,,""
2025-10-07,TBar Grode Griffe,Back,40.0,kgs,8,,,,""
2025-10-07,TBar Grode Griffe,Back,55.0,kgs,5,,,,""
2025-10-07,TBar Grode Griffe,Back,65.0,kgs,10,,,,""
2025-10-07,TBar Grode Griffe,Back,65.0,kgs,8,,,,""
2025-10-07,Seated Cable Row Unilateral,Back,45.0,kgs,9,,,,""
2025-10-07,Seated Cable Row Unilateral,Back,45.0,kgs,9,,,,""
2025-10-07,Seated Cable Row Unilateral,Back,45.0,kgs,9,,,,""
2025-10-07,Golds Gym Biceps Machine Unilat,Biceps,15.0,kgs,5,,,,"Schulter ellebogen unten hondgelenk net obiagn"
2025-10-07,Golds Gym Biceps Machine Unilat,Biceps,20.0,kgs,7,,,,"Rechts unhebn"
2025-10-07,Dumbell Preacher Hammer Curl,Biceps,12.0,kgs,10,,,,""
2025-10-07,TBar Grode Griffe,Back,65.0,kgs,6,,,,""
2025-10-07,Golds Gym Biceps Machine Unilat,Biceps,20.0,kgs,5,,,,""
2025-10-07,Dumbell Preacher Hammer Curl,Biceps,12.0,kgs,8,,,,""
2025-10-09,Incline Dumbbell Bench Press,Chest,28.0,kgs,6,,,,""
2025-10-09,Incline Dumbbell Bench Press,Chest,36.0,kgs,10,,,,""
2025-10-09,Incline Dumbbell Bench Press,Chest,36.0,kgs,6,,,,""
2025-10-09,Seated Dumbbell Press,Shoulders,26.0,kgs,6,,,,""
2025-10-09,Seated Dumbbell Press,Shoulders,26.0,kgs,6,,,,""
2025-10-09,Unilateral Triceps Extension,Triceps,40.0,kgs,8,,,,"Links unhebn"
2025-10-09,Unilateral Triceps Extension,Triceps,40.0,kgs,7,,,,""
2025-10-09,Unilateral Triceps Extension,Triceps,40.0,kgs,7,,,,""
2025-10-09,Cable Lateral Unilat,Shoulders,25.0,kgs,13,,,,""
2025-10-09,Cable Lateral Unilat,Shoulders,25.0,kgs,12,,,,""
2025-10-14,Leg Curl Machine,Legs,65.0,kgs,6,,,,""
2025-10-14,Leg Curl Machine,Legs,75.0,kgs,4,,,,""
2025-10-14,Leg Curl Machine,Legs,85.0,kgs,12,,,,""
2025-10-14,Leg Curl Machine,Legs,85.0,kgs,8,,,,""
2025-10-14,Leg Extension Machine,Legs,60.0,kgs,8,,,,""
2025-10-14,Leg Extension Machine,Legs,75.0,kgs,6,,,,""
2025-10-14,Leg Extension Machine,Legs,90.0,kgs,4,,,,""
2025-10-14,Leg Extension Machine,Legs,105.0,kgs,9,,,,""
2025-10-14,Leg Press Komisch,Legs,210.0,kgs,6,,,,""
2025-10-14,Leg Press Komisch,Legs,240.0,kgs,12,,,,""
2025-10-14,Leg Press Komisch,Legs,240.0,kgs,8,,,,""
2025-10-14,Leg Press Calfs,Legs,165.0,kgs,8,,,,"Stufe 11"
2025-10-14,Leg Press Calfs,Legs,221.0,kgs,12,,,,""
2025-10-14,Leg Press Calfs,Legs,221.0,kgs,10,,,,""
2025-10-14,Leg Extension Machine,Legs,105.0,kgs,7,,,,""
2025-10-15,TBar Grode Griffe,Back,35.0,kgs,8,,,,""
2025-10-15,TBar Grode Griffe,Back,50.0,kgs,5,,,,""
2025-10-15,TBar Grode Griffe,Back,65.0,kgs,10,,,,""
2025-10-15,TBar Grode Griffe,Back,65.0,kgs,8,,,,""
2025-10-15,TBar Grode Griffe,Back,65.0,kgs,6,,,,""
2025-10-15,High Row Unilat,Back,45.0,kgs,9,,,,"Rechts schwächer"
2025-10-15,High Row Unilat,Back,45.0,kgs,7,,,,""
2025-10-15,High Row Unilat,Back,45.0,kgs,7,,,,""
2025-10-15,Dumbell Preacher Hammer Curl,Biceps,12.0,kgs,12,,,,"Erste übung rechts schwächer"
2025-10-15,Dumbell Preacher Hammer Curl,Biceps,12.0,kgs,10,,,,""
2025-10-15,Golds Gym Biceps Machine Unilat,Biceps,20.0,kgs,6,,,,"Zwoate übung"
2025-10-15,Golds Gym Biceps Machine Unilat,Biceps,20.0,kgs,5,,,,""
2025-10-17,Incline Dumbbell Bench Press,Chest,28.0,kgs,6,,,,""
2025-10-17,Incline Dumbbell Bench Press,Chest,36.0,kgs,11,,,,""
2025-10-17,Incline Dumbbell Bench Press,Chest,36.0,kgs,6,,,,""
2025-10-17,Seated Dumbbell Press,Shoulders,26.0,kgs,8,,,,""
2025-10-17,Seated Dumbbell Press,Shoulders,26.0,kgs,5,,,,""
2025-10-17,Unilateral Triceps Extension,Triceps,40.0,kgs,8,,,,"Links unhebn"
2025-10-17,Unilateral Triceps Extension,Triceps,40.0,kgs,6,,,,""
2025-10-17,Unilateral Triceps Extension,Triceps,40.0,kgs,5,,,,""
2025-10-17,Cable Lateral Unilat,Shoulders,25.0,kgs,14,,,,"Links schwächer rechts weiter noch vorne besser für schulter"
2025-10-17,Cable Lateral Unilat,Shoulders,25.0,kgs,11,,,,""
2025-10-17,Seated Machine Fly,Chest,50.0,kgs,8,,,,""
2025-10-17,Seated Machine Fly,Chest,50.0,kgs,6,,,,""
2025-10-21,Deadlift,Back,60.0,kgs,12,,,,""
2025-10-21,Deadlift,Back,100.0,kgs,6,,,,""
2025-10-21,Deadlift,Back,130.0,kgs,3,,,,""
2025-10-21,Deadlift,Back,150.0,kgs,3,,,,""
2025-10-21,TBar Grode Griffe,Back,35.0,kgs,6,,,,""
2025-10-21,TBar Grode Griffe,Back,50.0,kgs,5,,,,""
2025-10-21,TBar Grode Griffe,Back,65.0,kgs,9,,,,"Noch deadlift"
2025-10-21,TBar Grode Griffe,Back,65.0,kgs,7,,,,""
2025-10-21,High Row Unilat,Back,45.0,kgs,10,,,,"Rechts schwächer"
2025-10-21,High Row Unilat,Back,45.0,kgs,9,,,,""
2025-10-21,Cable Curl Unilateral,Biceps,35.0,kgs,6,,,,""
2025-10-21,Dumbell Preacher Hammer Curl,Biceps,12.0,kgs,12,,,,"Erste übung rechts schwächer"
2025-10-21,Dumbell Preacher Hammer Curl,Biceps,12.0,kgs,10,,,,""
2025-10-21,Cable Curl Unilateral,Biceps,30.0,kgs,8,,,,""
2025-10-22,Leg Curl Machine,Legs,65.0,kgs,6,,,,""
2025-10-22,Leg Curl Machine,Legs,80.0,kgs,4,,,,""
2025-10-22,Leg Curl Machine,Legs,90.0,kgs,6,,,,""
2025-10-22,Leg Curl Machine,Legs,85.0,kgs,8,,,,""
2025-10-22,Leg Extension Machine,Legs,60.0,kgs,8,,,,""
2025-10-22,Leg Extension Machine,Legs,75.0,kgs,6,,,,""
2025-10-22,Leg Extension Machine,Legs,90.0,kgs,4,,,,""
2025-10-22,Leg Extension Machine,Legs,105.0,kgs,10,,,,""
2025-10-22,Leg Extension Machine,Legs,105.0,kgs,7,,,,""
2025-10-22,Leg Press Komisch,Legs,210.0,kgs,6,,,,""
2025-10-22,Leg Press Komisch,Legs,250.0,kgs,12,,,,""
2025-10-22,Leg Press Komisch,Legs,250.0,kgs,10,,,,""
2025-10-22,Standing Calf Raise Machine,Legs,109.0,kgs,6,,,,""
2025-10-22,Standing Calf Raise Machine,Legs,125.0,kgs,12,,,,""
2025-10-22,Standing Calf Raise Machine,Legs,125.0,kgs,12,,,,""
2025-10-23,Incline Dumbbell Bench Press,Chest,28.0,kgs,6,,,,""
2025-10-23,Incline Dumbbell Bench Press,Chest,36.0,kgs,10,,,,""
2025-10-23,Incline Dumbbell Bench Press,Chest,36.0,kgs,6,,,,""
2025-10-23,Seated Dumbbell Press,Shoulders,26.0,kgs,8,,,,""
2025-10-23,Seated Dumbbell Press,Shoulders,26.0,kgs,5,,,,""
2025-10-23,Unilateral Triceps Extension,Triceps,40.0,kgs,10,,,,"Links unhebn"
2025-10-23,Unilateral Triceps Extension,Triceps,40.0,kgs,6,,,,""
2025-10-23,Cable Lateral Unilat,Shoulders,25.0,kgs,14,,,,"Links schwächer rechts weiter noch vorne besser für schulter"
2025-10-23,Cable Lateral Unilat,Shoulders,25.0,kgs,11,,,,""
2025-10-23,Seated Machine Fly,Chest,50.0,kgs,8,,,,""
2025-10-23,Seated Machine Fly,Chest,50.0,kgs,6,,,,""
2025-10-25,TBar Grode Griffe,Back,35.0,kgs,6,,,,""
2025-10-25,TBar Grode Griffe,Back,50.0,kgs,5,,,,""
2025-10-25,TBar Grode Griffe,Back,65.0,kgs,9,,,,""
2025-10-25,TBar Grode Griffe,Back,65.0,kgs,8,,,,""
2025-10-25,High Row Unilat,Back,45.0,kgs,10,,,,"Rechts schwächer"
2025-10-25,High Row Unilat,Back,45.0,kgs,9,,,,""
2025-10-25,Biceps Curl Dual Maschine Golds Gym,Biceps,15.0,kgs,6,,,,"Rechts unhebn"
2025-10-25,Biceps Curl Dual Maschine Golds Gym,Biceps,20.0,kgs,7,,,,""
2025-10-25,Dumbell Preacher Hammer Curl,Biceps,12.0,kgs,9,,,,""
2025-10-25,Dumbell Preacher Hammer Curl,Biceps,12.0,kgs,8,,,,""
2025-10-25,Biceps Curl Dual Maschine Golds Gym,Biceps,20.0,kgs,7,,,,""
2025-10-28,Leg Curl Machine,Legs,65.0,kgs,6,,,,""
2025-10-28,Leg Curl Machine,Legs,80.0,kgs,4,,,,""
2025-10-28,Leg Curl Machine,Legs,85.0,kgs,10,,,,""
2025-10-28,Leg Curl Machine,Legs,85.0,kgs,6,,,,""
2025-10-28,Leg Extension Machine,Legs,60.0,kgs,8,,,,""
2025-10-28,Leg Extension Machine,Legs,75.0,kgs,6,,,,""
2025-10-28,Leg Extension Machine,Legs,90.0,kgs,4,,,,""
2025-10-28,Leg Extension Machine,Legs,105.0,kgs,9,,,,""
2025-10-28,Leg Extension Machine,Legs,105.0,kgs,6,,,,""
2025-10-28,Hackenschmidt,Legs,55.0,kgs,4,,,,""
2025-10-28,Hackenschmidt,Legs,75.0,kgs,6,,,,""
2025-10-28,Hackenschmidt,Legs,75.0,kgs,4,,,,""
2025-10-28,Standing Calf Raise Machine,Legs,109.0,kgs,6,,,,""
2025-10-28,Standing Calf Raise Machine,Legs,125.0,kgs,12,,,,""
2025-10-28,Standing Calf Raise Machine,Legs,125.0,kgs,12,,,,""
2025-11-01,Incline Dumbbell Bench Press,Chest,28.0,kgs,6,,,,""
2025-11-01,Incline Dumbbell Bench Press,Chest,36.0,kgs,10,,,,"Brutal close 11"
2025-11-01,Incline Dumbbell Bench Press,Chest,36.0,kgs,6,,,,""
2025-11-01,Seated Dumbbell Press,Shoulders,26.0,kgs,6,,,,""
2025-11-01,Seated Dumbbell Press,Shoulders,26.0,kgs,5,,,,""
2025-11-01,Unilateral Triceps Extension,Triceps,40.0,kgs,9,,,,"Links unhebn"
2025-11-01,Unilateral Triceps Extension,Triceps,40.0,kgs,6,,,,""
2025-11-01,Cable Lateral Unilat,Shoulders,25.0,kgs,13,,,,"Links schwächer orm mehr streckn"
2025-11-01,Cable Lateral Unilat,Shoulders,25.0,kgs,7,,,,""
2025-11-01,Seated Machine Fly,Chest,50.0,kgs,8,,,,""
2025-11-01,Seated Machine Fly,Chest,50.0,kgs,6,,,,""
2025-11-02,TBar Grode Griffe,Back,35.0,kgs,8,,,,""
2025-11-02,TBar Grode Griffe,Back,50.0,kgs,5,,,,""
2025-11-02,TBar Grode Griffe,Back,65.0,kgs,10,,,,""
2025-11-02,TBar Grode Griffe,Back,65.0,kgs,8,,,,""
2025-11-02,High Row Unilat,Back,45.0,kgs,8,,,,"Rechts schwächer 3 sets tbar dovor"
2025-11-02,High Row Unilat,Back,45.0,kgs,8,,,,""
2025-11-02,Biceps Curl Dual Maschine Golds Gym,Biceps,15.0,kgs,6,,,,"Rechts unhebn"
2025-11-02,Biceps Curl Dual Maschine Golds Gym,Biceps,20.0,kgs,9,,,,""
2025-11-02,Biceps Curl Dual Maschine Golds Gym,Biceps,20.0,kgs,8,,,,""
2025-11-02,Dumbell Preacher Hammer Curl,Biceps,12.0,kgs,8,,,,""
2025-11-02,Dumbell Preacher Hammer Curl,Biceps,12.0,kgs,7,,,,""
2025-11-02,TBar Grode Griffe,Back,65.0,kgs,6,,,,""
2025-11-04,Leg Curl Machine,Legs,65.0,kgs,6,,,,""
2025-11-04,Leg Curl Machine,Legs,80.0,kgs,4,,,,""
2025-11-04,Leg Curl Machine,Legs,80.0,kgs,10,,,,"Folsch ingstellt"
2025-11-04,Leg Curl Machine,Legs,85.0,kgs,6,,,,""
2025-11-04,Leg Extension Machine,Legs,60.0,kgs,8,,,,""
2025-11-04,Leg Extension Machine,Legs,75.0,kgs,6,,,,""
2025-11-04,Leg Extension Machine,Legs,90.0,kgs,4,,,,""
2025-11-04,Leg Extension Machine,Legs,105.0,kgs,10,,,,""
2025-11-04,Leg Extension Machine,Legs,105.0,kgs,6,,,,""
2025-11-04,Leg Press Komisch,Legs,220.0,kgs,6,,,,""
2025-11-04,Leg Press Komisch,Legs,260.0,kgs,12,,,,""
2025-11-04,Leg Press Komisch,Legs,260.0,kgs,7,,,,"Pause untn"
2025-11-04,Leg Press Calfs,Legs,165.0,kgs,8,,,,"Sufe 11"
2025-11-04,Leg Press Calfs,Legs,221.0,kgs,12,,,,""
2025-11-04,Leg Press Calfs,Legs,221.0,kgs,12,,,,""
2025-11-05,Incline Dumbbell Bench Press,Chest,28.0,kgs,6,,,,""
2025-11-05,Incline Dumbbell Bench Press,Chest,36.0,kgs,10,,,,""
2025-11-05,Incline Dumbbell Bench Press,Chest,36.0,kgs,6,,,,""
2025-11-05,Seated Dumbbell Press,Shoulders,26.0,kgs,7,,,,""
2025-11-05,Seated Dumbbell Press,Shoulders,26.0,kgs,6,,,,""
2025-11-05,Unilateral Triceps Extension,Triceps,40.0,kgs,7,,,,"Links unhebn"
2025-11-05,Unilateral Triceps Extension,Triceps,40.0,kgs,7,,,,""
2025-11-05,Cable Lateral Unilat,Shoulders,30.0,kgs,10,,,,"Links schwächer orm mehr streckn"
2025-11-05,Cable Lateral Unilat,Shoulders,30.0,kgs,10,,,,"Longe pause"
2025-11-05,Seated Machine Fly,Chest,50.0,kgs,10,,,,""
2025-11-05,Seated Machine Fly,Chest,50.0,kgs,6,,,,""
2025-11-06,TBar Grode Griffe,Back,35.0,kgs,8,,,,""
2025-11-06,TBar Grode Griffe,Back,50.0,kgs,5,,,,""
2025-11-06,TBar Grode Griffe,Back,65.0,kgs,10,,,,""
2025-11-06,TBar Grode Griffe,Back,65.0,kgs,8,,,,""
2025-11-06,TBar Grode Griffe,Back,65.0,kgs,7,,,,""
2025-11-06,High Row Unilat,Back,45.0,kgs,8,,,,"Rechts schwächer 3 sets tbar dovor"
2025-11-06,High Row Unilat,Back,45.0,kgs,7,,,,""
2025-11-06,Dumbell Preacher Hammer Curl,Biceps,10.0,kgs,6,,,,""
2025-11-06,Dumbell Preacher Hammer Curl,Biceps,12.0,kgs,13,,,,"Erste bizeps sem 14 kg sunscht 12"
2025-11-06,Cable Curl Unilateral,Biceps,25.0,kgs,10,,,,""
2025-11-06,Cable Curl Unilateral,Biceps,25.0,kgs,9,,,,""
2025-11-06,Dumbell Preacher Hammer Curl,Biceps,12.0,kgs,11,,,,""
2025-11-08,Leg Curl Machine,Legs,65.0,kgs,6,,,,""
2025-11-08,Leg Curl Machine,Legs,75.0,kgs,4,,,,""
2025-11-08,Leg Curl Machine,Legs,85.0,kgs,10,,,,"Stufe 9 und 4"
2025-11-08,Leg Curl Machine,Legs,85.0,kgs,6,,,,""
2025-11-08,Leg Extension Machine,Legs,60.0,kgs,8,,,,""
2025-11-08,Leg Extension Machine,Legs,75.0,kgs,6,,,,""
2025-11-08,Leg Extension Machine,Legs,90.0,kgs,4,,,,""
2025-11-08,Leg Extension Machine,Legs,105.0,kgs,10,,,,""
2025-11-08,Leg Extension Machine,Legs,105.0,kgs,7,,,,""
2025-11-08,Leg Press Komisch,Legs,220.0,kgs,6,,,,""
2025-11-08,Leg Press Komisch,Legs,260.0,kgs,12,,,,""
2025-11-08,Leg Press Komisch,Legs,260.0,kgs,10,,,,""
2025-11-08,Leg Press Calfs,Legs,165.0,kgs,8,,,,"Sufe 11"
2025-11-08,Leg Press Calfs,Legs,221.0,kgs,12,,,,""
2025-11-08,Leg Press Calfs,Legs,221.0,kgs,11,,,,""
2025-11-09,Incline Dumbbell Bench Press,Chest,28.0,kgs,8,,,,""
2025-11-09,Incline Dumbbell Bench Press,Chest,36.0,kgs,10,,,,""
2025-11-09,Incline Dumbbell Bench Press,Chest,36.0,kgs,8,,,,""
2025-11-09,Seated Dumbbell Press,Shoulders,26.0,kgs,7,,,,""
2025-11-09,Seated Dumbbell Press,Shoulders,26.0,kgs,6,,,,""
2025-11-09,Unilateral Triceps Extension,Triceps,40.0,kgs,10,,,,"Links unhebn"
2025-11-09,Unilateral Triceps Extension,Triceps,40.0,kgs,9,,,,""
2025-11-09,Cable Lateral Unilat,Shoulders,30.0,kgs,10,,,,"Links schwächer orm mehr streckn"
2025-11-09,Cable Lateral Unilat,Shoulders,30.0,kgs,9,,,,"Longe pause"
2025-11-09,Seated Machine Fly,Chest,50.0,kgs,13,,,,""
2025-11-09,Seated Machine Fly,Chest,50.0,kgs,6,,,,""
2025-11-09,Unilateral Triceps Extension,Triceps,40.0,kgs,7,,,,""
2025-11-12,TBar Grode Griffe,Back,35.0,kgs,8,,,,""
2025-11-12,TBar Grode Griffe,Back,50.0,kgs,5,,,,""
2025-11-12,TBar Grode Griffe,Back,65.0,kgs,10,,,,""
2025-11-12,TBar Grode Griffe,Back,65.0,kgs,8,,,,"Fost 9"
2025-11-12,TBar Grode Griffe,Back,65.0,kgs,7,,,,""
2025-11-12,High Row Unilat,Back,45.0,kgs,9,,,,"Rechts schwächer 3 sets tbar dovor"
2025-11-12,High Row Unilat,Back,45.0,kgs,7,,,,""
2025-11-12,Biceps Curl Dual Maschine Golds Gym,Biceps,15.0,kgs,6,,,,"Rechts unhebn"
2025-11-12,Biceps Curl Dual Maschine Golds Gym,Biceps,20.0,kgs,8,,,,""
2025-11-12,Dumbell Preacher Hammer Curl,Biceps,12.0,kgs,7,,,,"Erste bizeps sem 14 kg sunscht 12"
2025-11-12,Dumbell Preacher Hammer Curl,Biceps,12.0,kgs,11,,,,""
2025-11-12,Biceps Curl Dual Maschine Golds Gym,Biceps,20.0,kgs,7,,,,""
2025-11-13,Leg Curl Machine,Legs,65.0,kgs,6,,,,""
2025-11-13,Leg Curl Machine,Legs,75.0,kgs,4,,,,""
2025-11-13,Leg Curl Machine,Legs,85.0,kgs,11,,,,""
2025-11-13,Leg Curl Machine,Legs,85.0,kgs,7,,,,""
2025-11-13,Leg Extension Machine,Legs,60.0,kgs,8,,,,"Stufe 6"
2025-11-13,Leg Extension Machine,Legs,75.0,kgs,6,,,,""
2025-11-13,Leg Extension Machine,Legs,90.0,kgs,4,,,,""
2025-11-13,Leg Extension Machine,Legs,105.0,kgs,10,,,,""
2025-11-13,Leg Extension Machine,Legs,105.0,kgs,8,,,,""
2025-11-13,Leg Press Komisch,Legs,200.0,kgs,6,,,,""
2025-11-13,Leg Press Komisch,Legs,240.0,kgs,3,,,,""
2025-11-13,Leg Press Komisch,Legs,270.0,kgs,12,,,,""
2025-11-13,Leg Press Calfs,Legs,165.0,kgs,8,,,,"Sufe 11"
2025-11-13,Leg Press Calfs,Legs,229.0,kgs,12,,,,""
2025-11-13,Leg Press Calfs,Legs,229.0,kgs,11,,,,""
2025-11-13,Leg Press Komisch,Legs,270.0,kgs,9,,,,""
2025-11-13,Leg Press Calfs,Legs,229.0,kgs,8,,,,""
2025-11-15,Incline Dumbbell Bench Press,Chest,28.0,kgs,8,,,,""
2025-11-15,Incline Dumbbell Bench Press,Chest,36.0,kgs,10,,,,""
2025-11-15,Incline Dumbbell Bench Press,Chest,36.0,kgs,7,,,,""
2025-11-15,Seated Dumbbell Press,Shoulders,26.0,kgs,7,,,,""
2025-11-15,Seated Dumbbell Press,Shoulders,26.0,kgs,6,,,,""
2025-11-15,Unilateral Triceps Extension,Triceps,40.0,kgs,10,,,,"Links unhebn"
2025-11-15,Unilateral Triceps Extension,Triceps,40.0,kgs,9,,,,""
2025-11-15,Unilateral Triceps Extension,Triceps,40.0,kgs,7,,,,""
2025-11-15,Cable Lateral Unilat,Shoulders,30.0,kgs,10,,,,"Links schwächer orm mehr streckn"
2025-11-15,Cable Lateral Unilat,Shoulders,30.0,kgs,9,,,,"Longe pause"
2025-11-15,Seated Machine Fly,Chest,50.0,kgs,13,,,,""
2025-11-15,Seated Machine Fly,Chest,50.0,kgs,6,,,,""
2025-11-16,Leg Curl Machine,Legs,65.0,kgs,6,,,,"Mathe 4 mol rollen stufe 9"
2025-11-16,Leg Curl Machine,Legs,75.0,kgs,4,,,,""
2025-11-16,Leg Curl Machine,Legs,85.0,kgs,11,,,,""
2025-11-16,Leg Curl Machine,Legs,85.0,kgs,9,,,,""
2025-11-16,Leg Extension Machine,Legs,60.0,kgs,8,,,,"Stufe 6"
2025-11-16,Leg Extension Machine,Legs,75.0,kgs,6,,,,""
2025-11-16,Leg Extension Machine,Legs,90.0,kgs,4,,,,""
2025-11-16,Leg Extension Machine,Legs,105.0,kgs,10,,,,""
2025-11-16,Leg Extension Machine,Legs,105.0,kgs,7,,,,""
2025-11-16,Leg Press Calfs,Legs,165.0,kgs,8,,,,"Sufe 11"
2025-11-16,Leg Press Calfs,Legs,229.0,kgs,13,,,,"Vor legpress"
2025-11-16,Leg Press Calfs,Legs,229.0,kgs,11,,,,""
2025-11-16,Leg Press Calfs,Legs,229.0,kgs,8,,,,""
2025-11-16,Leg Press,Legs,190.0,kgs,6,,,,""
2025-11-16,Leg Press,Legs,220.0,kgs,12,,,,""
2025-11-16,Leg Press,Legs,220.0,kgs,10,,,,""
2025-11-18,TBar Grode Griffe,Back,40.0,kgs,6,,,,""
2025-11-18,TBar Grode Griffe,Back,55.0,kgs,4,,,,""
2025-11-18,TBar Grode Griffe,Back,65.0,kgs,10,,,,""
2025-11-18,TBar Grode Griffe,Back,65.0,kgs,7,,,,""
2025-11-18,Seated Cable Row,Back,45.0,kgs,9,,,,""
2025-11-18,Seated Cable Row,Back,45.0,kgs,7,,,,""
2025-11-18,Dumbell Preacher Hammer Curl,Biceps,14.0,kgs,11,,,,"Erste bizeps sem 14 kg sunscht 12"
2025-11-18,Dumbell Preacher Hammer Curl,Biceps,14.0,kgs,9,,,,""
2025-11-18,Biceps Curl Dual Maschine Golds Gym,Biceps,20.0,kgs,5,,,,"2. Übung Rechts schwächer"
2025-11-18,Biceps Curl Dual Maschine Golds Gym,Biceps,20.0,kgs,6,,,,""
2025-11-20,Flat Barbell Bench Press,Chest,20.0,kgs,12,,,,""
2025-11-20,Flat Barbell Bench Press,Chest,60.0,kgs,8,,,,""
2025-11-20,Flat Barbell Bench Press,Chest,80.0,kgs,4,,,,""
2025-11-20,Seated Dumbbell Press,Shoulders,26.0,kgs,9,,,,""
2025-11-20,Seated Dumbbell Press,Shoulders,26.0,kgs,5,,,,""
2025-11-20,Unilateral Triceps Extension,Triceps,40.0,kgs,11,,,,"Links unhebn"
2025-11-20,Unilateral Triceps Extension,Triceps,40.0,kgs,9,,,,""
2025-11-20,Cable Lateral Unilat,Shoulders,25.0,kgs,12,,,,"Links schwächer orm mehr streckn"
2025-11-20,Cable Lateral Unilat,Shoulders,30.0,kgs,9,,,,"Longe pause"
2025-11-20,Seated Machine Fly,Chest,55.0,kgs,10,,,,""
2025-11-20,Seated Machine Fly,Chest,55.0,kgs,6,,,,""
2025-11-20,Flat Barbell Bench Press,Chest,100.0,kgs,2,,,,""
2025-11-20,Flat Barbell Bench Press,Chest,90.0,kgs,5,,,,""
2025-11-22,TBar Grode Griffe,Back,40.0,kgs,6,,,,""
2025-11-22,TBar Grode Griffe,Back,55.0,kgs,4,,,,""
2025-11-22,TBar Grode Griffe,Back,65.0,kgs,10,,,,""
2025-11-22,TBar Grode Griffe,Back,65.0,kgs,7,,,,""
2025-11-22,Seated Cable Row,Back,45.0,kgs,9,,,,""
2025-11-22,Seated Cable Row,Back,45.0,kgs,7,,,,""
2025-11-22,Dumbell Preacher Hammer Curl,Biceps,14.0,kgs,11,,,,"Erste bizeps sem 14 kg sunscht 12"
2025-11-22,Dumbell Preacher Hammer Curl,Biceps,14.0,kgs,9,,,,""
2025-11-22,Biceps Curl Dual Maschine Golds Gym,Biceps,20.0,kgs,5,,,,"2. Übung Rechts schwächer"
2025-11-22,Biceps Curl Dual Maschine Golds Gym,Biceps,20.0,kgs,6,,,,""
2025-11-23,Leg Curl Machine,Legs,65.0,kgs,6,,,,"Mathe 4 mol rollen stufe 9"
2025-11-23,Leg Curl Machine,Legs,75.0,kgs,4,,,,""
2025-11-23,Leg Curl Machine,Legs,85.0,kgs,10,,,,""
2025-11-23,Leg Curl Machine,Legs,85.0,kgs,7,,,,""
2025-11-23,Leg Extension Machine,Legs,60.0,kgs,8,,,,"Stufe 6"
2025-11-23,Leg Extension Machine,Legs,75.0,kgs,6,,,,""
2025-11-23,Leg Extension Machine,Legs,90.0,kgs,4,,,,""
2025-11-23,Leg Extension Machine,Legs,105.0,kgs,9,,,,""
2025-11-23,Leg Extension Machine,Legs,105.0,kgs,7,,,,""
2025-11-23,Leg Press,Legs,200.0,kgs,6,,,,""
2025-11-23,Leg Press,Legs,240.0,kgs,3,,,,""
2025-11-23,Leg Press,Legs,230.0,kgs,12,,,,""
2025-11-23,Leg Press Calfs,Legs,165.0,kgs,8,,,,"Sufe 11"
2025-11-23,Leg Press Calfs,Legs,229.0,kgs,12,,,,""
2025-11-23,Leg Press Calfs,Legs,229.0,kgs,10,,,,""
2025-11-23,Leg Press,Legs,230.0,kgs,12,,,,""
2025-11-26,Flat Barbell Bench Press,Chest,20.0,kgs,12,,,,""
2025-11-26,Flat Barbell Bench Press,Chest,60.0,kgs,6,,,,""
2025-11-26,Flat Barbell Bench Press,Chest,80.0,kgs,4,,,,""
2025-11-26,Flat Barbell Bench Press,Chest,100.0,kgs,4,,,,""
2025-11-26,Flat Barbell Bench Press,Chest,90.0,kgs,7,,,,""
2025-11-26,Seated Dumbbell Press,Shoulders,20.0,kgs,5,,,,""
2025-11-26,Seated Dumbbell Press,Shoulders,26.0,kgs,9,,,,""
2025-11-26,Unilateral Triceps Extension,Triceps,40.0,kgs,10,,,,"Links unhebn"
2025-11-26,Unilateral Triceps Extension,Triceps,40.0,kgs,8,,,,""
2025-11-26,Cable Lateral Unilat,Shoulders,30.0,kgs,10,,,,"Links schwächer orm mehr streckn"
2025-11-26,Cable Lateral Unilat,Shoulders,30.0,kgs,6,,,,"Longe pause"
2025-11-26,Seated Dumbbell Press,Shoulders,26.0,kgs,7,,,,""
2025-11-28,TBar Grode Griffe,Back,40.0,kgs,6,,,,""
2025-11-28,TBar Grode Griffe,Back,55.0,kgs,4,,,,""
2025-11-28,TBar Grode Griffe,Back,65.0,kgs,11,,,,""
2025-11-28,TBar Grode Griffe,Back,65.0,kgs,9,,,,""
2025-11-28,High Row Unilat,Back,45.0,kgs,7,,,,"Rechts schwächer"
2025-11-28,High Row Unilat,Back,45.0,kgs,6,,,,""
2025-11-28,Biceps Curl Dual Maschine Golds Gym,Biceps,15.0,kgs,6,,,,""
2025-11-28,Biceps Curl Dual Maschine Golds Gym,Biceps,20.0,kgs,8,,,,"Rechts schwächer"
2025-11-28,Dumbell Preacher Hammer Curl,Biceps,12.0,kgs,8,,,,"Erste bizeps sem 14 kg sunscht 12"
2025-11-28,Dumbell Preacher Hammer Curl,Biceps,12.0,kgs,7,,,,""
2025-11-28,Biceps Curl Dual Maschine Golds Gym,Biceps,20.0,kgs,7,,,,""
2025-11-29,Lying Leg Curl Machine,Legs,45.0,kgs,6,,,,"Mathe 4 mol rollen stufe 9"
2025-11-29,Lying Leg Curl Machine,Legs,60.0,kgs,10,,,,""
2025-11-29,Lying Leg Curl Machine,Legs,60.0,kgs,6,,,,""
2025-11-29,Leg Extension Machine,Legs,60.0,kgs,8,,,,"Stufe 6"
2025-11-29,Leg Extension Machine,Legs,75.0,kgs,6,,,,""
2025-11-29,Leg Extension Machine,Legs,90.0,kgs,4,,,,""
2025-11-29,Leg Extension Machine,Legs,105.0,kgs,10,,,,""
2025-11-29,Leg Extension Machine,Legs,105.0,kgs,7,,,,""
2025-11-29,Leg Press Komisch,Legs,210.0,kgs,6,,,,""
2025-11-29,Leg Press Komisch,Legs,270.0,kgs,13,,,,""
2025-11-29,Leg Press Komisch,Legs,270.0,kgs,8,,,,""
2025-11-29,Leg Press Calfs,Legs,165.0,kgs,8,,,,"Sufe 11"
2025-11-29,Leg Press Calfs,Legs,229.0,kgs,12,,,,""
2025-11-29,Leg Press Calfs,Legs,229.0,kgs,10,,,,""
2025-12-02,Flat Barbell Bench Press,Chest,20.0,kgs,12,,,,""
2025-12-02,Flat Barbell Bench Press,Chest,60.0,kgs,6,,,,""
2025-12-02,Flat Barbell Bench Press,Chest,90.0,kgs,2,,,,""
2025-12-02,Flat Barbell Bench Press,Chest,110.0,kgs,1,,,,""
2025-12-02,Flat Barbell Bench Press,Chest,95.0,kgs,6,,,,""
2025-12-02,Seated Dumbbell Press,Shoulders,20.0,kgs,5,,,,""
2025-12-02,Seated Dumbbell Press,Shoulders,26.0,kgs,9,,,,""
2025-12-02,Seated Dumbbell Press,Shoulders,26.0,kgs,8,,,,""
2025-12-02,Unilateral Triceps Extension,Triceps,40.0,kgs,10,,,,"Links unhebn"
2025-12-02,Unilateral Triceps Extension,Triceps,40.0,kgs,8,,,,""
2025-12-02,Cable Lateral Unilat,Shoulders,30.0,kgs,13,,,,"Links schwächer orm mehr streckn"
2025-12-02,Cable Lateral Unilat,Shoulders,30.0,kgs,11,,,,"Longe pause"
2025-12-02,Unilateral Triceps Extension,Triceps,40.0,kgs,7,,,,""
2025-12-03,TBar Grode Griffe,Back,40.0,kgs,6,,,,""
2025-12-03,TBar Grode Griffe,Back,55.0,kgs,4,,,,""
2025-12-03,TBar Grode Griffe,Back,65.0,kgs,11,,,,""
2025-12-03,TBar Grode Griffe,Back,65.0,kgs,9,,,,""
2025-12-03,High Row Unilat,Back,45.0,kgs,8,,,,"Rechts schwächer"
2025-12-03,High Row Unilat,Back,45.0,kgs,7,,,,""
2025-12-03,Biceps Curl Dual Maschine Golds Gym,Biceps,15.0,kgs,6,,,,""
2025-12-03,Biceps Curl Dual Maschine Golds Gym,Biceps,20.0,kgs,8,,,,"Rechts schwächer"
2025-12-03,Biceps Curl Dual Maschine Golds Gym,Biceps,20.0,kgs,7,,,,""
2025-12-03,Dumbell Preacher Hammer Curl,Biceps,12.0,kgs,9,,,,"Erste bizeps sem 14 kg sunscht 12"
2025-12-03,Dumbell Preacher Hammer Curl,Biceps,12.0,kgs,8,,,,""
2025-12-06,Flat Barbell Bench Press,Chest,20.0,kgs,12,,,,""
2025-12-06,Flat Barbell Bench Press,Chest,60.0,kgs,6,,,,""
2025-12-06,Flat Barbell Bench Press,Chest,80.0,kgs,3,,,,""
2025-12-06,Flat Barbell Bench Press,Chest,100.0,kgs,5,,,,""
2025-12-06,Flat Barbell Bench Press,Chest,95.0,kgs,4,,,,""
2025-12-06,Seated Dumbbell Press,Shoulders,20.0,kgs,5,,,,""
2025-12-06,Seated Dumbbell Press,Shoulders,26.0,kgs,9,,,,""
2025-12-06,Seated Dumbbell Press,Shoulders,26.0,kgs,6,,,,""
2025-12-06,Unilateral Triceps Extension,Triceps,40.0,kgs,9,,,,"Links unhebn"
2025-12-06,Unilateral Triceps Extension,Triceps,40.0,kgs,8,,,,""
2025-12-06,Cable Lateral Unilat,Shoulders,30.0,kgs,10,,,,"Links schwächer orm mehr streckn"
2025-12-06,Cable Lateral Unilat,Shoulders,30.0,kgs,8,,,,"Longe pause"
2025-12-07,Lat Pulldown,Back,65.0,kgs,6,,,,""
2025-12-07,Lat Pulldown,Back,75.0,kgs,13,,,,""
2025-12-07,High Row Unilat,Back,45.0,kgs,8,,,,"Rechts schwächer"
2025-12-07,High Row Unilat,Back,45.0,kgs,8,,,,""
2025-12-07,TBar Grode Griffe,Back,60.0,kgs,10,,,,""
2025-12-07,Biceps Curl Dual Maschine Golds Gym,Biceps,15.0,kgs,6,,,,""
2025-12-07,Biceps Curl Dual Maschine Golds Gym,Biceps,20.0,kgs,10,,,,"Rechts schwächer"
2025-12-07,Biceps Curl Dual Maschine Golds Gym,Biceps,20.0,kgs,9,,,,""
2025-12-07,Dumbell Preacher Hammer Curl,Biceps,12.0,kgs,9,,,,"Erste bizeps sem 14 kg sunscht 12"
2025-12-07,Dumbell Preacher Hammer Curl,Biceps,12.0,kgs,8,,,,""
2025-12-07,TBar Grode Griffe,Back,60.0,kgs,9,,,,""
2025-12-09,Leg Curl Machine,Legs,65.0,kgs,6,,,,"Mathe 4 mol rollen stufe 9"
2025-12-09,Leg Curl Machine,Legs,75.0,kgs,4,,,,""
2025-12-09,Leg Curl Machine,Legs,85.0,kgs,10,,,,""
2025-12-09,Leg Curl Machine,Legs,85.0,kgs,8,,,,""
2025-12-09,Leg Extension Machine,Legs,60.0,kgs,8,,,,"Stufe 6"
2025-12-09,Leg Extension Machine,Legs,75.0,kgs,6,,,,""
2025-12-09,Leg Extension Machine,Legs,90.0,kgs,4,,,,""
2025-12-09,Leg Extension Machine,Legs,105.0,kgs,9,,,,""
2025-12-09,Leg Extension Machine,Legs,105.0,kgs,7,,,,""
2025-12-09,Barbell Squat,Legs,20.0,kgs,12,,,,""
2025-12-09,Barbell Squat,Legs,60.0,kgs,12,,,,""
2025-12-09,Barbell Squat,Legs,70.0,kgs,18,,,,""
2025-12-09,Barbell Squat,Legs,70.0,kgs,7,,,,""
2025-12-09,Leg Press Calfs,Legs,165.0,kgs,8,,,,"Sufe 11"
2025-12-09,Leg Press Calfs,Legs,229.0,kgs,11,,,,""
2025-12-09,Leg Press Calfs,Legs,229.0,kgs,11,,,,""
2025-12-09,Leg Press Calfs,Legs,229.0,kgs,10,,,,""
2025-12-11,Flat Barbell Bench Press,Chest,20.0,kgs,12,,,,""
2025-12-11,Flat Barbell Bench Press,Chest,60.0,kgs,6,,,,""
2025-12-11,Flat Barbell Bench Press,Chest,90.0,kgs,2,,,,""
2025-12-11,Flat Barbell Bench Press,Chest,115.0,kgs,0,,,,""
2025-12-11,Flat Barbell Bench Press,Chest,100.0,kgs,4,,,,""
2025-12-11,Seated Dumbbell Press,Shoulders,20.0,kgs,5,,,,""
2025-12-11,Seated Dumbbell Press,Shoulders,26.0,kgs,8,,,,""
2025-12-11,Seated Dumbbell Press,Shoulders,26.0,kgs,7,,,,""
2025-12-11,Unilateral Triceps Extension,Triceps,40.0,kgs,8,,,,"Links unhebn"
2025-12-11,Unilateral Triceps Extension,Triceps,40.0,kgs,7,,,,""
2025-12-11,Cable Lateral Unilat,Shoulders,30.0,kgs,11,,,,"Links schwächer orm mehr streckn"
2025-12-11,Cable Lateral Unilat,Shoulders,30.0,kgs,8,,,,"Longe pause"
2025-12-11,Flat Barbell Bench Press,Chest,100.0,kgs,3,,,,""
2025-12-13,Flat Barbell Bench Press,Chest,20.0,kgs,12,,,,""
2025-12-13,Flat Barbell Bench Press,Chest,70.0,kgs,4,,,,""
2025-12-13,Flat Barbell Bench Press,Chest,90.0,kgs,1,,,,""
2025-12-13,Flat Barbell Bench Press,Chest,115.0,kgs,0,,,,""
2025-12-13,Flat Barbell Bench Press,Chest,100.0,kgs,3,,,,""
2025-12-13,Flat Barbell Bench Press,Chest,90.0,kgs,7,,,,""
2025-12-13,Seated Dumbbell Press,Shoulders,20.0,kgs,5,,,,""
2025-12-13,Seated Dumbbell Press,Shoulders,26.0,kgs,9,,,,""
2025-12-13,Seated Dumbbell Press,Shoulders,26.0,kgs,8,,,,""
2025-12-13,Unilateral Triceps Extension,Triceps,40.0,kgs,12,,,,"Links unhebn"
2025-12-13,Unilateral Triceps Extension,Triceps,40.0,kgs,9,,,,""
2025-12-13,Cable Lateral Unilat,Shoulders,30.0,kgs,12,,,,"Links schwächer orm mehr streckn"
2025-12-13,Cable Lateral Unilat,Shoulders,30.0,kgs,10,,,,""
2025-12-13,Seated Machine Fly,Chest,55.0,kgs,10,,,,""
2025-12-13,Seated Machine Fly,Chest,55.0,kgs,8,,,,""
2025-12-14,Lat Pulldown,Back,65.0,kgs,6,,,,""
2025-12-14,Lat Pulldown,Back,75.0,kgs,11,,,,""
2025-12-14,Lat Pulldown,Back,75.0,kgs,9,,,,""
2025-12-14,Lat Pulldown,Back,75.0,kgs,7,,,,""
2025-12-14,Seated Cable Row Unilateral,Back,45.0,kgs,8,,,,"Rechts schwächer"
2025-12-14,Seated Cable Row Unilateral,Back,45.0,kgs,9,,,,""
2025-12-14,Seated Machine Curl,Biceps,45.0,kgs,8,,,,""
2025-12-14,Seated Machine Curl,Biceps,45.0,kgs,8,,,,""
2025-12-14,Dumbell Preacher Hammer Curl,Biceps,12.0,kgs,9,,,,"Erste bizeps sem 14 kg sunscht 12"
2025-12-14,Dumbell Preacher Hammer Curl,Biceps,12.0,kgs,10,,,,""
2025-12-14,Hyper Extension,Back,20.0,kgs,10,,,,""
2025-12-14,Hyper Extension,Back,20.0,kgs,9,,,,""
2025-12-17,Leg Curl Machine,Legs,65.0,kgs,6,,,,"Mathe 4 mol rollen stufe 9"
2025-12-17,Leg Curl Machine,Legs,75.0,kgs,4,,,,""
2025-12-17,Leg Curl Machine,Legs,85.0,kgs,11,,,,""
2025-12-17,Leg Curl Machine,Legs,85.0,kgs,9,,,,""
2025-12-17,Leg Extension Machine,Legs,60.0,kgs,6,,,,"Stufe 6"
2025-12-17,Leg Extension Machine,Legs,75.0,kgs,4,,,,""
2025-12-17,Leg Extension Machine,Legs,90.0,kgs,2,,,,""
2025-12-17,Leg Extension Machine,Legs,105.0,kgs,9,,,,""
2025-12-17,Leg Extension Machine,Legs,105.0,kgs,7,,,,""
2025-12-17,Barbell Squat,Legs,20.0,kgs,12,,,,"Einstellung 2 unter 1"
2025-12-17,Barbell Squat,Legs,60.0,kgs,8,,,,""
2025-12-17,Barbell Squat,Legs,80.0,kgs,18,,,,""
2025-12-17,Barbell Squat,Legs,80.0,kgs,10,,,,""
2025-12-17,Leg Press Calfs,Legs,165.0,kgs,8,,,,"Sufe 11"
2025-12-17,Leg Press Calfs,Legs,237.0,kgs,11,,,,""
2025-12-17,Leg Press Calfs,Legs,237.0,kgs,10,,,,""
2025-12-17,Leg Press Calfs,Legs,237.0,kgs,10,,,,""
2025-12-20,TBar Grode Griffe,Back,40.0,kgs,6,,,,""
2025-12-20,TBar Grode Griffe,Back,55.0,kgs,4,,,,""
2025-12-20,TBar Grode Griffe,Back,65.0,kgs,11,,,,""
2025-12-20,TBar Grode Griffe,Back,65.0,kgs,9,,,,""
2025-12-20,Golds Gym Biceps Machine Unilat,Biceps,15.0,kgs,5,,,,"Rechts schwächer"
2025-12-20,Golds Gym Biceps Machine Unilat,Biceps,20.0,kgs,7,,,,""
2025-12-20,Dumbell Preacher Hammer Curl,Biceps,12.0,kgs,9,,,,"Erste bizeps sem 14 kg sunscht 12"
2025-12-20,Dumbell Preacher Hammer Curl,Biceps,12.0,kgs,7,,,,""
2025-12-20,Hyper Extension,Back,20.0,kgs,10,,,,""
2025-12-20,Hyper Extension,Back,20.0,kgs,9,,,,""
2025-12-20,Golds Gym Biceps Machine Unilat,Biceps,20.0,kgs,7,,,,""
2025-12-21,Flat Barbell Bench Press,Chest,20.0,kgs,12,,,,""
2025-12-21,Flat Barbell Bench Press,Chest,60.0,kgs,6,,,,""
2025-12-21,Flat Barbell Bench Press,Chest,90.0,kgs,1,,,,""
2025-12-21,Flat Barbell Bench Press,Chest,115.0,kgs,0,,,,""
2025-12-21,Flat Barbell Bench Press,Chest,100.0,kgs,4,,,,""
2025-12-21,Flat Barbell Bench Press,Chest,95.0,kgs,3,,,,""
2025-12-21,Seated Dumbbell Press,Shoulders,20.0,kgs,6,,,,""
2025-12-21,Seated Dumbbell Press,Shoulders,26.0,kgs,8,,,,""
2025-12-21,Seated Dumbbell Press,Shoulders,26.0,kgs,7,,,,""
2025-12-21,Unilateral Triceps Extension,Triceps,40.0,kgs,9,,,,"Links unhebn"
2025-12-21,Unilateral Triceps Extension,Triceps,40.0,kgs,8,,,,""
2025-12-21,Cable Lateral Unilat,Shoulders,30.0,kgs,13,,,,"Links schwächer orm mehr streckn"
2025-12-21,Cable Lateral Unilat,Shoulders,30.0,kgs,10,,,,"Longe pause"
2025-12-21,Unilateral Triceps Extension,Triceps,40.0,kgs,8,,,,""
2025-12-28,Barbell Squat,Legs,20.0,kgs,12,,,,"Einstellung 2 unter 1"
2025-12-28,Barbell Squat,Legs,60.0,kgs,8,,,,""
2025-12-28,Barbell Squat,Legs,90.0,kgs,18,,,,""
2025-12-28,Barbell Squat,Legs,100.0,kgs,10,,,,""
2025-12-28,Leg Curl Machine,Legs,65.0,kgs,6,,,,"Mathe 4 mol rollen stufe 9"
2025-12-28,Leg Curl Machine,Legs,75.0,kgs,4,,,,""
2025-12-28,Leg Curl Machine,Legs,85.0,kgs,11,,,,""
2025-12-28,Leg Curl Machine,Legs,85.0,kgs,9,,,,""
2025-12-28,Leg Extension Machine,Legs,60.0,kgs,6,,,,"Stufe 6"
2025-12-28,Leg Extension Machine,Legs,75.0,kgs,4,,,,""
2025-12-28,Leg Extension Machine,Legs,90.0,kgs,2,,,,""
2025-12-28,Leg Extension Machine,Legs,105.0,kgs,9,,,,""
2025-12-28,Leg Extension Machine,Legs,105.0,kgs,7,,,,""
2025-12-28,Leg Press Calfs,Legs,165.0,kgs,8,,,,"Sufe 11"
2025-12-28,Leg Press Calfs,Legs,237.0,kgs,11,,,,""
2025-12-28,Leg Press Calfs,Legs,237.0,kgs,10,,,,""
2025-12-28,Leg Press Calfs,Legs,237.0,kgs,10,,,,""
2026-01-04,TBar Grode Griffe,Back,40.0,kgs,6,,,,""
2026-01-04,TBar Grode Griffe,Back,55.0,kgs,4,,,,""
2026-01-04,TBar Grode Griffe,Back,65.0,kgs,11,,,,""
2026-01-04,TBar Grode Griffe,Back,65.0,kgs,8,,,,"Kurz pause"
2026-01-04,High Row Unilat,Back,45.0,kgs,8,,,,"Rechts unfongen"
2026-01-04,High Row Unilat,Back,45.0,kgs,8,,,,""
2026-01-04,High Row Unilat,Back,45.0,kgs,7,,,,""
2026-01-04,Golds Gym Biceps Machine Unilat,Biceps,15.0,kgs,5,,,,"Rechts schwächer"
2026-01-04,Golds Gym Biceps Machine Unilat,Biceps,20.0,kgs,9,,,,""
2026-01-04,Golds Gym Biceps Machine Unilat,Biceps,20.0,kgs,7,,,,""
2026-01-04,Dumbell Preacher Hammer Curl,Biceps,12.0,kgs,9,,,,"Erste bizeps sem 14 kg sunscht 12"
2026-01-04,Dumbell Preacher Hammer Curl,Biceps,12.0,kgs,8,,,,""
2026-01-04,Deadlift,Back,20.0,kgs,12,,,,""
2026-01-04,Deadlift,Back,60.0,kgs,12,,,,""
2026-01-04,Deadlift,Back,60.0,kgs,12,,,,""
2026-01-04,Deadlift,Back,60.0,kgs,12,,,,""
2026-01-05,Flat Barbell Bench Press,Chest,20.0,kgs,12,,,,""
2026-01-05,Flat Barbell Bench Press,Chest,60.0,kgs,6,,,,""
2026-01-05,Flat Barbell Bench Press,Chest,80.0,kgs,3,,,,""
2026-01-05,Flat Barbell Bench Press,Chest,100.0,kgs,5,,,,""
2026-01-05,Flat Barbell Bench Press,Chest,95.0,kgs,6,,,,""
2026-01-05,Seated Dumbbell Press,Shoulders,20.0,kgs,5,,,,""
2026-01-05,Seated Dumbbell Press,Shoulders,26.0,kgs,8,,,,""
2026-01-05,Seated Dumbbell Press,Shoulders,26.0,kgs,6,,,,""
2026-01-05,Unilateral Triceps Extension,Triceps,40.0,kgs,10,,,,"Links unhebn"
2026-01-05,Unilateral Triceps Extension,Triceps,40.0,kgs,7,,,,""
2026-01-05,Cable Lateral Unilat,Shoulders,30.0,kgs,12,,,,"Links schwächer orm mehr streckn"
2026-01-05,Cable Lateral Unilat,Shoulders,30.0,kgs,8,,,,"Longe pause"
2026-01-05,Flat Barbell Bench Press,Chest,95.0,kgs,3,,,,""
2026-01-05,Unilateral Triceps Extension,Triceps,40.0,kgs,6,,,,""
2026-01-05,Cable Lateral Unilat,Shoulders,30.0,kgs,7,,,,""
2026-01-06,Lying Leg Curl Machine,Legs,45.0,kgs,8,,,,"Mathe 4 mol rollen stufe 9"
2026-01-06,Lying Leg Curl Machine,Legs,60.0,kgs,11,,,,""
2026-01-06,Lying Leg Curl Machine,Legs,60.0,kgs,9,,,,""
2026-01-06,Leg Extension Machine,Legs,75.0,kgs,6,,,,"Stufe 6"
2026-01-06,Leg Extension Machine,Legs,90.0,kgs,4,,,,""
2026-01-06,Leg Extension Machine,Legs,105.0,kgs,11,,,,""
2026-01-06,Leg Extension Machine,Legs,105.0,kgs,7,,,,""
2026-01-06,Leg Press Komisch,Legs,210.0,kgs,6,,,,""
2026-01-06,Leg Press Komisch,Legs,270.0,kgs,13,,,,""
2026-01-06,Leg Press Komisch,Legs,270.0,kgs,8,,,,""
2026-01-06,Leg Press Calfs,Legs,165.0,kgs,8,,,,"Sufe 11"
2026-01-06,Leg Press Calfs,Legs,229.0,kgs,12,,,,""
2026-01-06,Leg Press Calfs,Legs,229.0,kgs,10,,,,""
2026-01-09,Flat Barbell Bench Press,Chest,20.0,kgs,12,,,,""
2026-01-09,Flat Barbell Bench Press,Chest,60.0,kgs,6,,,,""
2026-01-09,Flat Barbell Bench Press,Chest,80.0,kgs,3,,,,""
2026-01-09,Flat Barbell Bench Press,Chest,100.0,kgs,5,,,,""
2026-01-09,Flat Barbell Bench Press,Chest,95.0,kgs,5,,,,""
2026-01-09,Flat Barbell Bench Press,Chest,95.0,kgs,4,,,,""
2026-01-09,Seated Dumbbell Press,Shoulders,20.0,kgs,5,,,,""
2026-01-09,Seated Dumbbell Press,Shoulders,26.0,kgs,9,,,,""
2026-01-09,Seated Dumbbell Press,Shoulders,26.0,kgs,8,,,,""
2026-01-09,Unilateral Triceps Extension,Triceps,40.0,kgs,8,,,,"Links unhebn"
2026-01-09,Unilateral Triceps Extension,Triceps,40.0,kgs,7,,,,""
2026-01-09,Cable Lateral Unilat,Shoulders,30.0,kgs,12,,,,"Links schwächer orm mehr streckn"
2026-01-09,Cable Lateral Unilat,Shoulders,30.0,kgs,8,,,,"Longe pause"
2026-01-14,High Row Unilat,Back,30.0,kgs,6,,,,"Erste"
2026-01-14,High Row Unilat,Back,45.0,kgs,9,,,,"Rechts unfongen"
2026-01-14,High Row Unilat,Back,45.0,kgs,8,,,,""
2026-01-14,TBar Grode Griffe,Back,55.0,kgs,4,,,,"2te"
2026-01-14,TBar Grode Griffe,Back,65.0,kgs,8,,,,""
2026-01-14,TBar Grode Griffe,Back,65.0,kgs,7,,,,"Kurz pause"
2026-01-14,Golds Gym Biceps Machine Unilat,Biceps,15.0,kgs,6,,,,"Rechts schwächer"
2026-01-14,Golds Gym Biceps Machine Unilat,Biceps,20.0,kgs,8,,,,""
2026-01-14,Golds Gym Biceps Machine Unilat,Biceps,20.0,kgs,7,,,,""
2026-01-14,Dumbell Preacher Hammer Curl,Biceps,12.0,kgs,8,,,,"Erste bizeps sem 14 kg sunscht 12"
2026-01-14,Dumbell Preacher Hammer Curl,Biceps,12.0,kgs,8,,,,""
2026-01-15,Leg Curl Machine,Legs,65.0,kgs,6,,,,"Mathe 4 mol rollen stufe 9"
2026-01-15,Leg Curl Machine,Legs,75.0,kgs,4,,,,""
2026-01-15,Leg Curl Machine,Legs,85.0,kgs,11,,,,""
2026-01-15,Leg Curl Machine,Legs,85.0,kgs,9,,,,""
2026-01-15,Leg Extension Machine,Legs,60.0,kgs,6,,,,"Stufe 6"
2026-01-15,Leg Extension Machine,Legs,70.0,kgs,6,,,,""
2026-01-15,Leg Extension Machine,Legs,90.0,kgs,3,,,,""
2026-01-15,Leg Extension Machine,Legs,105.0,kgs,9,,,,""
2026-01-15,Leg Extension Machine,Legs,105.0,kgs,7,,,,""
2026-01-15,Barbell Squat,Legs,20.0,kgs,12,,,,"Einstellung 2 unter 1"
2026-01-15,Barbell Squat,Legs,60.0,kgs,8,,,,""
2026-01-15,Barbell Squat,Legs,80.0,kgs,12,,,,""
2026-01-15,Barbell Squat,Legs,80.0,kgs,10,,,,""
2026-01-15,Leg Press Calfs Liegend,Legs,165.0,kgs,8,,,,"Sufe 11"
2026-01-15,Leg Press Calfs Liegend,Legs,213.0,kgs,15,,,,""
2026-01-15,Leg Press Calfs Liegend,Legs,213.0,kgs,13,,,,""
2026-01-15,Leg Press Calfs Liegend,Legs,213.0,kgs,13,,,,""
2026-01-17,Flat Barbell Bench Press,Chest,20.0,kgs,12,,,,""
2026-01-17,Flat Barbell Bench Press,Chest,50.0,kgs,8,,,,""
2026-01-17,Flat Barbell Bench Press,Chest,80.0,kgs,3,,,,""
2026-01-17,Flat Barbell Bench Press,Chest,100.0,kgs,5,,,,""
2026-01-17,Flat Barbell Bench Press,Chest,100.0,kgs,3,,,,""
2026-01-17,Flat Barbell Bench Press,Chest,90.0,kgs,7,,,,""
2026-01-17,Seated Dumbbell Press,Shoulders,22.0,kgs,4,,,,""
2026-01-17,Seated Dumbbell Press,Shoulders,26.0,kgs,9,,,,""
2026-01-17,Seated Dumbbell Press,Shoulders,26.0,kgs,6,,,,""
2026-01-17,Unilateral Triceps Extension,Triceps,40.0,kgs,9,,,,"Rechts unhebn"
2026-01-17,Unilateral Triceps Extension,Triceps,40.0,kgs,7,,,,""
2026-01-17,Cable Lateral Unilat,Shoulders,30.0,kgs,12,,,,"Links schwächer orm mehr streckn"
2026-01-17,Cable Lateral Unilat,Shoulders,30.0,kgs,8,,,,"Longe pause"
2026-01-17,Unilateral Triceps Extension,Triceps,40.0,kgs,6,,,,""
2026-01-17,Cable Lateral Unilat,Shoulders,30.0,kgs,7,,,,""
2026-01-17,Seated Machine Fly,Chest,53.0,kgs,12,,,,""
2026-01-17,Seated Machine Fly,Chest,61.0,kgs,4,,,,""
2026-01-17,Seated Machine Fly,Chest,53.0,kgs,4,,,,""
2026-01-20,High Row Unilat,Back,30.0,kgs,6,,,,"Erste"
2026-01-20,High Row Unilat,Back,45.0,kgs,9,,,,"Rechts unfongen"
2026-01-20,High Row Unilat,Back,45.0,kgs,8,,,,""
2026-01-20,TBar Grode Griffe,Back,55.0,kgs,4,,,,"2te"
2026-01-20,TBar Grode Griffe,Back,65.0,kgs,8,,,,""
2026-01-20,TBar Grode Griffe,Back,65.0,kgs,7,,,,"Kurz pause"
2026-01-20,Golds Gym Biceps Machine Unilat,Biceps,15.0,kgs,6,,,,"Rechts schwächer"
2026-01-20,Golds Gym Biceps Machine Unilat,Biceps,20.0,kgs,8,,,,""
2026-01-20,Golds Gym Biceps Machine Unilat,Biceps,20.0,kgs,7,,,,""
2026-01-20,Dumbell Preacher Hammer Curl,Biceps,12.0,kgs,8,,,,"Erste bizeps sem 14 kg sunscht 12"
2026-01-20,Dumbell Preacher Hammer Curl,Biceps,12.0,kgs,8,,,,""
2026-01-23,Leg Curl Machine,Legs,65.0,kgs,6,,,,"Mathe 4 mol rollen stufe 9"
2026-01-23,Leg Curl Machine,Legs,75.0,kgs,4,,,,""
2026-01-23,Leg Curl Machine,Legs,85.0,kgs,12,,,,""
2026-01-23,Leg Curl Machine,Legs,85.0,kgs,9,,,,""
2026-01-23,Leg Extension Machine,Legs,60.0,kgs,6,,,,"Stufe 6"
2026-01-23,Leg Extension Machine,Legs,75.0,kgs,4,,,,""
2026-01-23,Leg Extension Machine,Legs,90.0,kgs,3,,,,""
2026-01-23,Leg Extension Machine,Legs,105.0,kgs,10,,,,""
2026-01-23,Leg Extension Machine,Legs,105.0,kgs,8,,,,""
2026-01-23,Barbell Squat,Legs,20.0,kgs,12,,,,"Einstellung 2 unter 1"
2026-01-23,Barbell Squat,Legs,60.0,kgs,12,,,,"Tiaf gian"
2026-01-23,Leg Press Calfs,Legs,165.0,kgs,8,,,,"Sufe 11"
2026-01-23,Leg Press Calfs,Legs,237.0,kgs,12,,,,""
2026-01-23,Barbell Squat,Legs,60.0,kgs,12,,,,""
2026-01-23,Barbell Squat,Legs,60.0,kgs,12,,,,""
2026-01-23,Leg Press Calfs,Legs,213.0,kgs,10,,,,""
2026-01-23,Leg Press Calfs,Legs,213.0,kgs,9,,,,""
2026-01-24,Flat Barbell Bench Press,Chest,20.0,kgs,12,,,,""
2026-01-24,Flat Barbell Bench Press,Chest,50.0,kgs,8,,,,""
2026-01-24,Flat Barbell Bench Press,Chest,80.0,kgs,3,,,,""
2026-01-24,Flat Barbell Bench Press,Chest,100.0,kgs,5,,,,""
2026-01-24,Flat Barbell Bench Press,Chest,100.0,kgs,3,,,,""
2026-01-24,Flat Barbell Bench Press,Chest,90.0,kgs,7,,,,""
2026-01-24,Seated Dumbbell Press,Shoulders,22.0,kgs,4,,,,""
2026-01-24,Seated Dumbbell Press,Shoulders,26.0,kgs,10,,,,""
2026-01-24,Seated Dumbbell Press,Shoulders,26.0,kgs,9,,,,""
2026-01-24,Unilateral Triceps Extension,Triceps,40.0,kgs,10,,,,"Rechts unhebn"
2026-01-24,Unilateral Triceps Extension,Triceps,40.0,kgs,9,,,,""
2026-01-24,Unilateral Triceps Extension,Triceps,40.0,kgs,6,,,,""
2026-01-24,Cable Lateral Unilat,Shoulders,30.0,kgs,11,,,,"Links schwächer orm mehr streckn"
2026-01-24,Cable Lateral Unilat,Shoulders,30.0,kgs,10,,,,"Longe pause"
2026-01-24,Cable Lateral Unilat,Shoulders,30.0,kgs,7,,,,""
2026-01-24,Seated Dumbbell Press,Shoulders,26.0,kgs,5,,,,""
2026-01-25,TBar Grode Griffe,Back,55.0,kgs,4,,,,"2te"
2026-01-25,TBar Grode Griffe,Back,65.0,kgs,10,,,,""
2026-01-25,TBar Grode Griffe,Back,65.0,kgs,7,,,,"Kurz pause"
2026-01-25,Low Row,Back,30.0,kgs,11,,,,""
2026-01-25,Low Row,Back,30.0,kgs,10,,,,""
2026-01-25,High Row Unilat,Back,45.0,kgs,8,,,,""
2026-01-25,High Row Unilat,Back,45.0,kgs,8,,,,""
2026-01-25,Golds Gym Biceps Machine Unilat,Biceps,15.0,kgs,6,,,,"Rechts schwächer"
2026-01-25,Golds Gym Biceps Machine Unilat,Biceps,20.0,kgs,10,,,,""
2026-01-25,Golds Gym Biceps Machine Unilat,Biceps,20.0,kgs,8,,,,""
2026-01-25,Dumbell Preacher Hammer Curl,Biceps,14.0,kgs,6,,,,"Erste bizeps sem 14 kg sunscht 12"
2026-01-25,Dumbell Preacher Hammer Curl,Biceps,12.0,kgs,8,,,,""
2026-01-27,Leg Curl Machine,Legs,65.0,kgs,6,,,,"Mathe 4 mol rollen stufe 9"
2026-01-27,Leg Curl Machine,Legs,75.0,kgs,4,,,,""
2026-01-27,Leg Curl Machine,Legs,85.0,kgs,12,,,,""
2026-01-27,Leg Curl Machine,Legs,85.0,kgs,9,,,,""
2026-01-27,Leg Extension Machine,Legs,60.0,kgs,6,,,,"Stufe 6"
2026-01-27,Leg Extension Machine,Legs,75.0,kgs,4,,,,""
2026-01-27,Leg Extension Machine,Legs,90.0,kgs,3,,,,""
2026-01-27,Leg Extension Machine,Legs,105.0,kgs,10,,,,""
2026-01-27,Leg Extension Machine,Legs,105.0,kgs,8,,,,""
2026-01-27,Barbell Squat,Legs,20.0,kgs,12,,,,"Einstellung 2 unter 1"
2026-01-27,Barbell Squat,Legs,60.0,kgs,12,,,,"Tiaf gian"
2026-01-27,Barbell Squat,Legs,60.0,kgs,12,,,,""
2026-01-27,Barbell Squat,Legs,60.0,kgs,12,,,,""
2026-01-27,Leg Press Calfs,Legs,165.0,kgs,8,,,,"Sufe 11"
2026-01-27,Leg Press Calfs,Legs,237.0,kgs,12,,,,""
2026-01-27,Leg Press Calfs,Legs,213.0,kgs,10,,,,""
2026-01-27,Leg Press Calfs,Legs,213.0,kgs,9,,,,""
2026-01-28,Flat Barbell Bench Press,Chest,20.0,kgs,12,,,,""
2026-01-28,Flat Barbell Bench Press,Chest,50.0,kgs,8,,,,""
2026-01-28,Flat Barbell Bench Press,Chest,80.0,kgs,3,,,,""
2026-01-28,Flat Barbell Bench Press,Chest,100.0,kgs,5,,,,""
2026-01-28,Flat Barbell Bench Press,Chest,100.0,kgs,4,,,,""
2026-01-28,Flat Barbell Bench Press,Chest,90.0,kgs,7,,,,""
2026-01-28,Seated Dumbbell Press,Shoulders,22.0,kgs,4,,,,""
2026-01-28,Seated Dumbbell Press,Shoulders,26.0,kgs,10,,,,""
2026-01-28,Seated Dumbbell Press,Shoulders,26.0,kgs,9,,,,""
2026-01-28,Seated Dumbbell Press,Shoulders,26.0,kgs,5,,,,""
2026-01-28,Unilateral Triceps Extension,Triceps,40.0,kgs,10,,,,"Rechts unhebn"
2026-01-28,Unilateral Triceps Extension,Triceps,40.0,kgs,9,,,,""
2026-01-28,Unilateral Triceps Extension,Triceps,40.0,kgs,6,,,,""
2026-01-28,Cable Lateral Unilat,Shoulders,30.0,kgs,11,,,,"Links schwächer orm mehr streckn"
2026-01-28,Cable Lateral Unilat,Shoulders,30.0,kgs,10,,,,"Longe pause"
2026-01-28,Cable Lateral Unilat,Shoulders,30.0,kgs,7,,,,""
2026-01-29,TBar Grode Griffe,Back,40.0,kgs,6,,,,""
2026-01-29,TBar Grode Griffe,Back,55.0,kgs,4,,,,""
2026-01-29,TBar Grode Griffe,Back,65.0,kgs,11,,,,""
2026-01-29,TBar Grode Griffe,Back,65.0,kgs,8,,,,""
2026-01-29,High Row Unilat,Back,45.0,kgs,8,,,,"Rechts unfongen"
2026-01-29,High Row Unilat,Back,45.0,kgs,8,,,,""
2026-01-29,High Row Unilat,Back,45.0,kgs,7,,,,""
2026-01-29,Golds Gym Biceps Machine Unilat,Biceps,15.0,kgs,5,,,,"Rechts schwächer"
2026-01-29,Golds Gym Biceps Machine Unilat,Biceps,20.0,kgs,9,,,,""
2026-01-29,Golds Gym Biceps Machine Unilat,Biceps,20.0,kgs,7,,,,""
2026-01-29,Dumbell Preacher Hammer Curl,Biceps,12.0,kgs,9,,,,"Erste bizeps sem 14 kg sunscht 12"
2026-01-29,Dumbell Preacher Hammer Curl,Biceps,12.0,kgs,8,,,,""
2026-01-29,Deadlift,Back,20.0,kgs,12,,,,""
2026-01-29,Deadlift,Back,60.0,kgs,12,,,,""
2026-01-29,Deadlift,Back,60.0,kgs,12,,,,""
2026-01-29,Deadlift,Back,60.0,kgs,12,,,,""
2026-01-31,Deadlift,Back,60.0,kgs,12,,,,""
2026-01-31,Deadlift,Back,100.0,kgs,10,,,,""
2026-01-31,Deadlift,Back,140.0,kgs,6,,,,""
2026-01-31,TBar Grode Griffe,Back,55.0,kgs,4,,,,""
2026-01-31,TBar Grode Griffe,Back,65.0,kgs,10,,,,""
2026-01-31,TBar Grode Griffe,Back,65.0,kgs,9,,,,""
2026-01-31,High Row Unilat,Back,45.0,kgs,8,,,,"Rechts unfongen"
2026-01-31,High Row Unilat,Back,45.0,kgs,8,,,,""
2026-01-31,High Row Unilat,Back,45.0,kgs,7,,,,""
2026-01-31,Golds Gym Biceps Machine Unilat,Biceps,15.0,kgs,5,,,,"Rechts schwächer"
2026-01-31,Golds Gym Biceps Machine Unilat,Biceps,20.0,kgs,10,,,,""
2026-01-31,Golds Gym Biceps Machine Unilat,Biceps,20.0,kgs,7,,,,""
2026-01-31,Deadlift,Back,160.0,kgs,3,,,,""
2026-01-31,Deadlift,Back,170.0,kgs,1,,,,""
2026-01-31,Golds Gym Biceps Machine Unilat,Biceps,20.0,kgs,7,,,,""
2026-02-02,Flat Barbell Bench Press,Chest,20.0,kgs,12,,,,""
2026-02-02,Flat Barbell Bench Press,Chest,50.0,kgs,8,,,,""
2026-02-02,Flat Barbell Bench Press,Chest,80.0,kgs,3,,,,""
2026-02-02,Flat Barbell Bench Press,Chest,100.0,kgs,5,,,,""
2026-02-02,Flat Barbell Bench Press,Chest,100.0,kgs,4,,,,""
2026-02-02,Flat Barbell Bench Press,Chest,90.0,kgs,7,,,,""
2026-02-02,Seated Dumbbell Press,Shoulders,22.0,kgs,4,,,,""
2026-02-02,Seated Dumbbell Press,Shoulders,26.0,kgs,10,,,,""
2026-02-02,Seated Dumbbell Press,Shoulders,26.0,kgs,9,,,,""
2026-02-02,Seated Dumbbell Press,Shoulders,26.0,kgs,5,,,,""
2026-02-02,Unilateral Triceps Extension,Triceps,40.0,kgs,10,,,,"Rechts unhebn"
2026-02-02,Unilateral Triceps Extension,Triceps,40.0,kgs,9,,,,""
2026-02-02,Unilateral Triceps Extension,Triceps,40.0,kgs,6,,,,""
2026-02-02,Cable Lateral Unilat,Shoulders,30.0,kgs,11,,,,"Links schwächer orm mehr streckn"
2026-02-02,Cable Lateral Unilat,Shoulders,30.0,kgs,10,,,,"Longe pause"
2026-02-02,Cable Lateral Unilat,Shoulders,30.0,kgs,7,,,,""
2026-02-04,Leg Curl Machine,Legs,65.0,kgs,6,,,,"Mathe 4 mol rollen stufe 9"
2026-02-04,Leg Curl Machine,Legs,75.0,kgs,4,,,,""
2026-02-04,Leg Curl Machine,Legs,85.0,kgs,12,,,,""
2026-02-04,Leg Curl Machine,Legs,85.0,kgs,9,,,,""
2026-02-04,Leg Extension Machine,Legs,60.0,kgs,6,,,,"Stufe 6"
2026-02-04,Leg Extension Machine,Legs,75.0,kgs,4,,,,""
2026-02-04,Leg Extension Machine,Legs,90.0,kgs,3,,,,""
2026-02-04,Leg Extension Machine,Legs,105.0,kgs,10,,,,""
2026-02-04,Leg Extension Machine,Legs,105.0,kgs,8,,,,""
2026-02-04,Barbell Squat,Legs,20.0,kgs,12,,,,"Einstellung 2 unter 1"
2026-02-04,Barbell Squat,Legs,60.0,kgs,12,,,,"Tiaf gian"
2026-02-04,Barbell Squat,Legs,60.0,kgs,12,,,,""
2026-02-04,Barbell Squat,Legs,60.0,kgs,12,,,,""
2026-02-04,Leg Press Calfs,Legs,165.0,kgs,8,,,,"Sufe 11"
2026-02-04,Leg Press Calfs,Legs,237.0,kgs,12,,,,""
2026-02-04,Leg Press Calfs,Legs,213.0,kgs,10,,,,""
2026-02-04,Leg Press Calfs,Legs,213.0,kgs,9,,,,""
2026-02-06,TBar Grode Griffe,Back,40.0,kgs,6,,,,""
2026-02-06,TBar Grode Griffe,Back,55.0,kgs,4,,,,""
2026-02-06,TBar Grode Griffe,Back,65.0,kgs,11,,,,""
2026-02-06,TBar Grode Griffe,Back,65.0,kgs,8,,,,""
2026-02-06,High Row Unilat,Back,45.0,kgs,8,,,,"Rechts unfongen"
2026-02-06,High Row Unilat,Back,45.0,kgs,8,,,,""
2026-02-06,High Row Unilat,Back,45.0,kgs,7,,,,""
2026-02-06,Golds Gym Biceps Machine Unilat,Biceps,15.0,kgs,5,,,,"Rechts schwächer"
2026-02-06,Golds Gym Biceps Machine Unilat,Biceps,20.0,kgs,9,,,,""
2026-02-06,Golds Gym Biceps Machine Unilat,Biceps,20.0,kgs,7,,,,""
2026-02-06,Dumbell Preacher Hammer Curl,Biceps,12.0,kgs,9,,,,"Erste bizeps sem 14 kg sunscht 12"
2026-02-06,Dumbell Preacher Hammer Curl,Biceps,12.0,kgs,8,,,,""
2026-02-06,Deadlift,Back,20.0,kgs,12,,,,""
2026-02-06,Deadlift,Back,60.0,kgs,12,,,,""
2026-02-06,Deadlift,Back,60.0,kgs,12,,,,""
2026-02-06,Deadlift,Back,60.0,kgs,12,,,,""
2026-02-08,Flat Barbell Bench Press,Chest,20.0,kgs,12,,,,""
2026-02-08,Flat Barbell Bench Press,Chest,50.0,kgs,8,,,,""
2026-02-08,Flat Barbell Bench Press,Chest,80.0,kgs,3,,,,""
2026-02-08,Flat Barbell Bench Press,Chest,100.0,kgs,5,,,,""
2026-02-08,Flat Barbell Bench Press,Chest,100.0,kgs,4,,,,""
2026-02-08,Flat Barbell Bench Press,Chest,90.0,kgs,7,,,,""
2026-02-08,Seated Dumbbell Press,Shoulders,22.0,kgs,4,,,,""
2026-02-08,Seated Dumbbell Press,Shoulders,26.0,kgs,10,,,,""
2026-02-08,Seated Dumbbell Press,Shoulders,26.0,kgs,9,,,,""
2026-02-08,Seated Dumbbell Press,Shoulders,26.0,kgs,5,,,,""
2026-02-08,Unilateral Triceps Extension,Triceps,40.0,kgs,10,,,,"Rechts unhebn"
2026-02-08,Unilateral Triceps Extension,Triceps,40.0,kgs,9,,,,""
2026-02-08,Unilateral Triceps Extension,Triceps,40.0,kgs,6,,,,""
2026-02-08,Cable Lateral Unilat,Shoulders,30.0,kgs,11,,,,"Links schwächer orm mehr streckn"
2026-02-08,Cable Lateral Unilat,Shoulders,30.0,kgs,10,,,,"Longe pause"
2026-02-08,Cable Lateral Unilat,Shoulders,30.0,kgs,7,,,,""
2026-02-09,Leg Curl Machine,Legs,65.0,kgs,6,,,,"Mathe 4 mol rollen stufe 9"
2026-02-09,Leg Curl Machine,Legs,75.0,kgs,4,,,,""
2026-02-09,Leg Curl Machine,Legs,85.0,kgs,12,,,,""
2026-02-09,Leg Curl Machine,Legs,85.0,kgs,9,,,,""
2026-02-09,Leg Extension Machine,Legs,60.0,kgs,6,,,,"Stufe 6"
2026-02-09,Leg Extension Machine,Legs,75.0,kgs,4,,,,""
2026-02-09,Leg Extension Machine,Legs,90.0,kgs,3,,,,""
2026-02-09,Leg Extension Machine,Legs,105.0,kgs,10,,,,""
2026-02-09,Leg Extension Machine,Legs,105.0,kgs,8,,,,""
2026-02-09,Barbell Squat,Legs,20.0,kgs,12,,,,"Einstellung 2 unter 1"
2026-02-09,Barbell Squat,Legs,60.0,kgs,12,,,,"Tiaf gian"
2026-02-09,Barbell Squat,Legs,60.0,kgs,12,,,,""
2026-02-09,Barbell Squat,Legs,60.0,kgs,12,,,,""
2026-02-09,Leg Press Calfs,Legs,165.0,kgs,8,,,,"Sufe 11"
2026-02-09,Leg Press Calfs,Legs,237.0,kgs,12,,,,""
2026-02-09,Leg Press Calfs,Legs,213.0,kgs,10,,,,""
2026-02-09,Leg Press Calfs,Legs,213.0,kgs,9,,,,""
2026-02-11,Deadlift,Back,20.0,kgs,12,,,,""
2026-02-11,Deadlift,Back,60.0,kgs,12,,,,""
2026-02-11,Deadlift,Back,100.0,kgs,8,,,,""
2026-02-11,Deadlift,Back,130.0,kgs,8,,,,""
2026-02-11,TBar Grode Griffe,Back,40.0,kgs,6,,,,""
2026-02-11,TBar Grode Griffe,Back,55.0,kgs,4,,,,""
2026-02-11,TBar Grode Griffe,Back,65.0,kgs,11,,,,""
2026-02-11,TBar Grode Griffe,Back,65.0,kgs,8,,,,""
2026-02-11,High Row Unilat,Back,45.0,kgs,8,,,,"Rechts unfongen"
2026-02-11,High Row Unilat,Back,45.0,kgs,8,,,,""
2026-02-11,High Row Unilat,Back,45.0,kgs,7,,,,""
2026-02-11,Golds Gym Biceps Machine Unilat,Biceps,15.0,kgs,5,,,,"Rechts schwächer"
2026-02-11,Golds Gym Biceps Machine Unilat,Biceps,20.0,kgs,9,,,,""
2026-02-11,Golds Gym Biceps Machine Unilat,Biceps,20.0,kgs,7,,,,""
2026-02-11,Dumbell Preacher Hammer Curl,Biceps,12.0,kgs,9,,,,"Erste bizeps sem 14 kg sunscht 12"
2026-02-11,Dumbell Preacher Hammer Curl,Biceps,12.0,kgs,8,,,,""
2026-02-13,Flat Barbell Bench Press,Chest,20.0,kgs,12,,,,""
2026-02-13,Flat Barbell Bench Press,Chest,50.0,kgs,8,,,,""
2026-02-13,Flat Barbell Bench Press,Chest,80.0,kgs,3,,,,""
2026-02-13,Flat Barbell Bench Press,Chest,100.0,kgs,5,,,,""
2026-02-13,Flat Barbell Bench Press,Chest,100.0,kgs,4,,,,""
2026-02-13,Flat Barbell Bench Press,Chest,90.0,kgs,7,,,,""
2026-02-13,Seated Dumbbell Press,Shoulders,22.0,kgs,4,,,,""
2026-02-13,Seated Dumbbell Press,Shoulders,26.0,kgs,10,,,,""
2026-02-13,Seated Dumbbell Press,Shoulders,26.0,kgs,9,,,,""
2026-02-13,Seated Dumbbell Press,Shoulders,26.0,kgs,5,,,,""
2026-02-13,Unilateral Triceps Extension,Triceps,40.0,kgs,10,,,,"Rechts unhebn"
2026-02-13,Unilateral Triceps Extension,Triceps,40.0,kgs,9,,,,""
2026-02-13,Unilateral Triceps Extension,Triceps,40.0,kgs,6,,,,""
2026-02-13,Cable Lateral Unilat,Shoulders,30.0,kgs,11,,,,"Links schwächer orm mehr streckn"
2026-02-13,Cable Lateral Unilat,Shoulders,30.0,kgs,10,,,,"Longe pause"
2026-02-13,Cable Lateral Unilat,Shoulders,30.0,kgs,7,,,,""
2026-02-14,Leg Curl Machine,Legs,65.0,kgs,6,,,,"Mathe 4 mol rollen stufe 9"
2026-02-14,Leg Curl Machine,Legs,75.0,kgs,4,,,,""
2026-02-14,Leg Curl Machine,Legs,85.0,kgs,12,,,,""
2026-02-14,Leg Curl Machine,Legs,85.0,kgs,9,,,,""
2026-02-14,Leg Extension Machine,Legs,60.0,kgs,6,,,,"Stufe 6"
2026-02-14,Leg Extension Machine,Legs,75.0,kgs,4,,,,""
2026-02-14,Leg Extension Machine,Legs,90.0,kgs,3,,,,""
2026-02-14,Leg Extension Machine,Legs,105.0,kgs,10,,,,""
2026-02-14,Leg Extension Machine,Legs,105.0,kgs,8,,,,""
2026-02-14,Barbell Squat,Legs,20.0,kgs,12,,,,"Einstellung 2 unter 1"
2026-02-14,Barbell Squat,Legs,60.0,kgs,12,,,,"Tiaf gian"
2026-02-14,Barbell Squat,Legs,60.0,kgs,12,,,,""
2026-02-14,Barbell Squat,Legs,60.0,kgs,12,,,,""
2026-02-14,Leg Press Calfs,Legs,165.0,kgs,8,,,,"Sufe 11"
2026-02-14,Leg Press Calfs,Legs,237.0,kgs,12,,,,""
2026-02-14,Leg Press Calfs,Legs,213.0,kgs,10,,,,""
2026-02-14,Leg Press Calfs,Legs,213.0,kgs,9,,,,""
2026-02-15,Deadlift,Back,20.0,kgs,12,,,,""
2026-02-15,Deadlift,Back,60.0,kgs,12,,,,""
2026-02-15,Deadlift,Back,100.0,kgs,8,,,,""
2026-02-15,Deadlift,Back,130.0,kgs,10,,,,""
2026-02-15,TBar Grode Griffe,Back,40.0,kgs,6,,,,""
2026-02-15,TBar Grode Griffe,Back,55.0,kgs,4,,,,""
2026-02-15,TBar Grode Griffe,Back,65.0,kgs,11,,,,""
2026-02-15,TBar Grode Griffe,Back,65.0,kgs,8,,,,""
2026-02-15,High Row Unilat,Back,45.0,kgs,8,,,,"Rechts unfongen"
2026-02-15,High Row Unilat,Back,45.0,kgs,8,,,,""
2026-02-15,High Row Unilat,Back,45.0,kgs,7,,,,""
2026-02-15,Golds Gym Biceps Machine Unilat,Biceps,15.0,kgs,5,,,,"Rechts schwächer"
2026-02-15,Golds Gym Biceps Machine Unilat,Biceps,20.0,kgs,9,,,,""
2026-02-15,Golds Gym Biceps Machine Unilat,Biceps,20.0,kgs,7,,,,""
2026-02-15,Dumbell Preacher Hammer Curl,Biceps,12.0,kgs,9,,,,"Erste bizeps sem 14 kg sunscht 12"
2026-02-15,Dumbell Preacher Hammer Curl,Biceps,12.0,kgs,8,,,,""
2026-02-15,Deadlift,Back,130.0,kgs,8,,,,""
2026-02-17,Flat Barbell Bench Press,Chest,20.0,kgs,12,,,,""
2026-02-17,Flat Barbell Bench Press,Chest,50.0,kgs,8,,,,""
2026-02-17,Flat Barbell Bench Press,Chest,80.0,kgs,3,,,,""
2026-02-17,Flat Barbell Bench Press,Chest,100.0,kgs,5,,,,""
2026-02-17,Flat Barbell Bench Press,Chest,100.0,kgs,4,,,,""
2026-02-17,Flat Barbell Bench Press,Chest,90.0,kgs,7,,,,""
2026-02-17,Seated Dumbbell Press,Shoulders,22.0,kgs,4,,,,""
2026-02-17,Seated Dumbbell Press,Shoulders,26.0,kgs,10,,,,""
2026-02-17,Seated Dumbbell Press,Shoulders,26.0,kgs,9,,,,""
2026-02-17,Seated Dumbbell Press,Shoulders,26.0,kgs,5,,,,""
2026-02-17,Unilateral Triceps Extension,Triceps,40.0,kgs,10,,,,"Rechts unhebn"
2026-02-17,Unilateral Triceps Extension,Triceps,40.0,kgs,9,,,,""
2026-02-17,Unilateral Triceps Extension,Triceps,40.0,kgs,6,,,,""
2026-02-17,Cable Lateral Unilat,Shoulders,30.0,kgs,11,,,,"Links schwächer orm mehr streckn"
2026-02-17,Cable Lateral Unilat,Shoulders,30.0,kgs,10,,,,"Longe pause"
2026-02-17,Cable Lateral Unilat,Shoulders,30.0,kgs,7,,,,""
2026-02-18,Leg Curl Machine,Legs,65.0,kgs,6,,,,"Mathe 4 mol rollen stufe 9"
2026-02-18,Leg Curl Machine,Legs,75.0,kgs,4,,,,""
2026-02-18,Leg Curl Machine,Legs,85.0,kgs,12,,,,""
2026-02-18,Leg Curl Machine,Legs,85.0,kgs,9,,,,""
2026-02-18,Leg Extension Machine,Legs,60.0,kgs,6,,,,"Stufe 6"
2026-02-18,Leg Extension Machine,Legs,75.0,kgs,4,,,,""
2026-02-18,Leg Extension Machine,Legs,90.0,kgs,3,,,,""
2026-02-18,Leg Extension Machine,Legs,105.0,kgs,10,,,,""
2026-02-18,Leg Extension Machine,Legs,105.0,kgs,8,,,,""
2026-02-18,Barbell Squat,Legs,20.0,kgs,12,,,,"Einstellung 2 unter 1"
2026-02-18,Barbell Squat,Legs,60.0,kgs,12,,,,"Tiaf gian"
2026-02-18,Barbell Squat,Legs,60.0,kgs,12,,,,""
2026-02-18,Barbell Squat,Legs,60.0,kgs,12,,,,""
2026-02-18,Leg Press Calfs,Legs,165.0,kgs,8,,,,"Sufe 11"
2026-02-18,Leg Press Calfs,Legs,237.0,kgs,12,,,,""
2026-02-18,Leg Press Calfs,Legs,213.0,kgs,10,,,,""
2026-02-18,Leg Press Calfs,Legs,213.0,kgs,9,,,,""
2026-02-20,Deadlift,Back,20.0,kgs,12,,,,""
2026-02-20,Deadlift,Back,60.0,kgs,12,,,,""
2026-02-20,Deadlift,Back,100.0,kgs,8,,,,""
2026-02-20,Deadlift,Back,130.0,kgs,12,,,,""
2026-02-20,Deadlift,Back,130.0,kgs,8,,,,""
2026-02-20,TBar Grode Griffe,Back,40.0,kgs,6,,,,""
2026-02-20,TBar Grode Griffe,Back,55.0,kgs,4,,,,""
2026-02-20,TBar Grode Griffe,Back,65.0,kgs,11,,,,""
2026-02-20,TBar Grode Griffe,Back,65.0,kgs,8,,,,""
2026-02-20,High Row Unilat,Back,45.0,kgs,8,,,,"Rechts unfongen"
2026-02-20,High Row Unilat,Back,45.0,kgs,8,,,,""
2026-02-20,High Row Unilat,Back,45.0,kgs,7,,,,""
2026-02-20,Golds Gym Biceps Machine Unilat,Biceps,15.0,kgs,5,,,,"Rechts schwächer"
2026-02-20,Golds Gym Biceps Machine Unilat,Biceps,20.0,kgs,9,,,,""
2026-02-20,Golds Gym Biceps Machine Unilat,Biceps,20.0,kgs,7,,,,""
2026-02-20,Dumbell Preacher Hammer Curl,Biceps,12.0,kgs,9,,,,"Erste bizeps sem 14 kg sunscht 12"
2026-02-20,Dumbell Preacher Hammer Curl,Biceps,12.0,kgs,8,,,,""
2026-02-21,Flat Barbell Bench Press,Chest,20.0,kgs,12,,,,""
2026-02-21,Flat Barbell Bench Press,Chest,50.0,kgs,8,,,,""
2026-02-21,Flat Barbell Bench Press,Chest,80.0,kgs,3,,,,""
2026-02-21,Flat Barbell Bench Press,Chest,100.0,kgs,5,,,,""
2026-02-21,Flat Barbell Bench Press,Chest,100.0,kgs,4,,,,""
2026-02-21,Flat Barbell Bench Press,Chest,90.0,kgs,7,,,,""
2026-02-21,Seated Dumbbell Press,Shoulders,22.0,kgs,4,,,,""
2026-02-21,Seated Dumbbell Press,Shoulders,26.0,kgs,10,,,,""
2026-02-21,Seated Dumbbell Press,Shoulders,26.0,kgs,9,,,,""
2026-02-21,Seated Dumbbell Press,Shoulders,26.0,kgs,5,,,,""
2026-02-21,Unilateral Triceps Extension,Triceps,40.0,kgs,10,,,,"Rechts unhebn"
2026-02-21,Unilateral Triceps Extension,Triceps,40.0,kgs,9,,,,""
2026-02-21,Unilateral Triceps Extension,Triceps,40.0,kgs,6,,,,""
2026-02-21,Cable Lateral Unilat,Shoulders,30.0,kgs,11,,,,"Links schwächer orm mehr streckn"
2026-02-21,Cable Lateral Unilat,Shoulders,30.0,kgs,10,,,,"Longe pause"
2026-02-21,Cable Lateral Unilat,Shoulders,30.0,kgs,7,,,,""
2026-02-23,Leg Curl Machine,Legs,65.0,kgs,6,,,,"Mathe 4 mol rollen stufe 9"
2026-02-23,Leg Curl Machine,Legs,75.0,kgs,4,,,,""
2026-02-23,Leg Curl Machine,Legs,85.0,kgs,12,,,,""
2026-02-23,Leg Curl Machine,Legs,85.0,kgs,9,,,,""
2026-02-23,Leg Extension Machine,Legs,60.0,kgs,6,,,,"Stufe 6"
2026-02-23,Leg Extension Machine,Legs,75.0,kgs,4,,,,""
2026-02-23,Leg Extension Machine,Legs,90.0,kgs,3,,,,""
2026-02-23,Leg Extension Machine,Legs,105.0,kgs,10,,,,""
2026-02-23,Leg Extension Machine,Legs,105.0,kgs,8,,,,""
2026-02-23,Barbell Squat,Legs,20.0,kgs,12,,,,"Einstellung 2 unter 1"
2026-02-23,Barbell Squat,Legs,60.0,kgs,12,,,,"Tiaf gian"
2026-02-23,Barbell Squat,Legs,85.0,kgs,12,,,,""
2026-02-23,Barbell Squat,Legs,85.0,kgs,8,,,,""
2026-02-23,Leg Press Calfs,Legs,165.0,kgs,8,,,,"Sufe 11"
2026-02-23,Leg Press Calfs,Legs,237.0,kgs,12,,,,""
2026-02-23,Leg Press Calfs,Legs,213.0,kgs,10,,,,""
2026-02-23,Leg Press Calfs,Legs,213.0,kgs,9,,,,""
2026-02-27,Deadlift,Back,20.0,kgs,12,,,,""
2026-02-27,Deadlift,Back,60.0,kgs,12,,,,""
2026-02-27,Deadlift,Back,100.0,kgs,8,,,,""
2026-02-27,Deadlift,Back,130.0,kgs,12,,,,""
2026-02-27,Deadlift,Back,130.0,kgs,8,,,,""
2026-02-27,TBar Grode Griffe,Back,40.0,kgs,6,,,,""
2026-02-27,TBar Grode Griffe,Back,55.0,kgs,4,,,,""
2026-02-27,TBar Grode Griffe,Back,65.0,kgs,11,,,,""
2026-02-27,TBar Grode Griffe,Back,65.0,kgs,8,,,,""
2026-02-27,High Row Unilat,Back,45.0,kgs,8,,,,"Rechts unfongen"
2026-02-27,High Row Unilat,Back,45.0,kgs,8,,,,""
2026-02-27,High Row Unilat,Back,45.0,kgs,7,,,,""
2026-02-27,Golds Gym Biceps Machine Unilat,Biceps,15.0,kgs,5,,,,"Rechts schwächer"
2026-02-27,Golds Gym Biceps Machine Unilat,Biceps,20.0,kgs,9,,,,""
2026-02-27,Golds Gym Biceps Machine Unilat,Biceps,20.0,kgs,7,,,,""
2026-02-27,Dumbell Preacher Hammer Curl,Biceps,12.0,kgs,9,,,,"Erste bizeps sem 14 kg sunscht 12"
2026-02-27,Dumbell Preacher Hammer Curl,Biceps,12.0,kgs,8,,,,""
2026-02-28,Incline Dumbbell Bench Press,Chest,26.0,kgs,8,,,,""
2026-02-28,Incline Dumbbell Bench Press,Chest,36.0,kgs,10,,,,""
2026-02-28,Incline Dumbbell Bench Press,Chest,36.0,kgs,8,,,,""
2026-02-28,Seated Dumbbell Press,Shoulders,22.0,kgs,4,,,,""
2026-02-28,Seated Dumbbell Press,Shoulders,26.0,kgs,10,,,,""
2026-02-28,Seated Dumbbell Press,Shoulders,26.0,kgs,9,,,,""
2026-02-28,Seated Dumbbell Press,Shoulders,26.0,kgs,5,,,,""
2026-02-28,Unilateral Triceps Extension,Triceps,40.0,kgs,10,,,,"Rechts unhebn"
2026-02-28,Unilateral Triceps Extension,Triceps,40.0,kgs,9,,,,""
2026-02-28,Unilateral Triceps Extension,Triceps,40.0,kgs,6,,,,""
2026-02-28,Cable Lateral Unilat,Shoulders,30.0,kgs,11,,,,"Links schwächer orm mehr streckn"
2026-02-28,Cable Lateral Unilat,Shoulders,30.0,kgs,10,,,,"Longe pause"
2026-02-28,Cable Lateral Unilat,Shoulders,30.0,kgs,7,,,,""
2026-03-01,Leg Curl Machine,Legs,65.0,kgs,6,,,,"Mathe 4 mol rollen stufe 9"
2026-03-01,Leg Curl Machine,Legs,75.0,kgs,4,,,,""
2026-03-01,Leg Curl Machine,Legs,85.0,kgs,12,,,,""
2026-03-01,Leg Curl Machine,Legs,85.0,kgs,9,,,,""
2026-03-01,Leg Extension Machine,Legs,60.0,kgs,6,,,,"Stufe 6"
2026-03-01,Leg Extension Machine,Legs,75.0,kgs,4,,,,""
2026-03-01,Leg Extension Machine,Legs,90.0,kgs,3,,,,""
2026-03-01,Leg Extension Machine,Legs,105.0,kgs,10,,,,""
2026-03-01,Leg Extension Machine,Legs,105.0,kgs,8,,,,""
2026-03-01,Barbell Squat,Legs,20.0,kgs,12,,,,"Einstellung 2 unter 1"
2026-03-01,Barbell Squat,Legs,60.0,kgs,12,,,,"Tiaf gian"
2026-03-01,Barbell Squat,Legs,90.0,kgs,12,,,,""
2026-03-01,Barbell Squat,Legs,90.0,kgs,9,,,,""
2026-03-01,Leg Press Calfs,Legs,165.0,kgs,8,,,,"Sufe 11"
2026-03-01,Leg Press Calfs,Legs,237.0,kgs,12,,,,""
2026-03-01,Leg Press Calfs,Legs,213.0,kgs,10,,,,""
2026-03-01,Leg Press Calfs,Legs,213.0,kgs,9,,,,""
2026-03-03,Deadlift,Back,20.0,kgs,12,,,,""
2026-03-03,Deadlift,Back,60.0,kgs,12,,,,""
2026-03-03,Deadlift,Back,100.0,kgs,8,,,,""
2026-03-03,Deadlift,Back,135.0,kgs,12,,,,""
2026-03-03,Deadlift,Back,135.0,kgs,8,,,,""
2026-03-03,TBar Grode Griffe,Back,40.0,kgs,6,,,,""
2026-03-03,TBar Grode Griffe,Back,55.0,kgs,4,,,,""
2026-03-03,TBar Grode Griffe,Back,65.0,kgs,11,,,,""
2026-03-03,TBar Grode Griffe,Back,65.0,kgs,8,,,,""
2026-03-03,High Row Unilat,Back,45.0,kgs,8,,,,"Rechts unfongen"
2026-03-03,High Row Unilat,Back,45.0,kgs,8,,,,""
2026-03-03,High Row Unilat,Back,45.0,kgs,7,,,,""
2026-03-03,Golds Gym Biceps Machine Unilat,Biceps,15.0,kgs,5,,,,"Rechts schwächer"
2026-03-03,Golds Gym Biceps Machine Unilat,Biceps,20.0,kgs,9,,,,""
2026-03-03,Golds Gym Biceps Machine Unilat,Biceps,20.0,kgs,7,,,,""
2026-03-03,Dumbell Preacher Hammer Curl,Biceps,12.0,kgs,9,,,,"Erste bizeps sem 14 kg sunscht 12"
2026-03-03,Dumbell Preacher Hammer Curl,Biceps,12.0,kgs,8,,,,""
2026-03-04,Incline Dumbbell Bench Press,Chest,26.0,kgs,8,,,,""
2026-03-04,Incline Dumbbell Bench Press,Chest,36.0,kgs,10,,,,""
2026-03-04,Incline Dumbbell Bench Press,Chest,36.0,kgs,8,,,,""
2026-03-04,Seated Dumbbell Press,Shoulders,22.0,kgs,4,,,,""
2026-03-04,Seated Dumbbell Press,Shoulders,26.0,kgs,10,,,,""
2026-03-04,Seated Dumbbell Press,Shoulders,26.0,kgs,9,,,,""
2026-03-04,Seated Dumbbell Press,Shoulders,26.0,kgs,5,,,,""
2026-03-04,Unilateral Triceps Extension,Triceps,40.0,kgs,10,,,,"Rechts unhebn"
2026-03-04,Unilateral Triceps Extension,Triceps,40.0,kgs,9,,,,""
2026-03-04,Unilateral Triceps Extension,Triceps,40.0,kgs,6,,,,""
2026-03-04,Cable Lateral Unilat,Shoulders,30.0,kgs,11,,,,"Links schwächer orm mehr streckn"
2026-03-04,Cable Lateral Unilat,Shoulders,30.0,kgs,10,,,,"Longe pause"
2026-03-04,Cable Lateral Unilat,Shoulders,30.0,kgs,7,,,,""
2026-03-06,Leg Curl Machine,Legs,65.0,kgs,6,,,,"Mathe 4 mol rollen stufe 9"
2026-03-06,Leg Curl Machine,Legs,75.0,kgs,4,,,,""
2026-03-06,Leg Curl Machine,Legs,85.0,kgs,12,,,,""
2026-03-06,Leg Curl Machine,Legs,85.0,kgs,9,,,,""
2026-03-06,Leg Extension Machine,Legs,60.0,kgs,6,,,,"Stufe 6"
2026-03-06,Leg Extension Machine,Legs,75.0,kgs,4,,,,""
2026-03-06,Leg Extension Machine,Legs,90.0,kgs,3,,,,""
2026-03-06,Leg Extension Machine,Legs,105.0,kgs,10,,,,""
2026-03-06,Leg Extension Machine,Legs,105.0,kgs,8,,,,""
2026-03-06,Barbell Squat,Legs,20.0,kgs,12,,,,"Einstellung 2 unter 1"
2026-03-06,Barbell Squat,Legs,60.0,kgs,12,,,,"Tiaf gian"
2026-03-06,Barbell Squat,Legs,90.0,kgs,12,,,,""
2026-03-06,Barbell Squat,Legs,90.0,kgs,9,,,,""
2026-03-06,Leg Press Calfs,Legs,165.0,kgs,8,,,,"Sufe 11"
2026-03-06,Leg Press Calfs,Legs,237.0,kgs,12,,,,""
2026-03-06,Leg Press Calfs,Legs,213.0,kgs,10,,,,""
2026-03-06,Leg Press Calfs,Legs,213.0,kgs,9,,,,""
2026-03-07,Deadlift,Back,20.0,kgs,12,,,,""
2026-03-07,Deadlift,Back,60.0,kgs,12,,,,""
2026-03-07,Deadlift,Back,100.0,kgs,8,,,,""
2026-03-07,Deadlift,Back,135.0,kgs,12,,,,""
2026-03-07,Deadlift,Back,135.0,kgs,8,,,,""
2026-03-07,TBar Grode Griffe,Back,40.0,kgs,6,,,,""
2026-03-07,TBar Grode Griffe,Back,55.0,kgs,4,,,,""
2026-03-07,TBar Grode Griffe,Back,65.0,kgs,11,,,,""
2026-03-07,TBar Grode Griffe,Back,65.0,kgs,8,,,,""
2026-03-07,High Row Unilat,Back,45.0,kgs,8,,,,"Rechts unfongen"
2026-03-07,High Row Unilat,Back,45.0,kgs,8,,,,""
2026-03-07,High Row Unilat,Back,45.0,kgs,7,,,,""
2026-03-07,Golds Gym Biceps Machine Unilat,Biceps,15.0,kgs,5,,,,"Rechts schwächer"
2026-03-07,Golds Gym Biceps Machine Unilat,Biceps,20.0,kgs,9,,,,""
2026-03-07,Golds Gym Biceps Machine Unilat,Biceps,20.0,kgs,7,,,,""
2026-03-07,Dumbell Preacher Hammer Curl,Biceps,12.0,kgs,9,,,,"Erste bizeps sem 14 kg sunscht 12"
2026-03-07,Dumbell Preacher Hammer Curl,Biceps,12.0,kgs,8,,,,""
2026-03-09,Incline Dumbbell Bench Press,Chest,26.0,kgs,8,,,,""
2026-03-09,Incline Dumbbell Bench Press,Chest,36.0,kgs,10,,,,""
2026-03-09,Incline Dumbbell Bench Press,Chest,36.0,kgs,8,,,,""
2026-03-09,Seated Dumbbell Press,Shoulders,22.0,kgs,4,,,,""
2026-03-09,Seated Dumbbell Press,Shoulders,26.0,kgs,10,,,,""
2026-03-09,Seated Dumbbell Press,Shoulders,26.0,kgs,9,,,,""
2026-03-09,Seated Dumbbell Press,Shoulders,26.0,kgs,5,,,,""
2026-03-09,Unilateral Triceps Extension,Triceps,40.0,kgs,10,,,,"Rechts unhebn"
2026-03-09,Unilateral Triceps Extension,Triceps,40.0,kgs,9,,,,""
2026-03-09,Unilateral Triceps Extension,Triceps,40.0,kgs,6,,,,""
2026-03-09,Cable Lateral Unilat,Shoulders,30.0,kgs,11,,,,"Links schwächer orm mehr streckn"
2026-03-09,Cable Lateral Unilat,Shoulders,30.0,kgs,10,,,,"Longe pause"
2026-03-09,Cable Lateral Unilat,Shoulders,30.0,kgs,7,,,,""
2026-03-11,Leg Curl Machine,Legs,65.0,kgs,6,,,,"Mathe 4 mol rollen stufe 9"
2026-03-11,Leg Curl Machine,Legs,75.0,kgs,4,,,,""
2026-03-11,Leg Curl Machine,Legs,85.0,kgs,12,,,,""
2026-03-11,Leg Curl Machine,Legs,85.0,kgs,9,,,,""
2026-03-11,Leg Extension Machine,Legs,60.0,kgs,6,,,,"Stufe 6"
2026-03-11,Leg Extension Machine,Legs,75.0,kgs,4,,,,""
2026-03-11,Leg Extension Machine,Legs,90.0,kgs,3,,,,""
2026-03-11,Leg Extension Machine,Legs,105.0,kgs,10,,,,""
2026-03-11,Leg Extension Machine,Legs,105.0,kgs,8,,,,""
2026-03-11,Barbell Squat,Legs,20.0,kgs,12,,,,"Einstellung 2 unter 1"
2026-03-11,Barbell Squat,Legs,60.0,kgs,12,,,,"Tiaf gian"
2026-03-11,Barbell Squat,Legs,95.0,kgs,13,,,,""
2026-03-11,Barbell Squat,Legs,95.0,kgs,6,,,,"Paused"
2026-03-11,Leg Press Calfs,Legs,165.0,kgs,8,,,,"Sufe 11"
2026-03-11,Leg Press Calfs,Legs,237.0,kgs,12,,,,""
2026-03-11,Leg Press Calfs,Legs,213.0,kgs,10,,,,""
2026-03-11,Leg Press Calfs,Legs,213.0,kgs,9,,,,""
2026-03-13,Deadlift,Back,20.0,kgs,12,,,,""
2026-03-13,Deadlift,Back,60.0,kgs,12,,,,""
2026-03-13,Deadlift,Back,100.0,kgs,8,,,,""
2026-03-13,Deadlift,Back,135.0,kgs,12,,,,""
2026-03-13,Deadlift,Back,135.0,kgs,8,,,,""
2026-03-13,TBar Grode Griffe,Back,40.0,kgs,6,,,,""
2026-03-13,TBar Grode Griffe,Back,55.0,kgs,4,,,,""
2026-03-13,TBar Grode Griffe,Back,65.0,kgs,11,,,,""
2026-03-13,TBar Grode Griffe,Back,65.0,kgs,8,,,,""
2026-03-13,High Row Unilat,Back,45.0,kgs,8,,,,"Rechts unfongen"
2026-03-13,High Row Unilat,Back,45.0,kgs,8,,,,""
2026-03-13,High Row Unilat,Back,45.0,kgs,7,,,,""
2026-03-13,Golds Gym Biceps Machine Unilat,Biceps,15.0,kgs,5,,,,"Rechts schwächer"
2026-03-13,Golds Gym Biceps Machine Unilat,Biceps,20.0,kgs,9,,,,""
2026-03-13,Golds Gym Biceps Machine Unilat,Biceps,20.0,kgs,7,,,,""
2026-03-13,Dumbell Preacher Hammer Curl,Biceps,12.0,kgs,9,,,,"Erste bizeps sem 14 kg sunscht 12"
2026-03-13,Dumbell Preacher Hammer Curl,Biceps,12.0,kgs,8,,,,""
2026-03-15,Incline Dumbbell Bench Press,Chest,26.0,kgs,8,,,,""
2026-03-15,Incline Dumbbell Bench Press,Chest,36.0,kgs,10,,,,""
2026-03-15,Incline Dumbbell Bench Press,Chest,36.0,kgs,8,,,,""
2026-03-15,Seated Dumbbell Press,Shoulders,22.0,kgs,4,,,,""
2026-03-15,Seated Dumbbell Press,Shoulders,26.0,kgs,10,,,,""
2026-03-15,Seated Dumbbell Press,Shoulders,26.0,kgs,9,,,,""
2026-03-15,Seated Dumbbell Press,Shoulders,26.0,kgs,5,,,,""
2026-03-15,Unilateral Triceps Extension,Triceps,40.0,kgs,10,,,,"Rechts unhebn"
2026-03-15,Unilateral Triceps Extension,Triceps,40.0,kgs,9,,,,""
2026-03-15,Unilateral Triceps Extension,Triceps,40.0,kgs,6,,,,""
2026-03-15,Cable Lateral Unilat,Shoulders,30.0,kgs,11,,,,"Links schwächer orm mehr streckn"
2026-03-15,Cable Lateral Unilat,Shoulders,30.0,kgs,10,,,,"Longe pause"
2026-03-15,Cable Lateral Unilat,Shoulders,30.0,kgs,7,,,,""
2026-03-16,Leg Curl Machine,Legs,65.0,kgs,6,,,,"Mathe 4 mol rollen stufe 9"
2026-03-16,Leg Curl Machine,Legs,75.0,kgs,4,,,,""
2026-03-16,Leg Curl Machine,Legs,85.0,kgs,12,,,,""
2026-03-16,Leg Curl Machine,Legs,85.0,kgs,9,,,,""
2026-03-16,Leg Extension Machine,Legs,60.0,kgs,6,,,,"Stufe 6"
2026-03-16,Leg Extension Machine,Legs,75.0,kgs,4,,,,""
2026-03-16,Leg Extension Machine,Legs,90.0,kgs,3,,,,""
2026-03-16,Leg Extension Machine,Legs,105.0,kgs,10,,,,""
2026-03-16,Leg Extension Machine,Legs,105.0,kgs,8,,,,""
2026-03-16,Barbell Squat,Legs,20.0,kgs,12,,,,"Einstellung 2 unter 1"
2026-03-16,Barbell Squat,Legs,60.0,kgs,12,,,,"Tiaf gian"
2026-03-16,Barbell Squat,Legs,95.0,kgs,13,,,,""
2026-03-16,Barbell Squat,Legs,95.0,kgs,6,,,,"Paused"
2026-03-16,Leg Press Calfs,Legs,165.0,kgs,8,,,,"Sufe 11"
2026-03-16,Leg Press Calfs,Legs,237.0,kgs,12,,,,""
2026-03-16,Leg Press Calfs,Legs,213.0,kgs,10,,,,""
2026-03-16,Leg Press Calfs,Legs,213.0,kgs,9,,,,""
2026-03-18,Deadlift,Back,20.0,kgs,12,,,,""
2026-03-18,Deadlift,Back,60.0,kgs,12,,,,""
2026-03-18,Deadlift,Back,100.0,kgs,8,,,,""
2026-03-18,Deadlift,Back,140.0,kgs,12,,,,""
2026-03-18,Deadlift,Back,140.0,kgs,8,,,,""
2026-03-18,TBar Grode Griffe,Back,40.0,kgs,6,,,,""
2026-03-18,TBar Grode Griffe,Back,55.0,kgs,4,,,,""
2026-03-18,TBar Grode Griffe,Back,65.0,kgs,11,,,,""
2026-03-18,TBar Grode Griffe,Back,65.0,kgs,8,,,,""
2026-03-18,High Row Unilat,Back,45.0,kgs,8,,,,"Rechts unfongen"
2026-03-18,High Row Unilat,Back,45.0,kgs,8,,,,""
2026-03-18,High Row Unilat,Back,45.0,kgs,7,,,,""
2026-03-18,Golds Gym Biceps Machine Unilat,Biceps,15.0,kgs,5,,,,"Rechts schwächer"
2026-03-18,Golds Gym Biceps Machine Unilat,Biceps,20.0,kgs,9,,,,""
2026-03-18,Golds Gym Biceps Machine Unilat,Biceps,20.0,kgs,7,,,,""
2026-03-18,Dumbell Preacher Hammer Curl,Biceps,12.0,kgs,9,,,,"Erste bizeps sem 14 kg sunscht 12"
2026-03-18,Dumbell Preacher Hammer Curl,Biceps,12.0,kgs,8,,,,""
2026-03-20,Incline Dumbbell Bench Press,Chest,26.0,kgs,8,,,,""
2026-03-20,Incline Dumbbell Bench Press,Chest,36.0,kgs,12,,,,""
2026-03-20,Incline Dumbbell Bench Press,Chest,36.0,kgs,8,,,,""
2026-03-20,Seated Dumbbell Press,Shoulders,22.0,kgs,4,,,,""
2026-03-20,Seated Dumbbell Press,Shoulders,26.0,kgs,10,,,,""
2026-03-20,Seated Dumbbell Press,Shoulders,26.0,kgs,9,,,,""
2026-03-20,Seated Dumbbell Press,Shoulders,26.0,kgs,5,,,,""
2026-03-20,Unilateral Triceps Extension,Triceps,40.0,kgs,10,,,,"Rechts unhebn"
2026-03-20,Unilateral Triceps Extension,Triceps,40.0,kgs,9,,,,""
2026-03-20,Unilateral Triceps Extension,Triceps,40.0,kgs,6,,,,""
2026-03-20,Cable Lateral Unilat,Shoulders,30.0,kgs,11,,,,"Links schwächer orm mehr streckn"
2026-03-20,Cable Lateral Unilat,Shoulders,30.0,kgs,10,,,,"Longe pause"
2026-03-20,Cable Lateral Unilat,Shoulders,30.0,kgs,7,,,,""
2026-03-22,Leg Curl Machine,Legs,65.0,kgs,6,,,,"Mathe 4 mol rollen stufe 9"
2026-03-22,Leg Curl Machine,Legs,75.0,kgs,4,,,,""
2026-03-22,Leg Curl Machine,Legs,85.0,kgs,12,,,,""
2026-03-22,Leg Curl Machine,Legs,85.0,kgs,9,,,,""
2026-03-22,Leg Extension Machine,Legs,60.0,kgs,6,,,,"Stufe 6"
2026-03-22,Leg Extension Machine,Legs,75.0,kgs,4,,,,""
2026-03-22,Leg Extension Machine,Legs,90.0,kgs,3,,,,""
2026-03-22,Leg Extension Machine,Legs,105.0,kgs,10,,,,""
2026-03-22,Leg Extension Machine,Legs,105.0,kgs,8,,,,""
2026-03-22,Barbell Squat,Legs,20.0,kgs,12,,,,""
2026-03-22,Barbell Squat,Legs,60.0,kgs,12,,,,""
2026-03-22,Barbell Squat,Legs,100.0,kgs,12,,,,""
2026-03-22,Barbell Squat,Legs,100.0,kgs,6,,,,"Paused"
2026-03-22,Leg Press Calfs,Legs,165.0,kgs,8,,,,"Sufe 11"
2026-03-22,Leg Press Calfs,Legs,237.0,kgs,12,,,,""
2026-03-22,Leg Press Calfs,Legs,213.0,kgs,10,,,,""
2026-03-22,Leg Press Calfs,Legs,213.0,kgs,9,,,,""
2026-03-23,TBar Grode Griffe,Back,40.0,kgs,6,,,,""
2026-03-23,TBar Grode Griffe,Back,55.0,kgs,4,,,,""
2026-03-23,TBar Grode Griffe,Back,65.0,kgs,11,,,,""
2026-03-23,TBar Grode Griffe,Back,65.0,kgs,8,,,,""
2026-03-23,High Row Unilat,Back,45.0,kgs,8,,,,"Rechts unfongen"
2026-03-23,High Row Unilat,Back,45.0,kgs,8,,,,""
2026-03-23,High Row Unilat,Back,45.0,kgs,7,,,,""
2026-03-23,Golds Gym Biceps Machine Unilat,Biceps,15.0,kgs,5,,,,"Rechts schwächer"
2026-03-23,Golds Gym Biceps Machine Unilat,Biceps,20.0,kgs,9,,,,""
2026-03-23,Golds Gym Biceps Machine Unilat,Biceps,20.0,kgs,7,,,,""
2026-03-23,Dumbell Preacher Hammer Curl,Biceps,12.0,kgs,9,,,,"Erste bizeps sem 14 kg sunscht 12"
2026-03-23,Dumbell Preacher Hammer Curl,Biceps,12.0,kgs,8,,,,""
2026-03-24,Incline Dumbbell Bench Press,Chest,26.0,kgs,8,,,,""
2026-03-24,Incline Dumbbell Bench Press,Chest,36.0,kgs,12,,,,""
2026-03-24,Incline Dumbbell Bench Press,Chest,36.0,kgs,8,,,,""
2026-03-24,Seated Dumbbell Press,Shoulders,26.0,kgs,10,,,,""
2026-03-24,Seated Dumbbell Press,Shoulders,26.0,kgs,9,,,,""
2026-03-24,Cable Overhead Triceps Extension,Triceps,50.0,kgs,10,,,,""
2026-03-24,Cable Overhead Triceps Extension,Triceps,50.0,kgs,9,,,,""
2026-03-24,Cable Lateral Unilat,Shoulders,35.0,kgs,11,,,,"Links schwächer orm mehr streckn"
2026-03-24,Cable Lateral Unilat,Shoulders,35.0,kgs,10,,,,"Longe pause"
2026-03-27,Leg Curl Machine,Legs,65.0,kgs,6,,,,"Mathe 4 mol rollen stufe 9"
2026-03-27,Leg Curl Machine,Legs,75.0,kgs,4,,,,""
2026-03-27,Leg Curl Machine,Legs,85.0,kgs,12,,,,""
2026-03-27,Leg Curl Machine,Legs,85.0,kgs,9,,,,""
2026-03-27,Leg Extension Machine,Legs,60.0,kgs,6,,,,"Stufe 6"
2026-03-27,Leg Extension Machine,Legs,75.0,kgs,4,,,,""
2026-03-27,Leg Extension Machine,Legs,90.0,kgs,3,,,,""
2026-03-27,Leg Extension Machine,Legs,105.0,kgs,10,,,,""
2026-03-27,Leg Extension Machine,Legs,105.0,kgs,8,,,,""
2026-03-27,Barbell Squat,Legs,20.0,kgs,12,,,,""
2026-03-27,Barbell Squat,Legs,60.0,kgs,12,,,,""
2026-03-27,Barbell Squat,Legs,100.0,kgs,12,,,,""
2026-03-27,Barbell Squat,Legs,100.0,kgs,6,,,,"Paused"
2026-03-27,Leg Press Calfs,Legs,165.0,kgs,8,,,,"Sufe 11"
2026-03-27,Leg Press Calfs,Legs,237.0,kgs,12,,,,""
2026-03-27,Leg Press Calfs,Legs,213.0,kgs,10,,,,""
2026-03-27,Leg Press Calfs,Legs,213.0,kgs,9,,,,""
2026-03-28,Incline Dumbbell Bench Press,Chest,26.0,kgs,8,,,,""
2026-03-28,Incline Dumbbell Bench Press,Chest,38.0,kgs,9,,,,""
2026-03-28,Incline Dumbbell Bench Press,Chest,38.0,kgs,6,,,,""
2026-03-28,Seated Dumbbell Press,Shoulders,26.0,kgs,10,,,,""
2026-03-28,Seated Dumbbell Press,Shoulders,26.0,kgs,9,,,,""
2026-03-28,Cable Overhead Triceps Extension,Triceps,50.0,kgs,10,,,,""
2026-03-28,Cable Overhead Triceps Extension,Triceps,50.0,kgs,9,,,,""
2026-03-28,Cable Lateral Unilat,Shoulders,35.0,kgs,11,,,,"Links schwächer orm mehr streckn"
2026-03-28,Cable Lateral Unilat,Shoulders,35.0,kgs,10,,,,"Longe pause"
2026-04-01,Leg Curl Machine,Legs,70.0,kgs,6,,,,"Mathe 4 mol rollen stufe 9"
2026-04-01,Leg Curl Machine,Legs,85.0,kgs,4,,,,""
2026-04-01,Leg Curl Machine,Legs,95.0,kgs,10,,,,""
2026-04-01,Leg Curl Machine,Legs,95.0,kgs,9,,,,""
2026-04-01,Leg Extension Machine,Legs,60.0,kgs,6,,,,"Stufe 6"
2026-04-01,Leg Extension Machine,Legs,75.0,kgs,4,,,,""
2026-04-01,Leg Extension Machine,Legs,90.0,kgs,3,,,,""
2026-04-01,Leg Extension Machine,Legs,105.0,kgs,10,,,,""
2026-04-01,Leg Extension Machine,Legs,105.0,kgs,7,,,,""
2026-04-01,Barbell Squat,Legs,60.0,kgs,8,,,,""
2026-04-01,Barbell Squat,Legs,80.0,kgs,4,,,,""
2026-04-01,Barbell Squat,Legs,100.0,kgs,2,,,,""
2026-04-01,Barbell Squat,Legs,120.0,kgs,4,,,,"Paused"
2026-04-01,Barbell Squat,Legs,120.0,kgs,3,,,,""
2026-04-01,Barbell Squat,Legs,110.0,kgs,3,,,,""
2026-04-01,Leg Press Komisch,Legs,200.0,kgs,6,,,,""
2026-04-01,Leg Press Komisch,Legs,240.0,kgs,4,,,,""
2026-04-01,Leg Press Komisch,Legs,260.0,kgs,2,,,,""
2026-04-01,Leg Press Komisch,Legs,280.0,kgs,2,,,,""
2026-04-01,Leg Press Komisch,Legs,300.0,kgs,8,,,,""
2026-04-01,Leg Press Komisch,Legs,300.0,kgs,6,,,,""
2026-04-01,Leg Press Calfs,Legs,165.0,kgs,8,,,,"Sufe 11"
2026-04-01,Leg Press Calfs,Legs,237.0,kgs,12,,,,""
2026-04-01,Leg Press Calfs,Legs,213.0,kgs,10,,,,""
2026-04-01,Leg Press Calfs,Legs,213.0,kgs,9,,,,""
2026-04-07,Incline Dumbbell Bench Press,Chest,26.0,kgs,8,,,,""
2026-04-07,Incline Dumbbell Bench Press,Chest,38.0,kgs,9,,,,""
2026-04-07,Incline Dumbbell Bench Press,Chest,38.0,kgs,6,,,,""
2026-04-07,Seated Dumbbell Press,Shoulders,26.0,kgs,10,,,,""
2026-04-07,Seated Dumbbell Press,Shoulders,26.0,kgs,9,,,,""
2026-04-07,Cable Overhead Triceps Extension,Triceps,50.0,kgs,10,,,,""
2026-04-07,Cable Overhead Triceps Extension,Triceps,50.0,kgs,9,,,,""
2026-04-07,Cable Lateral Unilat,Shoulders,35.0,kgs,11,,,,"Links schwächer orm mehr streckn"
2026-04-07,Cable Lateral Unilat,Shoulders,35.0,kgs,10,,,,"Longe pause"
2026-04-10,Deadlift,Back,20.0,kgs,12,,,,""
2026-04-10,Deadlift,Back,60.0,kgs,12,,,,""
2026-04-10,Deadlift,Back,100.0,kgs,6,,,,""
2026-04-10,Deadlift,Back,135.0,kgs,5,,,,""
2026-04-10,Deadlift,Back,135.0,kgs,5,,,,""
2026-04-10,Deadlift,Back,135.0,kgs,5,,,,""
2026-04-10,Flat Barbell Bench Press,Chest,20.0,kgs,12,,,,""
2026-04-10,TBar Grode Griffe,Back,70.0,kgs,7,,,,""
2026-04-10,TBar Grode Griffe,Back,67.5,kgs,8,,,,""
2026-04-10,High Row Unilat,Back,45.0,kgs,9,,,,"Rechts unfongen"
2026-04-10,High Row Unilat,Back,45.0,kgs,8,,,,""
2026-04-10,Golds Gym Biceps Machine Unilat,Biceps,15.0,kgs,6,,,,"Rechts schwächer"
2026-04-10,Golds Gym Biceps Machine Unilat,Biceps,22.5,kgs,9,,,,""
2026-04-10,Dumbell Preacher Hammer Curl,Biceps,12.0,kgs,9,,,,"Erste bizeps sem 14 kg sunscht 12"
2026-04-10,Dumbell Preacher Hammer Curl,Biceps,12.0,kgs,8,,,,""
2026-04-10,Flat Barbell Bench Press,Chest,60.0,kgs,8,,,,""
2026-04-10,Flat Barbell Bench Press,Chest,95.0,kgs,2,,,,""
2026-04-10,Flat Barbell Bench Press,Chest,95.0,kgs,2,,,,""
2026-04-10,Flat Barbell Bench Press,Chest,95.0,kgs,2,,,,""
2026-04-10,Golds Gym Biceps Machine Unilat,Biceps,22.5,kgs,8,,,,""
2026-04-13,Flat Bench Pause Reps,Chest,60.0,kgs,10,,,,""
2026-04-13,Flat Bench Pause Reps,Chest,80.0,kgs,5,,,,""
2026-04-13,Flat Bench Pause Reps,Chest,80.0,kgs,5,,,,""
2026-04-13,Flat Bench Pause Reps,Chest,80.0,kgs,5,,,,""
2026-04-13,Barbell Squat,Legs,20.0,kgs,12,,,,""
2026-04-13,Barbell Squat,Legs,60.0,kgs,8,,,,""
2026-04-13,Barbell Squat,Legs,100.0,kgs,2,,,,""
2026-04-13,Barbell Squat,Legs,110.0,kgs,2,,,,""
2026-04-13,Barbell Squat,Legs,110.0,kgs,2,,,,""
2026-04-13,Leg Extension Machine,Legs,75.0,kgs,4,,,,""
2026-04-13,Leg Extension Machine,Legs,90.0,kgs,3,,,,""
2026-04-13,Leg Extension Machine,Legs,105.0,kgs,9,,,,""
2026-04-13,Leg Extension Machine,Legs,105.0,kgs,8,,,,""
2026-04-13,Standing Calf Raise 1,Chest,55.0,kgs,8,,,,""
2026-04-13,Standing Calf Raise 1,Chest,55.0,kgs,7,,,,""
2026-04-13,Lying Leg Curl Machine,Legs,50.0,kgs,6,,,,""
2026-04-13,Lying Leg Curl Machine,Legs,70.0,kgs,8,,,,""
2026-04-13,Lying Leg Curl Machine,Legs,70.0,kgs,6,,,,""
2026-04-13,Flat Bench Pause Reps,Chest,80.0,kgs,5,,,,""
2026-04-13,Flat Bench Pause Reps,Chest,80.0,kgs,5,,,,""
2026-04-15,Deadlift,Back,60.0,kgs,12,,,,""
2026-04-15,Deadlift,Back,100.0,kgs,6,,,,""
2026-04-15,Deadlift,Back,130.0,kgs,2,,,,""
2026-04-15,Deadlift,Back,150.0,kgs,2,,,,""
2026-04-15,Deadlift,Back,150.0,kgs,2,,,,""
2026-04-15,Flat Bench Pause Reps,Chest,20.0,kgs,12,,,,""
2026-04-15,Flat Bench Pause Reps,Chest,60.0,kgs,8,,,,""
2026-04-15,Flat Bench Pause Reps,Chest,97.5,kgs,2,,,,""
2026-04-15,Flat Bench Pause Reps,Chest,97.5,kgs,2,,,,""
2026-04-15,Seated Dumbbell Press,Shoulders,26.0,kgs,10,,,,""
2026-04-15,Seated Dumbbell Press,Shoulders,26.0,kgs,8,,,,""
2026-04-15,Unilateral Triceps Extension,Triceps,40.0,kgs,10,,,,""
2026-04-15,Unilateral Triceps Extension,Triceps,40.0,kgs,8,,,,""
2026-04-15,Cable Lateral Unilat,Shoulders,35.0,kgs,11,,,,"Links schwächer orm mehr streckn"
2026-04-15,Cable Lateral Unilat,Shoulders,35.0,kgs,10,,,,"Longe pause"
2026-04-16,Flat Bench Pause Reps,Chest,20.0,kgs,12,,,,""
2026-04-16,Flat Bench Pause Reps,Chest,60.0,kgs,10,,,,""
2026-04-16,Flat Bench Pause Reps,Chest,82.5,kgs,5,,,,""
2026-04-16,Flat Bench Pause Reps,Chest,82.5,kgs,5,,,,""
2026-04-16,Barbell Squat,Legs,20.0,kgs,12,,,,""
2026-04-16,Barbell Squat,Legs,60.0,kgs,8,,,,""
2026-04-16,Barbell Squat,Legs,90.0,kgs,5,,,,""
2026-04-16,Flat Bench Pause Reps,Chest,82.5,kgs,5,,,,""
2026-04-16,Flat Bench Pause Reps,Chest,82.5,kgs,5,,,,""
2026-04-16,Flat Bench Pause Reps,Chest,82.5,kgs,5,,,,""
2026-04-16,Barbell Squat,Legs,90.0,kgs,5,,,,""
2026-04-16,Barbell Squat,Legs,90.0,kgs,5,,,,""
2026-04-16,Barbell Squat,Legs,90.0,kgs,5,,,,""
2026-04-16,Barbell Squat,Legs,90.0,kgs,5,,,,""
2026-04-21,Deadlift,Back,20.0,kgs,12,,,,""
2026-04-21,Deadlift,Back,60.0,kgs,12,,,,""
2026-04-21,Deadlift,Back,100.0,kgs,6,,,,""
2026-04-21,Deadlift,Back,135.0,kgs,5,,,,""
2026-04-21,Deadlift,Back,135.0,kgs,5,,,,""
2026-04-21,Deadlift,Back,135.0,kgs,5,,,,""
2026-04-21,Deadlift,Back,135.0,kgs,5,,,,"+5"
2026-04-21,Flat Bench Pause Reps,Chest,20.0,kgs,12,,,,""
2026-04-21,Flat Bench Pause Reps,Chest,60.0,kgs,8,,,,""
2026-04-21,Flat Bench Pause Reps,Chest,97.5,kgs,2,,,,""
2026-04-21,Flat Bench Pause Reps,Chest,97.5,kgs,2,,,,""
2026-04-21,Flat Bench Pause Reps,Chest,97.5,kgs,3,,,,""
2026-04-21,High Row Unilat,Back,45.0,kgs,12,,,,"Rechts unfongen"
2026-04-21,High Row Unilat,Back,45.0,kgs,9,,,,""
2026-04-21,TBar Grode Griffe,Back,65.0,kgs,8,,,,"2te"
2026-04-21,Golds Gym Biceps Machine Unilat,Biceps,15.0,kgs,6,,,,"Rechts schwächer"
2026-04-21,Golds Gym Biceps Machine Unilat,Biceps,22.5,kgs,9,,,,""
2026-04-21,Golds Gym Biceps Machine Unilat,Biceps,22.5,kgs,8,,,,""
2026-04-21,Dumbell Preacher Hammer Curl,Biceps,12.0,kgs,9,,,,"Erste bizeps sem 14 kg sunscht 12"
2026-04-21,Dumbell Preacher Hammer Curl,Biceps,12.0,kgs,8,,,,""
2026-04-21,High Row Unilat,Back,45.0,kgs,8,,,,""
2026-04-23,Flat Bench Pause Reps,Chest,20.0,kgs,12,,,,""
2026-04-23,Flat Bench Pause Reps,Chest,60.0,kgs,10,,,,""
2026-04-23,Flat Bench Pause Reps,Chest,82.5,kgs,5,,,,""
2026-04-23,Flat Bench Pause Reps,Chest,82.5,kgs,5,,,,""
2026-04-23,Flat Bench Pause Reps,Chest,82.5,kgs,5,,,,""
2026-04-23,Flat Bench Pause Reps,Chest,82.5,kgs,5,,,,""
2026-04-23,Flat Bench Pause Reps,Chest,82.5,kgs,5,,,,"Bleibn noamol gleichs gewicht"
2026-04-23,Barbell Squat,Legs,20.0,kgs,12,,,,""
2026-04-23,Barbell Squat,Legs,60.0,kgs,8,,,,""
2026-04-23,Barbell Squat,Legs,100.0,kgs,2,,,,""
2026-04-23,Barbell Squat,Legs,115.0,kgs,2,,,,""
2026-04-23,Barbell Squat,Legs,115.0,kgs,2,,,,"+2.5"
2026-04-23,Leg Curl Machine,Legs,70.0,kgs,6,,,,""
2026-04-23,Leg Curl Machine,Legs,85.0,kgs,4,,,,""
2026-04-23,Leg Curl Machine,Legs,95.0,kgs,9,,,,""
2026-04-23,Leg Curl Machine,Legs,95.0,kgs,8,,,,""
2026-04-23,Leg Extension Machine,Legs,75.0,kgs,6,,,,""
2026-04-23,Leg Extension Machine,Legs,90.0,kgs,3,,,,""
2026-04-23,Leg Extension Machine,Legs,105.0,kgs,8,,,,""
2026-04-23,Leg Extension Machine,Legs,105.0,kgs,6,,,,""
2026-04-23,Standing Calf Raise 1,Chest,53.0,kgs,9,,,,"Links unhebn"
2026-04-23,Standing Calf Raise 1,Chest,53.0,kgs,8,,,,""
2026-04-24,Deadlift,Back,60.0,kgs,12,,,,""
2026-04-24,Deadlift,Back,100.0,kgs,6,,,,""
2026-04-24,Deadlift,Back,140.0,kgs,2,,,,""
2026-04-24,Deadlift,Back,155.0,kgs,2,,,,""
2026-04-24,Deadlift,Back,155.0,kgs,2,,,,"Bleibn gewicht"
2026-04-24,Flat Bench Pause Reps,Chest,20.0,kgs,12,,,,""
2026-04-24,Flat Bench Pause Reps,Chest,60.0,kgs,8,,,,""
2026-04-24,Flat Bench Pause Reps,Chest,80.0,kgs,3,,,,""
2026-04-24,Flat Bench Pause Reps,Chest,100.0,kgs,2,,,,""
2026-04-24,Flat Bench Pause Reps,Chest,100.0,kgs,2,,,,"Bleibn"
2026-04-24,Seated Dumbbell Press,Shoulders,20.0,kgs,5,,,,""
2026-04-24,Seated Dumbbell Press,Shoulders,26.0,kgs,11,,,,""
2026-04-24,Seated Dumbbell Press,Shoulders,26.0,kgs,8,,,,""
2026-04-24,Cable Overhead Triceps Extension,Triceps,50.0,kgs,10,,,,""
2026-04-24,Cable Overhead Triceps Extension,Triceps,50.0,kgs,9,,,,""
2026-04-24,Cable Lateral Unilat,Shoulders,35.0,kgs,9,,,,""
2026-04-24,Cable Lateral Unilat,Shoulders,35.0,kgs,8,,,,""
2026-04-25,Flat Bench Pause Reps,Chest,40.0,kgs,10,,,,""
2026-04-25,Flat Bench Pause Reps,Chest,60.0,kgs,6,,,,""
2026-04-25,Flat Bench Pause Reps,Chest,85.0,kgs,5,,,,""
2026-04-25,Barbell Squat,Legs,20.0,kgs,12,,,,""
2026-04-25,Barbell Squat,Legs,60.0,kgs,8,,,,""
2026-04-25,Barbell Squat,Legs,92.5,kgs,5,,,,""
2026-04-25,Flat Bench Pause Reps,Chest,85.0,kgs,5,,,,""
2026-04-25,Flat Bench Pause Reps,Chest,85.0,kgs,5,,,,""
2026-04-25,Flat Bench Pause Reps,Chest,85.0,kgs,5,,,,"+2.5"
2026-04-25,Barbell Squat,Legs,92.5,kgs,5,,,,""
2026-04-25,Barbell Squat,Legs,92.5,kgs,5,,,,""
2026-04-25,Barbell Squat,Legs,92.5,kgs,5,,,,""
2026-04-25,Barbell Squat,Legs,92.5,kgs,5,,,,"+2.5"
2026-04-25,Machine Dip,Triceps,60.0,kgs,8,,,,""
2026-04-25,Machine Dip,Triceps,80.0,kgs,12,,,,""
2026-04-25,Machine Dip,Triceps,100.0,kgs,12,,,,""
2026-04-25,Machine Dip,Triceps,120.0,kgs,10,,,,""
2026-04-25,Machine Dip,Triceps,130.0,kgs,9,,,,""
2026-04-25,Machine Dip,Triceps,140.0,kgs,8,,,,""
2026-04-28,Deadlift,Back,60.0,kgs,12,,,,""
2026-04-28,Deadlift,Back,100.0,kgs,5,,,,""
2026-04-28,Deadlift,Back,120.0,kgs,2,,,,""
2026-04-28,Deadlift,Back,140.0,kgs,5,,,,""
2026-04-28,Deadlift,Back,140.0,kgs,5,,,,""
2026-04-28,Deadlift,Back,140.0,kgs,5,,,,""
2026-04-28,Deadlift,Back,140.0,kgs,5,,,,""
2026-04-28,Flat Bench Pause Reps,Chest,20.0,kgs,12,,,,""
2026-04-28,Flat Bench Pause Reps,Chest,60.0,kgs,6,,,,""
2026-04-28,Flat Bench Pause Reps,Chest,80.0,kgs,3,,,,""
2026-04-28,Flat Bench Pause Reps,Chest,100.0,kgs,2,,,,""
2026-04-28,Flat Bench Pause Reps,Chest,100.0,kgs,2,,,,"+2.5"
2026-04-28,High Row Unilat,Back,45.0,kgs,2,,,,""
2026-04-28,High Row Unilat,Back,50.0,kgs,9,,,,"Rechts unfongen erste"
2026-04-28,High Row Unilat,Back,50.0,kgs,5,,,,""
2026-04-28,TBar Grode Griffe,Back,55.0,kgs,3,,,,"2te"
2026-04-28,TBar Grode Griffe,Back,65.0,kgs,7,,,,""
2026-04-28,TBar Grode Griffe,Back,65.0,kgs,6,,,,""
2026-04-28,Golds Gym Biceps Machine Unilat,Biceps,20.0,kgs,3,,,,"Rechts schwächer"
2026-04-28,Golds Gym Biceps Machine Unilat,Biceps,23.75,kgs,8,,,,""
2026-04-28,Golds Gym Biceps Machine Unilat,Biceps,23.75,kgs,7,,,,""
2026-04-28,Deadlift,Back,140.0,kgs,5,,,,"Leste grip schlecht bleibn"
2026-04-29,Flat Bench Pause Reps,Chest,20.0,kgs,12,,,,""
2026-04-29,Flat Bench Pause Reps,Chest,60.0,kgs,10,,,,""
2026-04-29,Flat Bench Pause Reps,Chest,87.5,kgs,5,,,,""
2026-04-29,Flat Bench Pause Reps,Chest,87.5,kgs,5,,,,""
2026-04-29,Flat Bench Pause Reps,Chest,87.5,kgs,5,,,,""
2026-04-29,Flat Bench Pause Reps,Chest,87.5,kgs,5,,,,""
2026-04-29,Flat Bench Pause Reps,Chest,87.5,kgs,5,,,,"+2.5"
2026-04-29,Barbell Squat,Legs,20.0,kgs,12,,,,"Safetys 4 oben 30"
2026-04-29,Barbell Squat,Legs,60.0,kgs,8,,,,""
2026-04-29,Barbell Squat,Legs,100.0,kgs,2,,,,""
2026-04-29,Barbell Squat,Legs,117.5,kgs,2,,,,""
2026-04-29,Standing Calf Raise 1,Chest,53.0,kgs,9,,,,"Links unhebn"
2026-04-29,Standing Calf Raise 1,Chest,53.0,kgs,9,,,,""
2026-04-29,Lying Leg Curl Machine,Legs,70.0,kgs,8,,,,""
2026-04-29,Leg Extension Machine,Legs,90.0,kgs,3,,,,""
2026-04-29,Leg Extension Machine,Legs,105.0,kgs,9,,,,""
2026-04-29,Leg Extension Machine,Legs,105.0,kgs,6,,,,""
2026-04-29,Barbell Squat,Legs,117.5,kgs,2,,,,"+2.5"
2026-05-01,Deadlift,Back,60.0,kgs,12,,,,""
2026-05-01,Deadlift,Back,100.0,kgs,6,,,,""
2026-05-01,Deadlift,Back,140.0,kgs,2,,,,""
2026-05-01,Deadlift,Back,155.0,kgs,2,,,,""
2026-05-01,Deadlift,Back,155.0,kgs,2,,,,"+5 maybe 1 rep"
2026-05-01,Flat Bench Pause Reps,Chest,20.0,kgs,12,,,,""
2026-05-01,Flat Bench Pause Reps,Chest,60.0,kgs,7,,,,""
2026-05-01,Flat Bench Pause Reps,Chest,80.0,kgs,3,,,,""
2026-05-01,Flat Bench Pause Reps,Chest,100.0,kgs,2,,,,""
2026-05-01,Flat Bench Pause Reps,Chest,100.0,kgs,2,,,,"+2.5 vlt"
2026-05-01,Incline Dumbbell Bench Press,Chest,36.0,kgs,10,,,,""
2026-05-01,Incline Dumbbell Bench Press,Chest,36.0,kgs,6,,,,""
2026-05-01,Seated Dumbbell Press,Shoulders,26.0,kgs,6,,,,"Noch bench und incline"
2026-05-01,Seated Dumbbell Press,Shoulders,26.0,kgs,5,,,,""
2026-05-01,Unilateral Triceps Extension,Triceps,40.0,kgs,10,,,,""
2026-05-01,Unilateral Triceps Extension,Triceps,40.0,kgs,9,,,,""
2026-05-02,Flat Bench Pause Reps,Chest,20.0,kgs,12,,,,""
2026-05-02,Flat Bench Pause Reps,Chest,60.0,kgs,6,,,,""
2026-05-02,Flat Bench Pause Reps,Chest,87.5,kgs,5,,,,""
2026-05-02,Barbell Squat,Legs,20.0,kgs,12,,,,"Safetys 4 oben 30"
2026-05-02,Barbell Squat,Legs,60.0,kgs,8,,,,""
2026-05-02,Barbell Squat,Legs,80.0,kgs,3,,,,""
2026-05-02,Flat Bench Pause Reps,Chest,87.5,kgs,5,,,,""
2026-05-02,Flat Bench Pause Reps,Chest,87.5,kgs,5,,,,""
2026-05-02,Flat Bench Pause Reps,Chest,87.5,kgs,5,,,,"Brust sore"
2026-05-02,Barbell Squat,Legs,95.0,kgs,5,,,,""
2026-05-02,Barbell Squat,Legs,95.0,kgs,5,,,,""
2026-05-02,Barbell Squat,Legs,95.0,kgs,5,,,,""
2026-05-02,Barbell Squat,Legs,95.0,kgs,5,,,,""
2026-05-02,Cable Crunch,Abs,40.0,kgs,12,,,,""
2026-05-02,Barbell Squat,Legs,95.0,kgs,5,,,,"+5"
2026-05-02,Cable Crunch,Abs,60.0,kgs,8,,,,""
2026-05-02,Cable Crunch,Abs,75.0,kgs,11,,,,""
2026-05-02,Cable Crunch,Abs,75.0,kgs,6,,,,""
2026-05-02,Cable Crunch,Abs,70.0,kgs,10,,,,""
2026-05-05,Deadlift,Back,60.0,kgs,12,,,,""
2026-05-05,Deadlift,Back,100.0,kgs,5,,,,""
2026-05-05,Deadlift,Back,120.0,kgs,2,,,,""
2026-05-05,Deadlift,Back,140.0,kgs,5,,,,""
2026-05-05,Deadlift,Back,140.0,kgs,5,,,,""
2026-05-05,Deadlift,Back,140.0,kgs,5,,,,""
2026-05-05,Deadlift,Back,140.0,kgs,5,,,,""
2026-05-05,Deadlift,Back,140.0,kgs,5,,,,"Bleibn"
2026-05-05,Flat Bench Pause Reps,Chest,20.0,kgs,12,,,,"Oben 10 unten 4"
2026-05-05,Flat Bench Pause Reps,Chest,60.0,kgs,6,,,,""
2026-05-05,Flat Bench Pause Reps,Chest,85.0,kgs,3,,,,""
2026-05-05,Flat Bench Pause Reps,Chest,102.5,kgs,2,,,,""
2026-05-05,Flat Bench Pause Reps,Chest,102.5,kgs,2,,,,"Bleibn odo 105 1rep"
2026-05-05,TBar Grode Griffe,Back,40.0,kgs,6,,,,""
2026-05-05,TBar Grode Griffe,Back,60.0,kgs,3,,,,""
2026-05-05,TBar Grode Griffe,Back,70.0,kgs,7,,,,"+ a holbe"
2026-05-05,High Row Unilat,Back,45.0,kgs,9,,,,"Rechts unfongen"
2026-05-05,Golds Gym Biceps Machine Unilat,Biceps,20.0,kgs,3,,,,"Rechts schwächer"
2026-05-05,Golds Gym Biceps Machine Unilat,Biceps,23.75,kgs,8,,,,""
2026-05-05,Golds Gym Biceps Machine Unilat,Biceps,20.0,kgs,4,,,,""
2026-05-05,TBar Grode Griffe,Back,70.0,kgs,6,,,,""
2026-05-05,High Row Unilat,Back,45.0,kgs,9,,,,""
2026-05-05,Preacher Hammer Curl,Biceps,16.0,kgs,4,,,,""
2026-05-05,Preacher Hammer Curl,Biceps,14.0,kgs,4,,,,""
2026-05-06,Flat Bench Pause Reps,Chest,20.0,kgs,12,,,,"Oben 10 unten 4"
2026-05-06,Flat Bench Pause Reps,Chest,60.0,kgs,8,,,,""
2026-05-06,Flat Bench Pause Reps,Chest,90.0,kgs,5,,,,""
2026-05-06,Flat Bench Pause Reps,Chest,90.0,kgs,5,,,,""
2026-05-06,Flat Bench Pause Reps,Chest,90.0,kgs,5,,,,""
2026-05-06,Flat Bench Pause Reps,Chest,90.0,kgs,5,,,,"Max"
2026-05-06,Barbell Squat,Legs,20.0,kgs,12,,,,"Safetys 4 oben 30"
2026-05-06,Barbell Squat,Legs,60.0,kgs,7,,,,""
2026-05-06,Barbell Squat,Legs,100.0,kgs,2,,,,""
2026-05-06,Barbell Squat,Legs,120.0,kgs,2,,,,""
2026-05-06,Barbell Squat,Legs,120.0,kgs,1,,,,"Ebs komisch getun ba 2. Bleibn gewicht"
2026-05-06,Leg Curl Machine,Legs,70.0,kgs,8,,,,"Mathe 4 mol rollen stufe 9 hinten 5"
2026-05-06,Leg Curl Machine,Legs,85.0,kgs,4,,,,""
2026-05-06,Leg Curl Machine,Legs,95.0,kgs,9,,,,""
2026-05-06,Leg Extension Machine,Legs,75.0,kgs,6,,,,""
2026-05-06,Leg Extension Machine,Legs,90.0,kgs,3,,,,""
2026-05-06,Leg Extension Machine,Legs,105.0,kgs,6,,,,"Irgendwos folsch"
2026-05-07,Deadlift,Back,60.0,kgs,12,,,,""
2026-05-07,Deadlift,Back,100.0,kgs,6,,,,""
2026-05-07,Deadlift,Back,140.0,kgs,2,,,,""
2026-05-07,Deadlift,Back,160.0,kgs,1,,,,""
2026-05-07,Flat Bench Pause Reps,Chest,20.0,kgs,12,,,,""
2026-05-07,Flat Bench Pause Reps,Chest,60.0,kgs,7,,,,""
2026-05-07,Flat Bench Pause Reps,Chest,85.0,kgs,3,,,,""
2026-05-07,Flat Bench Pause Reps,Chest,105.0,kgs,1,,,,""
2026-05-07,Seated Dumbbell Press,Shoulders,26.0,kgs,9,,,,""
2026-05-07,Seated Dumbbell Press,Shoulders,26.0,kgs,8,,,,""
2026-05-07,Deadlift,Back,160.0,kgs,1,,,,"+5 odo 2 reps"
2026-05-07,Flat Bench Pause Reps,Chest,105.0,kgs,1,,,,"Schun schwar bleibn wenn guat 2. Rep"
2026-05-07,Cable Overhead Triceps Extension,Triceps,50.0,kgs,10,,,,""
2026-05-07,Cable Overhead Triceps Extension,Triceps,50.0,kgs,9,,,,""
2026-05-07,Cable Overhead Triceps Extension,Triceps,50.0,kgs,8,,,,""
2026-05-07,Cable Lateral Unilat,Shoulders,35.0,kgs,10,,,,""
2026-05-07,Cable Lateral Unilat,Shoulders,35.0,kgs,8,,,,""
2026-05-08,Flat Bench Pause Reps,Chest,20.0,kgs,12,,,,""
2026-05-08,Flat Bench Pause Reps,Chest,60.0,kgs,6,,,,""
2026-05-08,Flat Bench Pause Reps,Chest,90.0,kgs,5,,,,""
2026-05-08,Barbell Squat,Legs,20.0,kgs,12,,,,"Safetys 4 oben 30"
2026-05-08,Barbell Squat,Legs,60.0,kgs,8,,,,""
2026-05-08,Barbell Squat,Legs,80.0,kgs,3,,,,""
2026-05-08,Barbell Squat,Legs,100.0,kgs,5,,,,""
2026-05-08,Cable Crunch,Abs,60.0,kgs,6,,,,""
2026-05-08,Cable Crunch,Abs,75.0,kgs,9,,,,""
2026-05-08,Cable Crunch,Abs,75.0,kgs,7,,,,""
2026-05-08,Flat Bench Pause Reps,Chest,90.0,kgs,5,,,,""
2026-05-08,Flat Bench Pause Reps,Chest,87.5,kgs,4,,,,""
2026-05-08,Flat Bench Pause Reps,Chest,85.0,kgs,5,,,,""
2026-05-08,Flat Bench Pause Reps,Chest,85.0,kgs,5,,,,"Negste mol 85"
2026-05-08,Barbell Squat,Legs,100.0,kgs,5,,,,""
2026-05-08,Barbell Squat,Legs,100.0,kgs,5,,,,""
2026-05-08,Barbell Squat,Legs,100.0,kgs,5,,,,""
2026-05-08,Barbell Squat,Legs,100.0,kgs,5,,,,"+2.5"
2026-05-08,Cable Crunch,Abs,75.0,kgs,7,,,,""
2026-05-12,Barbell Squat,Legs,20.0,kgs,8,,,,"Safetys 4 oben 30"
2026-05-12,Barbell Squat,Legs,60.0,kgs,6,,,,""
2026-05-12,Barbell Squat,Legs,100.0,kgs,2,,,,""
2026-05-12,Flat Barbell Bench Press,Chest,20.0,kgs,8,,,,""
2026-05-12,Flat Barbell Bench Press,Chest,60.0,kgs,6,,,,""
2026-05-12,Flat Barbell Bench Press,Chest,80.0,kgs,3,,,,""
2026-05-12,Cable Crunch,Abs,60.0,kgs,6,,,,""
2026-05-12,Cable Crunch,Abs,75.0,kgs,11,,,,""
2026-05-12,Cable Crunch,Abs,75.0,kgs,9,,,,""
2026-05-12,Barbell Squat,Legs,130.0,kgs,1,,,,""
2026-05-12,Barbell Squat,Legs,140.0,kgs,1,,,,""
2026-05-12,Barbell Squat,Legs,145.0,kgs,1,,,,""
2026-05-12,Barbell Squat,Legs,150.0,kgs,0,,,,""
2026-05-12,Flat Barbell Bench Press,Chest,100.0,kgs,1,,,,""
2026-05-12,Flat Barbell Bench Press,Chest,115.0,kgs,1,,,,""
2026-05-12,Flat Barbell Bench Press,Chest,120.0,kgs,0,,,,""
2026-05-12,Cable Crunch,Abs,75.0,kgs,7,,,,""
2026-05-12,TBar Grode Griffe,Back,55.0,kgs,6,,,,""
2026-05-12,TBar Grode Griffe,Back,70.0,kgs,8,,,,""
2026-05-12,TBar Grode Griffe,Back,65.0,kgs,5,,,,"Dropset"
2026-05-12,High Row Unilat,Back,45.0,kgs,8,,,,""
2026-05-27,Flat Bench Pause Reps,Chest,20.0,kgs,12,,,,"Oben 10 unten 4"
2026-05-27,Flat Bench Pause Reps,Chest,50.0,kgs,8,,,,""
2026-05-27,Flat Bench Pause Reps,Chest,80.0,kgs,3,,,,""
2026-05-27,Barbell Squat,Legs,20.0,kgs,12,,,,"Safetys 4 oben 30"
2026-05-27,Barbell Squat,Legs,60.0,kgs,7,,,,""
2026-05-27,Barbell Squat,Legs,100.0,kgs,2,,,,""
2026-05-27,Barbell Squat,Legs,122.5,kgs,2,,,,""
2026-05-27,Leg Curl Machine,Legs,70.0,kgs,6,,,,"Mathe 4 mol rollen stufe 9 hinten 5"
2026-05-27,Leg Curl Machine,Legs,85.0,kgs,4,,,,""
2026-05-27,Leg Curl Machine,Legs,95.0,kgs,10,,,,""
2026-05-27,Leg Extension Machine,Legs,75.0,kgs,6,,,,""
2026-05-27,Leg Extension Machine,Legs,90.0,kgs,3,,,,""
2026-05-27,Leg Extension Machine,Legs,105.0,kgs,8,,,,"Irgendwos folsch"
2026-05-27,Flat Bench Pause Reps,Chest,97.5,kgs,2,,,,""
2026-05-27,Barbell Squat,Legs,122.5,kgs,2,,,,""
2026-05-27,Flat Bench Pause Reps,Chest,97.5,kgs,2,,,,""
2026-05-27,Leg Extension Machine,Legs,105.0,kgs,6,,,,""
2026-05-27,Leg Press Calfs 1,Legs,85.0,kgs,6,,,,""
2026-05-27,Leg Press Calfs 1,Legs,101.0,kgs,6,,,,""
2026-05-28,Deadlift,Back,60.0,kgs,12,,,,""
2026-05-28,Deadlift,Back,100.0,kgs,6,,,,""
2026-05-28,Deadlift,Back,140.0,kgs,1,,,,""
2026-05-28,Deadlift,Back,157.5,kgs,2,,,,""
2026-05-28,Flat Bench Pause Reps,Chest,20.0,kgs,12,,,,"Oben 10 unten 4"
2026-05-28,Flat Bench Pause Reps,Chest,60.0,kgs,6,,,,""
2026-05-28,Flat Bench Pause Reps,Chest,80.0,kgs,6,,,,""
2026-05-28,TBar Grode Griffe,Back,40.0,kgs,6,,,,""
2026-05-28,TBar Grode Griffe,Back,60.0,kgs,3,,,,""
2026-05-28,TBar Grode Griffe,Back,70.0,kgs,9,,,,""
2026-05-28,TBar Grode Griffe,Back,70.0,kgs,5,,,,""
2026-05-28,High Row Unilat,Back,45.0,kgs,9,,,,"Rechts unfongen"
2026-05-28,Preacher Hammer Curl,Biceps,14.0,kgs,11,,,,""
2026-05-28,Deadlift,Back,157.5,kgs,2,,,,""
2026-05-28,Flat Bench Pause Reps,Chest,80.0,kgs,6,,,,""
2026-05-28,Flat Bench Pause Reps,Chest,80.0,kgs,6,,,,""
2026-05-28,Flat Bench Pause Reps,Chest,80.0,kgs,6,,,,""
2026-05-30,Flat Bench Pause Reps,Chest,20.0,kgs,12,,,,""
2026-05-30,Flat Bench Pause Reps,Chest,60.0,kgs,6,,,,""
2026-05-30,Flat Bench Pause Reps,Chest,80.0,kgs,2,,,,""
2026-05-30,Flat Bench Pause Reps,Chest,97.5,kgs,2,,,,"Ringfinger ring super"
2026-05-30,Barbell Squat,Legs,20.0,kgs,12,,,,"Safetys 4 oben 30"
2026-05-30,Barbell Squat,Legs,60.0,kgs,6,,,,""
2026-05-30,Barbell Squat,Legs,80.0,kgs,2,,,,""
2026-05-30,Barbell Squat,Legs,100.0,kgs,6,,,,""
2026-05-30,Seated Dumbbell Press,Shoulders,26.0,kgs,12,,,,""
2026-05-30,Seated Dumbbell Press,Shoulders,26.0,kgs,7,,,,""
2026-05-30,Cable Overhead Triceps Extension,Triceps,50.0,kgs,10,,,,""
2026-05-30,Cable Overhead Triceps Extension,Triceps,50.0,kgs,8,,,,""
2026-05-30,Lateral Dumbbell Raise,Shoulders,10.0,kgs,13,,,,""
2026-05-30,Lateral Dumbbell Raise,Shoulders,10.0,kgs,10,,,,""
2026-05-30,Flat Bench Pause Reps,Chest,97.5,kgs,2,,,,"Kloaner bisl schlechter"
2026-05-30,Barbell Squat,Legs,100.0,kgs,6,,,,""
2026-05-30,Barbell Squat,Legs,100.0,kgs,6,,,,""
2026-05-30,Barbell Squat,Legs,100.0,kgs,6,,,,""
2026-05-30,Barbell Squat,Legs,100.0,kgs,2,,,,"Ba dritter vorgekloppt war schun gong sunscht"
2026-05-31,Flat Barbell Bench Press,Chest,20.0,kgs,12,,,,"Oben 10 unten 4"
2026-05-31,Flat Barbell Bench Press,Chest,60.0,kgs,6,,,,""
2026-05-31,Flat Barbell Bench Press,Chest,80.0,kgs,3,,,,""
2026-05-31,Flat Barbell Bench Press,Chest,100.0,kgs,1,,,,""
2026-05-31,Flat Bench Pause Reps,Chest,80.0,kgs,6,,,,"Oben 10 unten 4"
2026-05-31,Deadlift,Back,60.0,kgs,12,,,,""
2026-05-31,Deadlift,Back,100.0,kgs,5,,,,""
2026-05-31,Deadlift,Back,130.0,kgs,6,,,,""
2026-05-31,Cable Crunch,Abs,60.0,kgs,6,,,,""
2026-05-31,Cable Crunch,Abs,75.0,kgs,12,,,,""
2026-05-31,Cable Crunch,Abs,75.0,kgs,11,,,,""
2026-05-31,Cable Crunch,Abs,75.0,kgs,7,,,,""
2026-05-31,Flat Bench Pause Reps,Chest,80.0,kgs,6,,,,""
2026-05-31,Flat Bench Pause Reps,Chest,80.0,kgs,6,,,,""
2026-05-31,Flat Bench Pause Reps,Chest,80.0,kgs,6,,,,""
2026-05-31,Flat Bench Pause Reps,Chest,80.0,kgs,6,,,,""
2026-05-31,Deadlift,Back,130.0,kgs,6,,,,""
2026-05-31,Deadlift,Back,130.0,kgs,6,,,,""
2026-05-31,Deadlift,Back,130.0,kgs,6,,,,""
2026-05-31,Deadlift,Back,130.0,kgs,6,,,,""
2026-06-02,Flat Bench Pause Reps,Chest,20.0,kgs,12,,,,"Oben 10 unten 4"
2026-06-02,Flat Bench Pause Reps,Chest,60.0,kgs,6,,,,""
2026-06-02,Flat Bench Pause Reps,Chest,80.0,kgs,3,,,,""
2026-06-02,Flat Bench Pause Reps,Chest,100.0,kgs,2,,,,""
2026-06-02,Barbell Squat,Legs,20.0,kgs,12,,,,"Safetys 4 oben 30"
2026-06-02,Barbell Squat,Legs,60.0,kgs,7,,,,""
2026-06-02,Barbell Squat,Legs,100.0,kgs,2,,,,""
2026-06-02,Barbell Squat,Legs,125.0,kgs,2,,,,""
2026-06-02,Leg Curl Machine,Legs,70.0,kgs,6,,,,"Mathe 4 mol rollen stufe 9 hinten 5"
2026-06-02,Leg Curl Machine,Legs,85.0,kgs,4,,,,""
2026-06-02,Leg Curl Machine,Legs,95.0,kgs,10,,,,""
2026-06-02,Leg Extension Machine,Legs,75.0,kgs,6,,,,""
2026-06-02,Leg Extension Machine,Legs,90.0,kgs,3,,,,""
2026-06-02,Leg Extension Machine,Legs,105.0,kgs,10,,,,""
2026-06-02,Leg Extension Machine,Legs,105.0,kgs,7,,,,""
2026-06-02,Barbell Squat,Legs,125.0,kgs,2,,,,""
2026-06-02,Leg Curl Machine,Legs,95.0,kgs,7,,,,""
2026-06-02,Leg Press Komisch,Legs,200.0,kgs,6,,,,""
2026-06-02,Leg Press Komisch,Legs,240.0,kgs,4,,,,""
2026-06-02,Leg Press Komisch,Legs,270.0,kgs,3,,,,""
2026-06-02,Leg Press Komisch,Legs,300.0,kgs,2,,,,""
2026-06-02,Leg Press Komisch,Legs,320.0,kgs,5,,,,""
2026-06-02,Leg Press Komisch,Legs,300.0,kgs,6,,,,""
2026-06-10,Deadlift,Back,60.0,kgs,8,,,,""
2026-06-10,Deadlift,Back,100.0,kgs,6,,,,""
2026-06-10,Deadlift,Back,140.0,kgs,1,,,,""
2026-06-10,Deadlift,Back,160.0,kgs,2,,,,""
2026-06-10,Flat Bench Pause Reps,Chest,20.0,kgs,12,,,,"Oben 10 unten 4"
2026-06-10,Flat Bench Pause Reps,Chest,60.0,kgs,6,,,,""
2026-06-10,Flat Bench Pause Reps,Chest,82.5,kgs,6,,,,""
2026-06-10,TBar Grode Griffe,Back,40.0,kgs,6,,,,""
2026-06-10,TBar Grode Griffe,Back,60.0,kgs,3,,,,""
2026-06-10,TBar Grode Griffe,Back,70.0,kgs,8,,,,""
2026-06-10,TBar Grode Griffe,Back,70.0,kgs,7,,,,""
2026-06-10,High Row Unilat,Back,45.0,kgs,9,,,,"Rechts unfongen"
2026-06-10,Preacher Hammer Curl,Biceps,16.0,kgs,10,,,,"Erste bizeps"
2026-06-10,Deadlift,Back,160.0,kgs,2,,,,""
2026-06-10,Flat Bench Pause Reps,Chest,82.5,kgs,6,,,,""
2026-06-10,Flat Bench Pause Reps,Chest,82.5,kgs,6,,,,""
2026-06-10,Flat Bench Pause Reps,Chest,82.5,kgs,6,,,,""
2026-06-10,Flat Bench Pause Reps,Chest,82.5,kgs,6,,,,""
2026-06-10,High Row Unilat,Back,45.0,kgs,8,,,,""
2026-06-11,Flat Bench Pause Reps,Chest,20.0,kgs,12,,,,""
2026-06-11,Flat Bench Pause Reps,Chest,60.0,kgs,6,,,,""
2026-06-11,Flat Bench Pause Reps,Chest,80.0,kgs,2,,,,""
2026-06-11,Flat Bench Pause Reps,Chest,100.0,kgs,2,,,,"Ringfinger ring super"
2026-06-11,Barbell Squat,Legs,20.0,kgs,10,,,,"Safetys 4 oben 30"
2026-06-11,Barbell Squat,Legs,60.0,kgs,6,,,,""
2026-06-11,Barbell Squat,Legs,80.0,kgs,2,,,,""
2026-06-11,Barbell Squat,Legs,102.5,kgs,6,,,,""
2026-06-11,Seated Dumbbell Press,Shoulders,26.0,kgs,11,,,,"Negste 28"
2026-06-11,Seated Dumbbell Press,Shoulders,26.0,kgs,6,,,,""
2026-06-11,Cable Overhead Triceps Extension,Triceps,50.0,kgs,12,,,,""
2026-06-11,Cable Overhead Triceps Extension,Triceps,50.0,kgs,9,,,,""
2026-06-11,Lateral Dumbbell Raise,Shoulders,10.0,kgs,12,,,,""
2026-06-11,Lateral Dumbbell Raise,Shoulders,10.0,kgs,10,,,,""
2026-06-11,Flat Bench Pause Reps,Chest,100.0,kgs,2,,,,""
2026-06-11,Barbell Squat,Legs,102.5,kgs,6,,,,""
2026-06-11,Barbell Squat,Legs,102.5,kgs,6,,,,""
2026-06-11,Barbell Squat,Legs,102.5,kgs,6,,,,""
2026-06-11,Barbell Squat,Legs,102.5,kgs,6,,,,""
2026-06-12,Deadlift,Back,60.0,kgs,12,,,,""
2026-06-12,Deadlift,Back,100.0,kgs,5,,,,""
2026-06-12,Deadlift,Back,132.5,kgs,6,,,,""
2026-06-12,Flat Bench Pause Reps,Chest,20.0,kgs,12,,,,"Oben 10 unten 4 Ringfinger ring super"
2026-06-12,Flat Bench Pause Reps,Chest,60.0,kgs,6,,,,""
2026-06-12,Flat Bench Pause Reps,Chest,82.5,kgs,6,,,,""
2026-06-12,Cable Crunch,Abs,60.0,kgs,6,,,,""
2026-06-12,Cable Crunch,Abs,75.0,kgs,12,,,,""
2026-06-12,Cable Crunch,Abs,75.0,kgs,7,,,,""
2026-06-12,Deadlift,Back,132.5,kgs,6,,,,""
2026-06-12,Deadlift,Back,132.5,kgs,6,,,,""
2026-06-12,Deadlift,Back,132.5,kgs,6,,,,""
2026-06-12,Deadlift,Back,132.5,kgs,6,,,,""
2026-06-12,Flat Bench Pause Reps,Chest,82.5,kgs,6,,,,""
2026-06-12,Flat Bench Pause Reps,Chest,82.5,kgs,6,,,,""
2026-06-12,Flat Bench Pause Reps,Chest,82.5,kgs,6,,,,""
2026-06-12,Flat Bench Pause Reps,Chest,82.5,kgs,6,,,,""
2026-06-12,Cable Crunch,Abs,75.0,kgs,6,,,,""
2026-06-14,Flat Bench Pause Reps,Chest,20.0,kgs,12,,,,"Oben 10 unten 4 ringfinger"
2026-06-14,Flat Bench Pause Reps,Chest,60.0,kgs,6,,,,""
2026-06-14,Flat Bench Pause Reps,Chest,80.0,kgs,3,,,,""
2026-06-14,Flat Bench Pause Reps,Chest,100.0,kgs,2,,,,""
2026-06-14,Barbell Squat,Legs,20.0,kgs,12,,,,"Safetys 4 oben 30"
2026-06-14,Barbell Squat,Legs,60.0,kgs,7,,,,""
2026-06-14,Barbell Squat,Legs,100.0,kgs,2,,,,""
2026-06-14,Barbell Squat,Legs,127.5,kgs,2,,,,""
2026-06-14,Leg Curl Machine,Legs,70.0,kgs,6,,,,"Mathe 4 mol rollen stufe 9 hinten 5"
2026-06-14,Leg Curl Machine,Legs,85.0,kgs,4,,,,""
2026-06-14,Leg Curl Machine,Legs,95.0,kgs,11,,,,""
2026-06-14,Leg Extension Machine,Legs,60.0,kgs,6,,,,""
2026-06-14,Leg Extension Machine,Legs,75.0,kgs,4,,,,""
2026-06-14,Leg Extension Machine,Legs,90.0,kgs,3,,,,""
2026-06-14,Leg Extension Machine,Legs,105.0,kgs,10,,,,""
2026-06-14,Flat Bench Pause Reps,Chest,100.0,kgs,2,,,,""
2026-06-14,Barbell Squat,Legs,127.5,kgs,2,,,,""
2026-06-14,Leg Extension Machine,Legs,105.0,kgs,7,,,,""
2026-06-16,Deadlift,Back,60.0,kgs,8,,,,""
2026-06-16,Deadlift,Back,100.0,kgs,6,,,,""
2026-06-16,Deadlift,Back,140.0,kgs,1,,,,""
2026-06-16,Deadlift,Back,162.5,kgs,2,,,,""
2026-06-16,Deadlift,Back,162.5,kgs,1,,,,"Grip vokack"
2026-06-16,Flat Bench Pause Reps,Chest,20.0,kgs,12,,,,"Oben 10 unten 4"
2026-06-16,Flat Bench Pause Reps,Chest,60.0,kgs,6,,,,""
2026-06-16,Flat Bench Pause Reps,Chest,82.5,kgs,6,,,,""
2026-06-16,Flat Bench Pause Reps,Chest,82.5,kgs,6,,,,""
2026-06-16,Flat Bench Pause Reps,Chest,82.5,kgs,6,,,,""
2026-06-16,Flat Bench Pause Reps,Chest,82.5,kgs,6,,,,""
2026-06-16,Flat Bench Pause Reps,Chest,82.5,kgs,6,,,,""
2026-06-16,TBar Grode Griffe,Back,40.0,kgs,6,,,,""
2026-06-16,TBar Grode Griffe,Back,60.0,kgs,3,,,,""
2026-06-16,TBar Grode Griffe,Back,70.0,kgs,8,,,,""
2026-06-16,TBar Grode Griffe,Back,70.0,kgs,7,,,,""
2026-06-16,High Row Unilat,Back,45.0,kgs,9,,,,"Rechts unfongen"
2026-06-16,Golds Gym Biceps Machine Unilat,Biceps,20.0,kgs,3,,,,""
2026-06-16,Golds Gym Biceps Machine Unilat,Biceps,23.75,kgs,10,,,,""
2026-06-16,Golds Gym Biceps Machine Unilat,Biceps,23.75,kgs,7,,,,""
2026-06-16,Preacher Hammer Curl,Biceps,14.0,kgs,10,,,,""
2026-06-18,Flat Bench Pause Reps,Chest,20.0,kgs,12,,,,"Oben 10 unten 4"
2026-06-18,Flat Bench Pause Reps,Chest,60.0,kgs,6,,,,""
2026-06-18,Flat Bench Pause Reps,Chest,80.0,kgs,2,,,,""
2026-06-18,Flat Bench Pause Reps,Chest,100.0,kgs,2,,,,"Ringfinger ring super"
2026-06-18,Barbell Squat,Legs,20.0,kgs,10,,,,"Safetys 4 oben 30"
2026-06-18,Barbell Squat,Legs,60.0,kgs,6,,,,""
2026-06-18,Barbell Squat,Legs,80.0,kgs,2,,,,""
2026-06-18,Barbell Squat,Legs,105.0,kgs,6,,,,""
2026-06-18,Seated Dumbbell Press,Shoulders,22.0,kgs,4,,,,""
2026-06-18,Seated Dumbbell Press,Shoulders,28.0,kgs,9,,,,""
2026-06-18,Cable Overhead Triceps Extension,Triceps,50.0,kgs,12,,,,"Negste 55"
2026-06-18,Cable Overhead Triceps Extension,Triceps,50.0,kgs,9,,,,""
2026-06-18,Lateral Dumbbell Raise,Shoulders,12.0,kgs,8,,,,""
2026-06-18,Lateral Dumbbell Raise,Shoulders,10.0,kgs,10,,,,""
2026-06-18,Flat Bench Pause Reps,Chest,100.0,kgs,2,,,,""
2026-06-18,Barbell Squat,Legs,105.0,kgs,6,,,,""
2026-06-18,Barbell Squat,Legs,105.0,kgs,6,,,,""
2026-06-18,Barbell Squat,Legs,105.0,kgs,6,,,,""
2026-06-18,Barbell Squat,Legs,105.0,kgs,6,,,,""
2026-06-18,Seated Dumbbell Press,Shoulders,28.0,kgs,6,,,,""
2026-06-19,Deadlift,Back,60.0,kgs,12,,,,""
2026-06-19,Deadlift,Back,100.0,kgs,5,,,,""
2026-06-19,Deadlift,Back,135.0,kgs,6,,,,""
2026-06-19,Flat Bench Pause Reps,Chest,20.0,kgs,12,,,,"Oben 10 unten 4 Ringfinger ring super"
2026-06-19,Flat Bench Pause Reps,Chest,60.0,kgs,8,,,,""
2026-06-19,Flat Bench Pause Reps,Chest,82.5,kgs,6,,,,""
2026-06-19,Cable Crunch,Abs,65.0,kgs,6,,,,""
2026-06-19,Cable Crunch,Abs,80.0,kgs,7,,,,"Negste wido 75"
2026-06-19,Deadlift,Back,135.0,kgs,6,,,,""
2026-06-19,Deadlift,Back,135.0,kgs,6,,,,""
2026-06-19,Deadlift,Back,135.0,kgs,6,,,,""
2026-06-19,Deadlift,Back,135.0,kgs,6,,,,""
2026-06-19,Flat Bench Pause Reps,Chest,82.5,kgs,6,,,,""
2026-06-19,Flat Bench Pause Reps,Chest,82.5,kgs,6,,,,""
2026-06-19,Flat Bench Pause Reps,Chest,82.5,kgs,6,,,,""
2026-06-19,Flat Bench Pause Reps,Chest,82.5,kgs,6,,,,""
2026-06-19,Cable Crunch,Abs,80.0,kgs,6,,,,""
2026-06-21,Flat Bench Pause Reps,Chest,20.0,kgs,12,,,,"Oben 10 unten 4 ringfinger"
2026-06-21,Flat Bench Pause Reps,Chest,60.0,kgs,6,,,,""
2026-06-21,Flat Bench Pause Reps,Chest,80.0,kgs,3,,,,""
2026-06-21,Flat Bench Pause Reps,Chest,100.0,kgs,2,,,,""
2026-06-21,Flat Bench Pause Reps,Chest,100.0,kgs,2,,,,""
2026-06-21,Barbell Squat,Legs,20.0,kgs,12,,,,"Safetys 4 oben 30"
2026-06-21,Barbell Squat,Legs,60.0,kgs,6,,,,""
2026-06-21,Barbell Squat,Legs,100.0,kgs,2,,,,""
2026-06-21,Barbell Squat,Legs,130.0,kgs,2,,,,""
2026-06-21,Barbell Squat,Legs,130.0,kgs,2,,,,""
2026-06-21,Leg Extension Machine,Legs,75.0,kgs,6,,,,""
2026-06-21,Leg Extension Machine,Legs,90.0,kgs,3,,,,""
2026-06-21,Leg Extension Machine,Legs,105.0,kgs,10,,,,""
2026-06-21,Leg Extension Machine,Legs,105.0,kgs,8,,,,""
2026-06-21,Leg Curl Machine,Legs,70.0,kgs,6,,,,"Mathe 4 mol rollen stufe 9, hinten 5"
2026-06-21,Leg Curl Machine,Legs,85.0,kgs,4,,,,""
2026-06-21,Leg Curl Machine,Legs,95.0,kgs,11,,,,""
2026-06-21,Leg Curl Machine,Legs,95.0,kgs,8,,,,""
2026-06-24,Deadlift,Back,60.0,kgs,8,,,,""
2026-06-24,Deadlift,Back,100.0,kgs,5,,,,""
2026-06-24,Deadlift,Back,140.0,kgs,1,,,,""
2026-06-24,Deadlift,Back,165.0,kgs,2,,,,""
2026-06-24,Flat Bench Pause Reps,Chest,20.0,kgs,12,,,,"Oben 10 unten 4"
2026-06-24,Flat Bench Pause Reps,Chest,60.0,kgs,6,,,,""
2026-06-24,Flat Bench Pause Reps,Chest,82.5,kgs,6,,,,""
2026-06-24,TBar Grode Griffe,Back,40.0,kgs,6,,,,""
2026-06-24,TBar Grode Griffe,Back,60.0,kgs,3,,,,""
2026-06-24,TBar Grode Griffe,Back,70.0,kgs,8,,,,""
2026-06-24,TBar Grode Griffe,Back,70.0,kgs,7,,,,""
2026-06-24,High Row Unilat,Back,45.0,kgs,10,,,,"Rechts unfongen"
2026-06-24,Golds Gym Biceps Machine Unilat,Biceps,20.0,kgs,3,,,,""
2026-06-24,Golds Gym Biceps Machine Unilat,Biceps,23.75,kgs,8,,,,""
2026-06-24,Golds Gym Biceps Machine Unilat,Biceps,23.75,kgs,7,,,,""
2026-06-24,Preacher Hammer Curl,Biceps,14.0,kgs,10,,,,""
2026-06-24,Deadlift,Back,165.0,kgs,2,,,,""
2026-06-24,Flat Bench Pause Reps,Chest,82.5,kgs,6,,,,""
2026-06-24,Flat Bench Pause Reps,Chest,82.5,kgs,6,,,,""
2026-06-24,Flat Bench Pause Reps,Chest,82.5,kgs,6,,,,""
2026-06-28,Flat Bench Pause Reps,Chest,20.0,kgs,12,,,,"Oben 10 unten 4"
2026-06-28,Flat Bench Pause Reps,Chest,60.0,kgs,6,,,,""
2026-06-28,Flat Bench Pause Reps,Chest,80.0,kgs,2,,,,""
2026-06-28,Flat Bench Pause Reps,Chest,100.0,kgs,2,,,,"Ringfinger ring super"
2026-06-28,Flat Bench Pause Reps,Chest,100.0,kgs,2,,,,""
2026-06-28,Barbell Squat,Legs,20.0,kgs,10,,,,"Safetys 4 oben 30"
2026-06-28,Barbell Squat,Legs,60.0,kgs,6,,,,""
2026-06-28,Barbell Squat,Legs,80.0,kgs,2,,,,"Negste mol 90 zwoated"
2026-06-28,Barbell Squat,Legs,107.5,kgs,6,,,,""
2026-06-28,Seated Dumbbell Press,Shoulders,24.0,kgs,4,,,,""
2026-06-28,Seated Dumbbell Press,Shoulders,30.0,kgs,8,,,,""
2026-06-28,Cable Overhead Triceps Extension,Triceps,55.0,kgs,10,,,,"Negste 55"
2026-06-28,Cable Overhead Triceps Extension,Triceps,55.0,kgs,9,,,,""
2026-06-28,Lateral Dumbbell Raise,Shoulders,10.0,kgs,13,,,,""
2026-06-28,Barbell Squat,Legs,107.5,kgs,6,,,,""
2026-06-28,Barbell Squat,Legs,107.5,kgs,6,,,,""
2026-06-28,Barbell Squat,Legs,107.5,kgs,6,,,,""
2026-06-28,Barbell Squat,Legs,107.5,kgs,6,,,,""
2026-06-28,Seated Dumbbell Press,Shoulders,30.0,kgs,5,,,,""
2026-07-01,Flat Bench Pause Reps,Chest,20.0,kgs,12,,,,"Oben 10 unten 4 Ringfinger ring super"
2026-07-01,Flat Bench Pause Reps,Chest,60.0,kgs,8,,,,""
2026-07-01,Flat Bench Pause Reps,Chest,82.5,kgs,6,,,,""
2026-07-01,Deadlift,Back,60.0,kgs,7,,,,""
2026-07-01,Deadlift,Back,100.0,kgs,5,,,,""
2026-07-01,Deadlift,Back,137.5,kgs,6,,,,""
2026-07-01,Cable Crunch,Abs,60.0,kgs,8,,,,""
2026-07-01,Cable Crunch,Abs,75.0,kgs,10,,,,"Schlechter aufsotz"
2026-07-01,Flat Bench Pause Reps,Chest,82.5,kgs,6,,,,""
2026-07-01,Flat Bench Pause Reps,Chest,82.5,kgs,6,,,,""
2026-07-01,Flat Bench Pause Reps,Chest,82.5,kgs,6,,,,""
2026-07-01,Flat Bench Pause Reps,Chest,82.5,kgs,6,,,,""
2026-07-01,Deadlift,Back,137.5,kgs,6,,,,""
2026-07-01,Deadlift,Back,137.5,kgs,6,,,,""
2026-07-01,Deadlift,Back,137.5,kgs,6,,,,""
2026-07-01,Deadlift,Back,137.5,kgs,6,,,,""
2026-07-03,Flat Bench Pause Reps,Chest,20.0,kgs,12,,,,"Oben 10 unten 4 ringfinger"
2026-07-03,Flat Bench Pause Reps,Chest,60.0,kgs,6,,,,""
2026-07-03,Flat Bench Pause Reps,Chest,80.0,kgs,3,,,,""
2026-07-03,Flat Bench Pause Reps,Chest,100.0,kgs,2,,,,""
2026-07-03,Flat Bench Pause Reps,Chest,100.0,kgs,2,,,,""
2026-07-03,Barbell Squat,Legs,20.0,kgs,10,,,,"Safetys 4 oben 30"
2026-07-03,Barbell Squat,Legs,60.0,kgs,6,,,,""
2026-07-03,Barbell Squat,Legs,100.0,kgs,2,,,,""
2026-07-03,Barbell Squat,Legs,132.5,kgs,2,,,,""
2026-07-03,Barbell Squat,Legs,132.5,kgs,2,,,,""
2026-07-03,Leg Curl Machine,Legs,70.0,kgs,6,,,,"Mathe 4 mol rollen stufe 9, hinten 4?"
2026-07-03,Leg Curl Machine,Legs,85.0,kgs,4,,,,""
2026-07-03,Leg Curl Machine,Legs,95.0,kgs,10,,,,""
2026-07-03,Leg Curl Machine,Legs,95.0,kgs,8,,,,""
2026-07-03,Leg Extension Machine,Legs,75.0,kgs,5,,,,""
2026-07-03,Leg Extension Machine,Legs,90.0,kgs,3,,,,""
2026-07-03,Leg Extension Machine,Legs,105.0,kgs,8,,,,"Oasch maschine ohne einstellung"
2026-07-05,Deadlift,Back,60.0,kgs,8,,,,""
2026-07-05,Deadlift,Back,100.0,kgs,5,,,,""
2026-07-05,Deadlift,Back,140.0,kgs,1,,,,""
2026-07-05,Deadlift,Back,162.5,kgs,2,,,,""
2026-07-05,Deadlift,Back,167.5,kgs,2,,,,""
2026-07-05,Deadlift,Back,167.5,kgs,2,,,,""
2026-07-05,Incline Dumbbell Bench Press,Chest,26.0,kgs,8,,,,"Oben 10 unten 4"
2026-07-05,Incline Dumbbell Bench Press,Chest,40.0,kgs,9,,,,""
2026-07-05,Incline Dumbbell Bench Press,Chest,40.0,kgs,6,,,,""
2026-07-05,Preacher Hammer Curl,Biceps,14.0,kgs,14,,,,""
2026-07-05,Preacher Hammer Curl,Biceps,14.0,kgs,9,,,,""
2026-07-05,High Row Unilat,Back,45.0,kgs,12,,,,"Rechts unfongen"
2026-07-05,High Row Unilat,Back,45.0,kgs,6,,,,""
2026-07-06,Barbell Squat,Legs,20.0,kgs,12,,,,"Safetys 4 oben 30"
2026-07-06,Barbell Squat,Legs,50.0,kgs,6,,,,""
2026-07-06,Barbell Squat,Legs,80.0,kgs,2,,,,"Negste mol 90 zwoated"
2026-07-06,Barbell Squat,Legs,110.0,kgs,6,,,,""
2026-07-06,Barbell Squat,Legs,110.0,kgs,6,,,,""
2026-07-06,Barbell Squat,Legs,110.0,kgs,6,,,,""
2026-07-06,Barbell Squat,Legs,110.0,kgs,6,,,,""
2026-07-06,Barbell Squat,Legs,110.0,kgs,6,,,,""
2026-07-06,Flat Bench Pause Reps,Chest,20.0,kgs,12,,,,"Oben 10 unten 4"
2026-07-06,Flat Bench Pause Reps,Chest,50.0,kgs,6,,,,""
2026-07-06,Flat Bench Pause Reps,Chest,80.0,kgs,3,,,,""
2026-07-06,Flat Bench Pause Reps,Chest,100.0,kgs,2,,,,"Ringfinger ring super"
2026-07-06,Flat Bench Pause Reps,Chest,100.0,kgs,2,,,,""
2026-07-06,Seated Dumbbell Press,Shoulders,20.0,kgs,5,,,,""
2026-07-06,Seated Dumbbell Press,Shoulders,30.0,kgs,7,,,,""
2026-07-06,Seated Dumbbell Press,Shoulders,30.0,kgs,5,,,,""
2026-07-06,Lateral Dumbbell Raise,Shoulders,10.0,kgs,14,,,,""
2026-07-06,Lateral Dumbbell Raise,Shoulders,10.0,kgs,12,,,,""
2026-07-08,Deadlift,Back,60.0,kgs,8,,,,""
2026-07-08,Deadlift,Back,100.0,kgs,5,,,,""
2026-07-08,Deadlift,Back,140.0,kgs,2,,,,""
2026-07-08,Deadlift,Back,160.0,kgs,1,,,,""
2026-07-08,Deadlift,Back,180.0,kgs,1,,,,""
2026-07-08,Deadlift,Back,190.0,kgs,1,,,,""
2026-07-08,Flat Bench Pause Reps,Chest,20.0,kgs,12,,,,""
2026-07-08,Flat Bench Pause Reps,Chest,60.0,kgs,6,,,,""
2026-07-08,Deadlift,Back,200.0,kgs,1,,,,""
2026-07-08,Flat Bench Pause Reps,Chest,82.5,kgs,6,,,,""
2026-07-08,Flat Bench Pause Reps,Chest,82.5,kgs,6,,,,""
2026-07-08,Flat Bench Pause Reps,Chest,82.5,kgs,6,,,,""
2026-07-08,Flat Bench Pause Reps,Chest,82.5,kgs,6,,,,""
2026-07-08,Flat Bench Pause Reps,Chest,82.5,kgs,6,,,,""
2026-07-08,Cable Crunch,Abs,60.0,kgs,6,,,,""
2026-07-08,Cable Crunch,Abs,75.0,kgs,12,,,,""
2026-07-08,Cable Crunch,Abs,75.0,kgs,6,,,,""
2026-07-08,Machine Dip,Triceps,100.0,kgs,6,,,,""
2026-07-11,Incline Dumbbell Bench Press,Chest,28.0,kgs,5,,,,""
2026-07-11,Incline Dumbbell Bench Press,Chest,40.0,kgs,9,,,,""
2026-07-11,Incline Dumbbell Bench Press,Chest,40.0,kgs,6,,,,""
2026-07-11,Barbell Squat,Legs,20.0,kgs,10,,,,"Safetys 4 oben 30"
2026-07-11,Barbell Squat,Legs,60.0,kgs,6,,,,""
2026-07-11,Barbell Squat,Legs,100.0,kgs,2,,,,""
2026-07-11,Barbell Squat,Legs,135.0,kgs,2,,,,""
2026-07-11,Lying Leg Curl Machine,Legs,50.0,kgs,6,,,,"Mathe 4 mol rollen stufe 9, hinten 4?"
2026-07-11,Lying Leg Curl Machine,Legs,70.0,kgs,6,,,,""
2026-07-11,Leg Extension Machine,Legs,75.0,kgs,5,,,,""
2026-07-11,Leg Extension Machine,Legs,90.0,kgs,3,,,,""
2026-07-11,Leg Extension Machine,Legs,105.0,kgs,11,,,,"Oasch maschine ohne einstellung"
2026-07-11,Barbell Squat,Legs,135.0,kgs,2,,,,""
2026-07-11,Lying Leg Curl Machine,Legs,70.0,kgs,6,,,,""
2026-07-11,Leg Extension Machine,Legs,105.0,kgs,7,,,,""
2026-07-11,Leg Press Calfs 1,Legs,85.0,kgs,6,,,,""
2026-07-11,Leg Press Calfs 1,Legs,101.0,kgs,9,,,,""
2026-07-12,Deadlift,Back,60.0,kgs,8,,,,""
2026-07-12,Deadlift,Back,100.0,kgs,5,,,,"Bugel kaputt"
2026-07-12,Incline Dumbbell Bench Press,Chest,28.0,kgs,5,,,,"Oben 10 unten 4"
2026-07-12,Incline Dumbbell Bench Press,Chest,40.0,kgs,7,,,,"Sehr fatigued"
2026-07-12,Incline Dumbbell Bench Press,Chest,40.0,kgs,6,,,,""
2026-07-12,Golds Gym Biceps Machine Unilat,Biceps,20.0,kgs,5,,,,""
2026-07-12,Golds Gym Biceps Machine Unilat,Biceps,25.0,kgs,9,,,,""
2026-07-12,Golds Gym Biceps Machine Unilat,Biceps,25.0,kgs,7,,,,""
2026-07-12,Preacher Hammer Curl,Biceps,16.0,kgs,7,,,,""
2026-07-12,Preacher Hammer Curl,Biceps,16.0,kgs,5,,,,""
2026-07-12,TBar Grode Griffe,Back,40.0,kgs,6,,,,""
2026-07-12,High Row Unilat,Back,45.0,kgs,8,,,,"Rechts unfongen"
2026-07-12,TBar Grode Griffe,Back,60.0,kgs,10,,,,"Broat greifn"
2026-07-12,TBar Grode Griffe,Back,60.0,kgs,6,,,,""
2026-07-12,High Row Unilat,Back,45.0,kgs,8,,,,""
2026-07-14,Barbell Squat,Legs,20.0,kgs,12,,,,"Safetys 4 oben 30"
2026-07-14,Barbell Squat,Legs,60.0,kgs,6,,,,""
2026-07-14,Barbell Squat,Legs,90.0,kgs,2,,,,""
2026-07-14,Barbell Squat,Legs,112.5,kgs,6,,,,""
2026-07-14,Barbell Squat,Legs,112.5,kgs,6,,,,""
2026-07-14,Barbell Squat,Legs,112.5,kgs,6,,,,""
2026-07-14,Barbell Squat,Legs,112.5,kgs,6,,,,""
2026-07-14,Barbell Squat,Legs,112.5,kgs,6,,,,""
2026-07-14,Flat Dumbbell Bench Press,Chest,24.0,kgs,8,,,,""
2026-07-14,Flat Dumbbell Bench Press,Chest,30.0,kgs,5,,,,""
2026-07-14,Flat Dumbbell Bench Press,Chest,36.0,kgs,3,,,,""
2026-07-14,Flat Dumbbell Bench Press,Chest,42.0,kgs,5,,,,"Komisch"
2026-07-14,Flat Dumbbell Bench Press,Chest,42.0,kgs,7,,,,""
2026-07-14,Seated Dumbbell Press,Shoulders,30.0,kgs,5,,,,""
2026-07-14,Cable Overhead Triceps Extension,Triceps,55.0,kgs,10,,,,""
2026-07-14,Cable Overhead Triceps Extension,Triceps,55.0,kgs,9,,,,""
2026-07-14,Lateral Dumbbell Raise,Shoulders,10.0,kgs,17,,,,""
2026-07-14,Lateral Dumbbell Raise,Shoulders,10.0,kgs,12,,,,""
2026-07-16,Deadlift,Back,60.0,kgs,8,,,,""
2026-07-16,Deadlift,Back,100.0,kgs,5,,,,""
2026-07-16,Deadlift,Back,140.0,kgs,6,,,,""
2026-07-16,Incline Bench Dumbell 15,Chest,24.0,kgs,7,,,,"Oben 10 unten 4 Ringfinger ring super"
2026-07-16,Cable Crunch,Abs,60.0,kgs,8,,,,""
2026-07-16,Cable Crunch,Abs,75.0,kgs,10,,,,"Schlechter aufsotz"
2026-07-16,Deadlift,Back,140.0,kgs,6,,,,""
2026-07-16,Deadlift,Back,140.0,kgs,6,,,,""
2026-07-16,Deadlift,Back,140.0,kgs,6,,,,""
2026-07-16,Deadlift,Back,140.0,kgs,6,,,,""
2026-07-16,Incline Bench Dumbell 15,Chest,30.0,kgs,5,,,,""
2026-07-16,Incline Bench Dumbell 15,Chest,36.0,kgs,3,,,,""
2026-07-16,Incline Bench Dumbell 15,Chest,42.0,kgs,8,,,,""
2026-07-16,Incline Bench Dumbell 15,Chest,42.0,kgs,5,,,,""
2026-07-16,Cable Crunch,Abs,75.0,kgs,6,,,,""
2026-07-16,Golds Gym Biceps Machine Unilat,Biceps,20.0,kgs,5,,,,""
2026-07-16,Golds Gym Biceps Machine Unilat,Biceps,25.0,kgs,9,,,,""
2026-07-17,Barbell Squat,Legs,20.0,kgs,8,,,,"Safetys 4 oben 30"
2026-07-17,Barbell Squat,Legs,60.0,kgs,6,,,,""
2026-07-17,Barbell Squat,Legs,100.0,kgs,3,,,,""
2026-07-17,Barbell Squat,Legs,130.0,kgs,1,,,,""
2026-07-17,Barbell Squat,Legs,150.0,kgs,1,,,,""
2026-07-17,Incline Bench Dumbell 15,Chest,28.0,kgs,5,,,,""
2026-07-17,Incline Bench Dumbell 15,Chest,36.0,kgs,3,,,,""
2026-07-17,Incline Bench Dumbell 15,Chest,44.0,kgs,7,,,,""
2026-07-17,Barbell Squat,Legs,160.0,kgs,1,,,,""
2026-07-17,Incline Bench Dumbell 15,Chest,44.0,kgs,5,,,,""
2026-07-19,Deadlift,Back,60.0,kgs,8,,,,""
2026-07-19,Deadlift,Back,100.0,kgs,5,,,,""
2026-07-19,Deadlift,Back,140.0,kgs,1,,,,""
2026-07-19,Deadlift,Back,170.0,kgs,2,,,,""
2026-07-19,Deadlift,Back,170.0,kgs,2,,,,""
2026-07-19,High Row Unilat,Back,45.0,kgs,12,,,,"Rechts unfongen"
2026-07-19,High Row Unilat,Back,45.0,kgs,6,,,,""
2026-07-19,TBar Grode Griffe,Back,40.0,kgs,6,,,,""
2026-07-19,TBar Grode Griffe,Back,50.0,kgs,3,,,,""
2026-07-19,TBar Grode Griffe,Back,60.0,kgs,11,,,,""
2026-07-22,Flat Barbell Bench Press,Chest,20.0,kgs,12,,,,""
2026-07-22,Flat Barbell Bench Press,Chest,60.0,kgs,6,,,,""
2026-07-22,Flat Barbell Bench Press,Chest,80.0,kgs,3,,,,""
2026-07-22,Flat Barbell Bench Press,Chest,100.0,kgs,1,,,,""
2026-07-22,Flat Barbell Bench Press,Chest,120.0,kgs,0,,,,""
2026-07-22,Barbell Squat,Legs,20.0,kgs,8,,,,"Safetys 4 oben 30"
2026-07-22,Barbell Squat,Legs,60.0,kgs,6,,,,""
2026-07-22,Barbell Squat,Legs,100.0,kgs,2,,,,""
2026-07-22,Barbell Squat,Legs,115.0,kgs,6,,,,""
2026-07-22,Seated Dumbbell Press,Shoulders,22.0,kgs,5,,,,""
2026-07-22,Cable Overhead Triceps Extension,Triceps,55.0,kgs,10,,,,""
2026-07-22,Cable Overhead Triceps Extension,Triceps,55.0,kgs,9,,,,""
2026-07-22,Lateral Dumbbell Raise,Shoulders,12.0,kgs,12,,,,""
2026-07-22,Lateral Dumbbell Raise,Shoulders,10.0,kgs,11,,,,""
2026-07-22,Barbell Squat,Legs,115.0,kgs,6,,,,""
2026-07-22,Barbell Squat,Legs,115.0,kgs,6,,,,""
2026-07-22,Barbell Squat,Legs,115.0,kgs,6,,,,""
2026-07-22,Barbell Squat,Legs,115.0,kgs,6,,,,""
2026-07-22,Seated Dumbbell Press,Shoulders,30.0,kgs,8,,,,""
2026-07-22,Seated Dumbbell Press,Shoulders,30.0,kgs,6,,,,""
2026-07-24,Deadlift,Back,60.0,kgs,8,,,,""
2026-07-24,Deadlift,Back,100.0,kgs,5,,,,""
2026-07-24,Deadlift,Back,140.0,kgs,6,,,,""
2026-07-24,Deadlift,Back,140.0,kgs,6,,,,""
2026-07-24,Deadlift,Back,140.0,kgs,6,,,,""
2026-07-24,Deadlift,Back,140.0,kgs,6,,,,""
2026-07-24,Deadlift,Back,140.0,kgs,6,,,,""
2026-07-24,Cable Crunch,Abs,60.0,kgs,8,,,,""
2026-07-24,Cable Crunch,Abs,75.0,kgs,12,,,,"Schlechter aufsotz"
2026-07-24,Cable Crunch,Abs,75.0,kgs,6,,,,""
2026-07-24,Golds Gym Biceps Machine Unilat,Biceps,20.0,kgs,5,,,,""
2026-07-24,Golds Gym Biceps Machine Unilat,Biceps,25.0,kgs,9,,,,""
2026-07-24,Machine Dip,Triceps,80.0,kgs,6,,,,""
2026-07-24,Machine Dip,Triceps,120.0,kgs,12,,,,""
2026-07-24,Machine Dip,Triceps,120.0,kgs,9,,,,""
2026-07-26,Incline Bench Dumbell 15,Chest,22.0,kgs,8,,,,""
2026-07-26,Incline Bench Dumbell 15,Chest,30.0,kgs,4,,,,""
2026-07-26,Incline Bench Dumbell 15,Chest,38.0,kgs,2,,,,""
2026-07-26,Barbell Squat,Legs,20.0,kgs,8,,,,"Safetys 4 oben 30"
2026-07-26,Barbell Squat,Legs,60.0,kgs,6,,,,""
2026-07-26,Barbell Squat,Legs,100.0,kgs,3,,,,""
2026-07-26,Barbell Squat,Legs,120.0,kgs,1,,,,""
2026-07-26,Barbell Squat,Legs,140.0,kgs,2,,,,"Chilltn schun"
2026-07-26,Lying Leg Curl Machine,Legs,50.0,kgs,6,,,,"Mathe 4 mol rollen stufe 9, hinten 4?"
2026-07-26,Lying Leg Curl Machine,Legs,70.0,kgs,7,,,,"Hinten 13 und 9"
2026-07-26,Lying Leg Curl Machine,Legs,70.0,kgs,5,,,,""
2026-07-26,Leg Extension Machine,Legs,75.0,kgs,6,,,,""
2026-07-26,Leg Extension Machine,Legs,90.0,kgs,3,,,,""
2026-07-26,Leg Extension Machine,Legs,105.0,kgs,12,,,,"Negste 110"
2026-07-26,Leg Extension Machine,Legs,105.0,kgs,7,,,,""
2026-07-26,Incline Bench Dumbell 15,Chest,44.0,kgs,7,,,,"Rechts schwächer bisl weagetun"
2026-07-26,Incline Bench Dumbell 15,Chest,44.0,kgs,5,,,,""
2026-07-26,Barbell Squat,Legs,140.0,kgs,1,,,,"2. Vorgerutscht war schun gong"
2026-07-26,Leg Press Komisch,Legs,200.0,kgs,6,,,,""
2026-07-26,Leg Press Komisch,Legs,240.0,kgs,4,,,,""
2026-07-26,Leg Press Komisch,Legs,280.0,kgs,3,,,,""
2026-07-26,Leg Press Komisch,Legs,320.0,kgs,2,,,,""
2026-07-26,Leg Press Komisch,Legs,360.0,kgs,4,,,,""
2026-07-27,Deadlift,Back,20.0,kgs,12,,,,"Longsom stretch fokus"
2026-07-27,Deadlift,Back,60.0,kgs,8,,,,""
2026-07-27,Deadlift,Back,100.0,kgs,5,,,,""
2026-07-27,Deadlift,Back,140.0,kgs,1,,,,""
2026-07-27,Deadlift,Back,172.5,kgs,2,,,,""
2026-07-27,Deadlift,Back,172.5,kgs,1,,,,"1 grip"
2026-07-27,Preacher Hammer Curl,Biceps,12.0,kgs,6,,,,""
2026-07-27,Preacher Hammer Curl,Biceps,16.0,kgs,12,,,,""
2026-07-27,Golds Gym Biceps Machine Unilat,Biceps,20.0,kgs,5,,,,""
2026-07-27,Golds Gym Biceps Machine Unilat,Biceps,25.0,kgs,9,,,,""
2026-07-27,TBar Grode Griffe,Back,40.0,kgs,6,,,,""
2026-07-27,TBar Grode Griffe,Back,50.0,kgs,3,,,,""
2026-07-27,TBar Grode Griffe,Back,60.0,kgs,10,,,,""
2026-07-27,High Row Unilat,Back,45.0,kgs,9,,,,"Rechts unfongen"
2026-07-27,Preacher Hammer Curl,Biceps,16.0,kgs,9,,,,""
2026-07-27,Golds Gym Biceps Machine Unilat,Biceps,25.0,kgs,6,,,,""
2026-07-27,TBar Grode Griffe,Back,60.0,kgs,7,,,,""
2026-07-27,Straightbar Cable Wristcurl,Forearm,50.0,kgs,6,,,,""
2026-07-27,Straightbar Cable Wristcurl,Forearm,70.0,kgs,7,,,,""
2026-07-27,Straightbar Cable Wristcurl,Forearm,80.0,kgs,7,,,,""
2026-07-27,Straightbar Cable Wristcurl,Forearm,90.0,kgs,4,,,,"Vorrutschen"
2026-07-27,Straightbar Cable Wristcurl,Forearm,85.0,kgs,11,,,,""
2026-07-27,Forarm Curl Dumbell Unilat,Forearm,12.0,kgs,4,,,,""
2026-07-27,Forarm Curl Dumbell Unilat,Forearm,16.0,kgs,6,,,,""
2026-07-29,Incline Bench Dumbell 15,Chest,22.0,kgs,8,,,,""
2026-07-29,Incline Bench Dumbell 15,Chest,30.0,kgs,4,,,,""
2026-07-29,Incline Bench Dumbell 15,Chest,38.0,kgs,2,,,,""
2026-07-29,Incline Bench Dumbell 15,Chest,44.0,kgs,6,,,,""
2026-07-29,Barbell Squat,Legs,20.0,kgs,12,,,,"Safetys 4 oben 30"
2026-07-29,Barbell Squat,Legs,60.0,kgs,6,,,,""
2026-07-29,Barbell Squat,Legs,100.0,kgs,2,,,,""
2026-07-29,Barbell Squat,Legs,117.5,kgs,6,,,,""
2026-07-29,Seated Dumbbell Press,Shoulders,22.0,kgs,5,,,,""
2026-07-29,Seated Dumbbell Press,Shoulders,22.0,kgs,19,,,,"Partials"
2026-07-29,Seated Dumbbell Press,Shoulders,22.0,kgs,12,,,,""
2026-07-29,Machine Dip,Triceps,70.0,kgs,10,,,,"Griffe innen"
2026-07-29,Machine Dip,Triceps,100.0,kgs,5,,,,""
2026-07-29,Lateral Dumbbell Raise,Shoulders,10.0,kgs,15,,,,""
2026-07-29,Lateral Dumbbell Raise,Shoulders,10.0,kgs,12,,,,""
2026-07-29,Incline Bench Dumbell 15,Chest,44.0,kgs,5,,,,""
2026-07-29,Barbell Squat,Legs,117.5,kgs,6,,,,""
2026-07-29,Barbell Squat,Legs,117.5,kgs,6,,,,""
2026-07-29,Barbell Squat,Legs,117.5,kgs,6,,,,""
2026-07-29,Barbell Squat,Legs,117.5,kgs,6,,,,""
2026-07-29,Machine Dip,Triceps,130.0,kgs,14,,,,""
2026-07-29,Machine Dip,Triceps,140.0,kgs,11,,,,""
2026-07-31,Deadlift,Back,20.0,kgs,12,,,,""
2026-07-31,Deadlift,Back,60.0,kgs,8,,,,""
2026-07-31,Deadlift,Back,100.0,kgs,5,,,,""
2026-07-31,Deadlift,Back,130.0,kgs,2,,,,""
2026-07-31,Deadlift,Back,142.5,kgs,6,,,,""
2026-07-31,Deadlift,Back,142.5,kgs,6,,,,""
2026-07-31,Deadlift,Back,142.5,kgs,6,,,,""
2026-07-31,Deadlift,Back,142.5,kgs,6,,,,""
2026-07-31,Deadlift,Back,142.5,kgs,6,,,,""
2026-07-31,Golds Gym Biceps Machine Unilat,Biceps,20.0,kgs,5,,,,""
2026-07-31,Golds Gym Biceps Machine Unilat,Biceps,25.0,kgs,11,,,,""
2026-07-31,Golds Gym Biceps Machine Unilat,Biceps,25.0,kgs,8,,,,""
2026-07-31,Machine Dip,Triceps,70.0,kgs,10,,,,""
2026-07-31,Machine Dip,Triceps,100.0,kgs,5,,,,""
2026-07-31,Machine Dip,Triceps,130.0,kgs,2,,,,""
2026-07-31,Cable Crunch,Abs,60.0,kgs,8,,,,""
2026-07-31,Cable Crunch,Abs,75.0,kgs,10,,,,"Schlechter aufsotz"
2026-07-31,Cable Crunch,Abs,75.0,kgs,7,,,,""
2026-07-31,Machine Dip,Triceps,150.0,kgs,10,,,,""
2026-07-31,Machine Dip,Triceps,150.0,kgs,8,,,,""
2026-08-02,Incline Bench Dumbell 15,Chest,20.0,kgs,8,,,,""
2026-08-02,Incline Bench Dumbell 15,Chest,28.0,kgs,6,,,,""
2026-08-02,Incline Bench Dumbell 15,Chest,38.0,kgs,2,,,,""
2026-08-02,Incline Bench Dumbell 15,Chest,44.0,kgs,6,,,,"Rechts schwächer bisl weagetun"
2026-08-02,Incline Bench Dumbell 15,Chest,44.0,kgs,5,,,,""
2026-08-02,Barbell Squat,Legs,20.0,kgs,10,,,,"Safetys 4 oben 30"
2026-08-02,Barbell Squat,Legs,60.0,kgs,6,,,,""
2026-08-02,Barbell Squat,Legs,100.0,kgs,3,,,,""
2026-08-02,Barbell Squat,Legs,120.0,kgs,1,,,,""
2026-08-02,Barbell Squat,Legs,142.5,kgs,2,,,,""
2026-08-02,Lying Leg Curl Machine,Legs,50.0,kgs,6,,,,""
2026-08-02,Lying Leg Curl Machine,Legs,70.0,kgs,8,,,,"Hinten 13 und 9"
2026-08-02,Lying Leg Curl Machine,Legs,70.0,kgs,6,,,,""
2026-08-02,Leg Extension Machine,Legs,75.0,kgs,6,,,,""
2026-08-02,Leg Extension Machine,Legs,90.0,kgs,3,,,,""
2026-08-02,Leg Extension Machine,Legs,105.0,kgs,9,,,,"Negste 110 curset"
2026-08-02,Leg Extension Machine,Legs,105.0,kgs,6,,,,""
2026-08-02,Leg Press Komisch,Legs,200.0,kgs,6,,,,""
2026-08-02,Leg Press Komisch,Legs,240.0,kgs,4,,,,""
2026-08-02,Leg Press Komisch,Legs,280.0,kgs,3,,,,""
2026-08-02,Leg Press Komisch,Legs,320.0,kgs,2,,,,""
2026-08-02,Leg Press Komisch,Legs,360.0,kgs,4,,,,""
2026-08-02,Barbell Squat,Legs,142.5,kgs,1,,,,"Ungstoasn"
2026-08-03,Deadlift,Back,20.0,kgs,12,,,,"Longsom stretch fokus"
2026-08-03,Deadlift,Back,60.0,kgs,8,,,,""
2026-08-03,Deadlift,Back,100.0,kgs,5,,,,""
2026-08-03,Deadlift,Back,140.0,kgs,1,,,,""
2026-08-03,Deadlift,Back,175.0,kgs,1,,,,"Grip 2."
2026-08-03,Deadlift,Back,175.0,kgs,2,,,,"Straps"
2026-08-03,TBar Grode Griffe,Back,40.0,kgs,6,,,,""
2026-08-03,TBar Grode Griffe,Back,50.0,kgs,3,,,,""
2026-08-03,TBar Grode Griffe,Back,60.0,kgs,11,,,,""
2026-08-03,TBar Grode Griffe,Back,60.0,kgs,7,,,,""
2026-08-03,High Row Unilat,Back,45.0,kgs,10,,,,"Rechts unfongen"
2026-08-03,Pullover Machine,Back,45.0,kgs,5,,,,"Maschine schlecht"
2026-08-03,Lat Pulldown,Back,65.0,kgs,6,,,,""
2026-08-03,Lat Pulldown,Back,77.0,kgs,11,,,,""
2026-08-03,Forarm Curl Dumbell Unilat,Forearm,12.0,kgs,4,,,,""
2026-08-03,Forarm Curl Dumbell Unilat,Forearm,14.0,kgs,12,,,,""
2026-08-03,Forarm Curl Dumbell Unilat,Forearm,14.0,kgs,8,,,,""